{"type":"FeatureCollection","features":[{"type":"Feature","properties":{"name":"Node","marker-size":"small","marker-color":"#666666"},"geometry":{"type":"Point","coordinates":[20.370846697798612,47.922190829494824]}},{"type":"Feature","properties":{"name":"Node","marker-size":"small","marker-color":"#666666"},"geometry":{"type":"Point","coordinates":[21.578261807095338,47.54314252385621]}},{"type":"Feature","properties":{"name":"Node","marker-size":"small","marker-color":"#666666"},"geometry":{"type":"Point","coordinates":[19.051605,47.4597928]}},{"type":"Feature","properties":{"name":"Node","marker-size":"small","marker-color":"#666666"},"geometry":{"type":"Point","coordinates":[19.66567255967213,46.89388032491888]}},{"type":"Feature","properties":{"name":"Node","marker-size":"small","marker-color":"#666666"},"geometry":{"type":"Point","coordinates":[17.54951437329812,47.1156333092935]}},{"type":"Feature","properties":{"name":"Node","marker-size":"small","marker-color":"#666666"},"geometry":{"type":"Point","coordinates":[17.924450624249715,47.082878445888475]}},{"type":"Feature","properties":{"name":"Node","marker-size":"small","marker-color":"#666666"},"geometry":{"type":"Point","coordinates":[19.2487338,47.416617]}},{"type":"Feature","properties":{"name":"Node","marker-size":"small","marker-color":"#666666"},"geometry":{"type":"Point","coordinates":[18.9966247,47.33701249999999]}},{"type":"Feature","properties":{"name":"Node","marker-size":"small","marker-color":"#666666"},"geometry":{"type":"Point","coordinates":[16.6214694,47.2554186]}},{"type":"Feature","properties":{"name":"Node","marker-size":"small","marker-color":"#666666"},"geometry":{"type":"Point","coordinates":[18.415837167878838,47.214148834171176]}},{"type":"Feature","properties":{"name":"Node","marker-size":"small","marker-color":"#666666"},"geometry":{"type":"Point","coordinates":[16.611875226879608,47.673409193132635]}},{"type":"Feature","properties":{"name":"Node","marker-size":"small","marker-color":"#666666"},"geometry":{"type":"Point","coordinates":[18.0577685,46.89107449999998]}},{"type":"Feature","properties":{"name":"Node","marker-size":"small","marker-color":"#666666"},"geometry":{"type":"Point","coordinates":[18.175310384188922,46.06398063136396]}},{"type":"Feature","properties":{"name":"Node","marker-size":"small","marker-color":"#666666"},"geometry":{"type":"Point","coordinates":[17.4451241,47.3227523]}},{"type":"Feature","properties":{"name":"Node","marker-size":"small","marker-color":"#666666"},"geometry":{"type":"Point","coordinates":[21.7416836,47.9690069]}},{"type":"Feature","properties":{"name":"Node","marker-size":"small","marker-color":"#666666"},"geometry":{"type":"Point","coordinates":[17.0068359,46.46439139999999]}},{"type":"Feature","properties":{"name":"Node","marker-size":"small","marker-color":"#666666"},"geometry":{"type":"Point","coordinates":[20.7988035,48.05437149999999]}},{"type":"Feature","properties":{"name":"Node","marker-size":"small","marker-color":"#666666"},"geometry":{"type":"Point","coordinates":[17.258492,46.778453]}},{"type":"Feature","properties":{"name":"Node","marker-size":"small","marker-color":"#666666"},"geometry":{"type":"Point","coordinates":[17.6623951,47.6951717]}},{"type":"Feature","properties":{"name":"Node","marker-size":"small","marker-color":"#666666"},"geometry":{"type":"Point","coordinates":[18.9349077,46.9598336]}},{"type":"Feature","properties":{"name":"Node","marker-size":"small","marker-color":"#666666"},"geometry":{"type":"Point","coordinates":[19.0611159,47.6139443]}},{"type":"Feature","properties":{"name":"Node","marker-size":"small","marker-color":"#666666"},"geometry":{"type":"Point","coordinates":[20.119677939676503,46.24356647031746]}},{"type":"Feature","properties":{"name":"Node","marker-size":"small","marker-color":"#666666"},"geometry":{"type":"Point","coordinates":[20.1966338,47.15730420000001]}},{"type":"Feature","properties":{"name":"Node","marker-size":"small","marker-color":"#666666"},"geometry":{"type":"Point","coordinates":[18.727704362779217,47.72896832123981]}},{"type":"Feature","properties":{"name":"Node","marker-size":"small","marker-color":"#666666"},"geometry":{"type":"Point","coordinates":[20.290064098078524,46.84223102610568]}},{"type":"Feature","properties":{"name":"Node","marker-size":"small","marker-color":"#666666"},"geometry":{"type":"Point","coordinates":[19.0530642,47.50224020000001]}},{"type":"Feature","properties":{"name":"Node","marker-size":"small","marker-color":"#666666"},"geometry":{"type":"Point","coordinates":[19.0708997,47.4974563]}},{"type":"Feature","properties":{"name":"Node","marker-size":"small","marker-color":"#666666"},"geometry":{"type":"Point","coordinates":[19.0555187,47.4929061]}},{"type":"Feature","properties":{"name":"Node","marker-size":"small","marker-color":"#666666"},"geometry":{"type":"Point","coordinates":[18.9633604,47.5452934]}},{"type":"Feature","properties":{"name":"Node","marker-size":"small","marker-color":"#666666"},"geometry":{"type":"Point","coordinates":[19.0581355,47.517744]}},{"type":"Feature","properties":{"name":"Node","marker-size":"small","marker-color":"#666666"},"geometry":{"type":"Point","coordinates":[19.1084243,47.49532490000001]}},{"type":"Feature","properties":{"name":"Node","marker-size":"small","marker-color":"#666666"},"geometry":{"type":"Point","coordinates":[21.596055,47.542919600000005]}},{"type":"Feature","properties":{"name":"Node","marker-size":"small","marker-color":"#666666"},"geometry":{"type":"Point","coordinates":[19.0772099,47.48611499999999]}},{"type":"Feature","properties":{"name":"Node","marker-size":"small","marker-color":"#666666"},"geometry":{"type":"Point","coordinates":[21.65104770114156,47.52949973493464]}},{"type":"Feature","properties":{"name":"Node","marker-size":"small","marker-color":"#666666"},"geometry":{"type":"Point","coordinates":[19.0716523,47.507148699999995]}},{"type":"Feature","properties":{"name":"Node","marker-size":"small","marker-color":"#666666"},"geometry":{"type":"Point","coordinates":[19.132299261989008,47.78738590927731]}},{"type":"Feature","properties":{"name":"Node","marker-size":"small","marker-color":"#666666"},"geometry":{"type":"Point","coordinates":[19.055418,47.50892899999999]}},{"type":"Feature","properties":{"name":"Node","marker-size":"small","marker-color":"#666666"},"geometry":{"type":"Point","coordinates":[19.7401975,47.415713399999994]}},{"type":"Feature","properties":{"name":"Node","marker-size":"small","marker-color":"#666666"},"geometry":{"type":"Point","coordinates":[19.1144898,47.46195279999999]}},{"type":"Feature","properties":{"name":"Node","marker-size":"small","marker-color":"#666666"},"geometry":{"type":"Point","coordinates":[18.211984025802067,46.040934225800335]}},{"type":"Feature","properties":{"name":"Node","marker-size":"small","marker-color":"#666666"},"geometry":{"type":"Point","coordinates":[18.2059034638022,46.0711524952336]}},{"type":"Feature","properties":{"name":"Node","marker-size":"small","marker-color":"#666666"},"geometry":{"type":"Point","coordinates":[19.0806792,47.5317294]}},{"type":"Feature","properties":{"name":"Node","marker-size":"small","marker-color":"#666666"},"geometry":{"type":"Point","coordinates":[19.047937074145064,47.58039742018136]}},{"type":"Feature","properties":{"name":"Node","marker-size":"small","marker-color":"#666666"},"geometry":{"type":"Point","coordinates":[17.922302152129063,47.0870973811239]}},{"type":"Feature","properties":{"name":"Node","marker-size":"small","marker-color":"#666666"},"geometry":{"type":"Point","coordinates":[19.288653,46.6233118]}},{"type":"Feature","properties":{"name":"Node","marker-size":"small","marker-color":"#666666"},"geometry":{"type":"Point","coordinates":[16.83385047884595,46.83974692745913]}},{"type":"Feature","properties":{"name":"Node","marker-size":"small","marker-color":"#666666"},"geometry":{"type":"Point","coordinates":[19.7102341,46.91317799999999]}},{"type":"Feature","properties":{"name":"Node","marker-size":"small","marker-color":"#666666"},"geometry":{"type":"Point","coordinates":[17.2625946,47.877068]}},{"type":"Feature","properties":{"name":"Node","marker-size":"small","marker-color":"#666666"},"geometry":{"type":"Point","coordinates":[21.1237402,46.77207859999999]}},{"type":"Feature","properties":{"name":"Node","marker-size":"small","marker-color":"#666666"},"geometry":{"type":"Point","coordinates":[19.6735237,47.6692968]}},{"type":"Feature","properties":{"name":"Node","marker-size":"small","marker-color":"#666666"},"geometry":{"type":"Point","coordinates":[19.47275410162074,47.65085285419068]}},{"type":"Feature","properties":{"name":"Node","marker-size":"small","marker-color":"#666666"},"geometry":{"type":"Point","coordinates":[20.128306622574197,46.26112026345382]}},{"type":"Feature","properties":{"name":"Node","marker-size":"small","marker-color":"#666666"},"geometry":{"type":"Point","coordinates":[19.095408500230203,47.56563918113605]}},{"type":"Feature","properties":{"name":"Node","marker-size":"small","marker-color":"#666666"},"geometry":{"type":"Point","coordinates":[19.3250687,47.62345909999999]}},{"type":"Feature","properties":{"name":"Node","marker-size":"small","marker-color":"#666666"},"geometry":{"type":"Point","coordinates":[19.270082641822405,47.65853395947676]}},{"type":"Feature","properties":{"name":"Node","marker-size":"small","marker-color":"#666666"},"geometry":{"type":"Point","coordinates":[18.9223984,47.5037957]}},{"type":"Feature","properties":{"name":"Node","marker-size":"small","marker-color":"#666666"},"geometry":{"type":"Point","coordinates":[19.07786460704107,47.559106107780245]}},{"type":"Feature","properties":{"name":"Node","marker-size":"small","marker-color":"#666666"},"geometry":{"type":"Point","coordinates":[19.01073775362,47.59048622656551]}},{"type":"Feature","properties":{"name":"Node","marker-size":"small","marker-color":"#666666"},"geometry":{"type":"Point","coordinates":[18.9616427,47.4502484]}},{"type":"Feature","properties":{"name":"Node","marker-size":"small","marker-color":"#666666"},"geometry":{"type":"Point","coordinates":[18.9302923,47.59628650000001]}},{"type":"Feature","properties":{"name":"Node","marker-size":"small","marker-color":"#666666"},"geometry":{"type":"Point","coordinates":[19.226154282121758,47.48532116347581]}},{"type":"Feature","properties":{"name":"Node","marker-size":"small","marker-color":"#666666"},"geometry":{"type":"Point","coordinates":[19.2003463,47.434209700000004]}},{"type":"Feature","properties":{"name":"Node","marker-size":"small","marker-color":"#666666"},"geometry":{"type":"Point","coordinates":[19.0487861,47.4785672]}},{"type":"Feature","properties":{"name":"Node","marker-size":"small","marker-color":"#666666"},"geometry":{"type":"Point","coordinates":[19.0497403,47.5060996]}},{"type":"Feature","properties":{"name":"Node","marker-size":"small","marker-color":"#666666"},"geometry":{"type":"Point","coordinates":[19.084193469564667,47.49303316003501]}},{"type":"Feature","properties":{"name":"Node","marker-size":"small","marker-color":"#666666"},"geometry":{"type":"Point","coordinates":[18.754036767032318,47.77369318281225]}},{"type":"Feature","properties":{"name":"Node","marker-size":"small","marker-color":"#666666"},"geometry":{"type":"Point","coordinates":[19.0314017,47.5079713]}},{"type":"Feature","properties":{"name":"Node","marker-size":"small","marker-color":"#666666"},"geometry":{"type":"Point","coordinates":[19.79033550142739,48.076366847164984]}},{"type":"Feature","properties":{"name":"Node","marker-size":"small","marker-color":"#666666"},"geometry":{"type":"Point","coordinates":[19.336681928696418,47.61195560636448]}},{"type":"Feature","properties":{"name":"Node","marker-size":"small","marker-color":"#666666"},"geometry":{"type":"Point","coordinates":[17.636463205508402,47.66247439041894]}},{"type":"Feature","properties":{"name":"Node","marker-size":"small","marker-color":"#666666"},"geometry":{"type":"Point","coordinates":[16.6451992,47.23799029999999]}},{"type":"Feature","properties":{"name":"Node","marker-size":"small","marker-color":"#666666"},"geometry":{"type":"Point","coordinates":[18.610896814093422,47.19869700560279]}},{"type":"Feature","properties":{"name":"Node","marker-size":"small","marker-color":"#666666"},"geometry":{"type":"Point","coordinates":[20.380837273314018,47.86960471707573]}},{"type":"Feature","properties":{"name":"Node","marker-size":"small","marker-color":"#666666"},"geometry":{"type":"Point","coordinates":[19.130296426988867,47.416247181730945]}},{"type":"Feature","properties":{"name":"Node","marker-size":"small","marker-color":"#666666"},"geometry":{"type":"Point","coordinates":[16.5693314,47.6857935]}},{"type":"Feature","properties":{"name":"Node","marker-size":"small","marker-color":"#666666"},"geometry":{"type":"Point","coordinates":[19.074957407430873,47.435642525890124]}},{"type":"Feature","properties":{"name":"Node","marker-size":"small","marker-color":"#666666"},"geometry":{"type":"Point","coordinates":[21.5115272,47.66223489999999]}},{"type":"Feature","properties":{"name":"Node","marker-size":"small","marker-color":"#666666"},"geometry":{"type":"Point","coordinates":[21.682349,47.795592]}},{"type":"Feature","properties":{"name":"Node","marker-size":"small","marker-color":"#666666"},"geometry":{"type":"Point","coordinates":[20.280094,47.5919481]}},{"type":"Feature","properties":{"name":"Node","marker-size":"small","marker-color":"#666666"},"geometry":{"type":"Point","coordinates":[19.1092551,47.385892500000004]}},{"type":"Feature","properties":{"name":"Node","marker-size":"small","marker-color":"#666666"},"geometry":{"type":"Point","coordinates":[19.024795,47.560269]}},{"type":"Feature","properties":{"name":"Node","marker-size":"small","marker-color":"#666666"},"geometry":{"type":"Point","coordinates":[21.0280893,47.93754499999999]}},{"type":"Feature","properties":{"name":"Node","marker-size":"small","marker-color":"#666666"},"geometry":{"type":"Point","coordinates":[18.922569,47.3793298]}},{"type":"Feature","properties":{"name":"Node","marker-size":"small","marker-color":"#666666"},"geometry":{"type":"Point","coordinates":[17.0992893,46.255414900000005]}},{"type":"Feature","properties":{"name":"Node","marker-size":"small","marker-color":"#666666"},"geometry":{"type":"Point","coordinates":[19.889512276993475,47.49062641764529]}},{"type":"Feature","properties":{"name":"Node","marker-size":"small","marker-color":"#666666"},"geometry":{"type":"Point","coordinates":[18.24868190709083,46.925479280134645]}},{"type":"Feature","properties":{"name":"Node","marker-size":"small","marker-color":"#666666"},"geometry":{"type":"Point","coordinates":[17.410619128383082,46.584788202628204]}},{"type":"Feature","properties":{"name":"Node","marker-size":"small","marker-color":"#666666"},"geometry":{"type":"Point","coordinates":[17.56907428866325,46.751889001819336]}},{"type":"Feature","properties":{"name":"Node","marker-size":"small","marker-color":"#666666"},"geometry":{"type":"Point","coordinates":[19.2004606,47.5050433]}},{"type":"Feature","properties":{"name":"Node","marker-size":"small","marker-color":"#666666"},"geometry":{"type":"Point","coordinates":[19.1189547,47.4512535]}},{"type":"Feature","properties":{"name":"Node","marker-size":"small","marker-color":"#666666"},"geometry":{"type":"Point","coordinates":[17.614731674575513,47.67847185609611]}},{"type":"Feature","properties":{"name":"Node","marker-size":"small","marker-color":"#666666"},"geometry":{"type":"Point","coordinates":[19.00411784946149,46.80615809496443]}},{"type":"Feature","properties":{"name":"Node","marker-size":"small","marker-color":"#666666"},"geometry":{"type":"Point","coordinates":[21.19514,48.15465]}},{"type":"Feature","properties":{"name":"Node","marker-size":"small","marker-color":"#666666"},"geometry":{"type":"Point","coordinates":[20.918648853483003,46.4056267839078]}},{"type":"Feature","properties":{"name":"Node","marker-size":"small","marker-color":"#666666"},"geometry":{"type":"Point","coordinates":[20.611993477434115,47.00225156824177]}},{"type":"Feature","properties":{"name":"Node","marker-size":"small","marker-color":"#666666"},"geometry":{"type":"Point","coordinates":[21.120285,47.320892]}},{"type":"Feature","properties":{"name":"Node","marker-size":"small","marker-color":"#666666"},"geometry":{"type":"Point","coordinates":[21.166619,47.01582659999999]}},{"type":"Feature","properties":{"name":"Node","marker-size":"small","marker-color":"#666666"},"geometry":{"type":"Point","coordinates":[19.0365286,47.4470553]}},{"type":"Feature","properties":{"name":"Node","marker-size":"small","marker-color":"#666666"},"geometry":{"type":"Point","coordinates":[20.4173477,47.179913799999994]}},{"type":"Feature","properties":{"name":"Node","marker-size":"small","marker-color":"#666666"},"geometry":{"type":"Point","coordinates":[18.9347803,46.1829537]}},{"type":"Feature","properties":{"name":"Node","marker-size":"small","marker-color":"#666666"},"geometry":{"type":"Point","coordinates":[19.11043549442651,47.47285153522512]}},{"type":"Feature","properties":{"name":"Node","marker-size":"small","marker-color":"#666666"},"geometry":{"type":"Point","coordinates":[21.654763331053303,48.38803292085462]}},{"type":"Feature","properties":{"name":"Node","marker-size":"small","marker-color":"#666666"},"geometry":{"type":"Point","coordinates":[18.9464169,46.95960259999999]}},{"type":"Feature","properties":{"name":"Node","marker-size":"small","marker-color":"#666666"},"geometry":{"type":"Point","coordinates":[19.1706253,47.4459992]}},{"type":"Feature","properties":{"name":"Node","marker-size":"small","marker-color":"#666666"},"geometry":{"type":"Point","coordinates":[17.6429117,47.6836728]}},{"type":"Feature","properties":{"name":"Node","marker-size":"small","marker-color":"#666666"},"geometry":{"type":"Point","coordinates":[16.8643443,46.84512200000001]}},{"type":"Feature","properties":{"name":"Node","marker-size":"small","marker-color":"#666666"},"geometry":{"type":"Point","coordinates":[19.9276111,47.7760106]}},{"type":"Feature","properties":{"name":"Node","marker-size":"small","marker-color":"#666666"},"geometry":{"type":"Point","coordinates":[20.6547035,46.5541327]}},{"type":"Feature","properties":{"name":"Node","marker-size":"small","marker-color":"#666666"},"geometry":{"type":"Point","coordinates":[21.5982247,47.525592700000004]}},{"type":"Feature","properties":{"name":"Node","marker-size":"small","marker-color":"#666666"},"geometry":{"type":"Point","coordinates":[18.851764342583007,46.61187720924587]}},{"type":"Feature","properties":{"name":"Node","marker-size":"small","marker-color":"#666666"},"geometry":{"type":"Point","coordinates":[19.1502562,47.5412808]}},{"type":"Feature","properties":{"name":"Node","marker-size":"small","marker-color":"#666666"},"geometry":{"type":"Point","coordinates":[18.028235262621898,46.90006274216638]}},{"type":"Feature","properties":{"name":"Node","marker-size":"small","marker-color":"#666666"},"geometry":{"type":"Point","coordinates":[19.7743724,47.02121469999999]}},{"type":"Feature","properties":{"name":"Node","marker-size":"small","marker-color":"#666666"},"geometry":{"type":"Point","coordinates":[20.7461539,48.09973]}},{"type":"Feature","properties":{"name":"Node","marker-size":"small","marker-color":"#666666"},"geometry":{"type":"Point","coordinates":[18.629882872840128,47.499686235476496]}},{"type":"Feature","properties":{"name":"Node","marker-size":"small","marker-color":"#666666"},"geometry":{"type":"Point","coordinates":[19.160769229063984,47.53465635401323]}},{"type":"Feature","properties":{"name":"Node","marker-size":"small","marker-color":"#666666"},"geometry":{"type":"Point","coordinates":[18.263524,46.0847365]}},{"type":"Feature","properties":{"name":"Node","marker-size":"small","marker-color":"#666666"},"geometry":{"type":"Point","coordinates":[18.316015,47.6520795]}},{"type":"Feature","properties":{"name":"Node","marker-size":"small","marker-color":"#666666"},"geometry":{"type":"Point","coordinates":[19.123357458105122,47.62315483064099]}},{"type":"Feature","properties":{"name":"Node","marker-size":"small","marker-color":"#666666"},"geometry":{"type":"Point","coordinates":[21.6717967,47.690155]}},{"type":"Feature","properties":{"name":"Node","marker-size":"small","marker-color":"#666666"},"geometry":{"type":"Point","coordinates":[19.133820409633135,47.56692224192412]}},{"type":"Feature","properties":{"name":"Node","marker-size":"small","marker-color":"#666666"},"geometry":{"type":"Point","coordinates":[17.6515646,47.68872999999999]}},{"type":"Feature","properties":{"name":"Node","marker-size":"small","marker-color":"#666666"},"geometry":{"type":"Point","coordinates":[21.5332359,47.2330133]}},{"type":"Feature","properties":{"name":"Node","marker-size":"small","marker-color":"#666666"},"geometry":{"type":"Point","coordinates":[20.569313412344837,47.799981617828735]}},{"type":"Feature","properties":{"name":"Node","marker-size":"small","marker-color":"#666666"},"geometry":{"type":"Point","coordinates":[19.2815213,48.0730788]}},{"type":"Feature","properties":{"name":"Node","marker-size":"small","marker-color":"#666666"},"geometry":{"type":"Point","coordinates":[19.0971997,47.4452631]}},{"type":"Feature","properties":{"name":"Node","marker-size":"small","marker-color":"#666666"},"geometry":{"type":"Point","coordinates":[17.9261975,47.11104759999999]}},{"type":"Feature","properties":{"name":"Node","marker-size":"small","marker-color":"#666666"},"geometry":{"type":"Point","coordinates":[20.7506043,47.2169337]}},{"type":"Feature","properties":{"name":"Node","marker-size":"small","marker-color":"#666666"},"geometry":{"type":"Point","coordinates":[16.9406402,47.250379]}},{"type":"Feature","properties":{"name":"Node","marker-size":"small","marker-color":"#666666"},"geometry":{"type":"Point","coordinates":[18.4135144,47.5593892]}},{"type":"Feature","properties":{"name":"Node","marker-size":"small","marker-color":"#666666"},"geometry":{"type":"Point","coordinates":[20.2798,48.22067]}},{"type":"Feature","properties":{"name":"Node","marker-size":"small","marker-color":"#666666"},"geometry":{"type":"Point","coordinates":[18.625042,46.877577]}},{"type":"Feature","properties":{"name":"Node","marker-size":"small","marker-color":"#666666"},"geometry":{"type":"Point","coordinates":[20.7971584,48.0595747]}},{"type":"Feature","properties":{"name":"Node","marker-size":"small","marker-color":"#666666"},"geometry":{"type":"Point","coordinates":[19.837259436311122,46.70629129961015]}},{"type":"Feature","properties":{"name":"Node","marker-size":"small","marker-color":"#666666"},"geometry":{"type":"Point","coordinates":[21.347370549403315,47.61572817321366]}},{"type":"Feature","properties":{"name":"Node","marker-size":"small","marker-color":"#666666"},"geometry":{"type":"Point","coordinates":[16.5930821,47.0090714]}},{"type":"Feature","properties":{"name":"Node","marker-size":"small","marker-color":"#666666"},"geometry":{"type":"Point","coordinates":[19.154845602639476,47.469199321852045]}},{"type":"Feature","properties":{"name":"Node","marker-size":"small","marker-color":"#666666"},"geometry":{"type":"Point","coordinates":[18.229322140278263,46.05598626716788]}},{"type":"Feature","properties":{"name":"Node","marker-size":"small","marker-color":"#666666"},"geometry":{"type":"Point","coordinates":[16.6016002,47.6736166]}},{"type":"Feature","properties":{"name":"Node","marker-size":"small","marker-color":"#666666"},"geometry":{"type":"Point","coordinates":[19.038297,47.553084]}},{"type":"Feature","properties":{"name":"Node","marker-size":"small","marker-color":"#666666"},"geometry":{"type":"Point","coordinates":[19.1411179,47.7616749]}},{"type":"Feature","properties":{"name":"Node","marker-size":"small","marker-color":"#666666"},"geometry":{"type":"Point","coordinates":[20.7461443,47.62366590000002]}},{"type":"Feature","properties":{"name":"Node","marker-size":"small","marker-color":"#666666"},"geometry":{"type":"Point","coordinates":[19.046356684057578,47.35585301152678]}},{"type":"Feature","properties":{"name":"Node","marker-size":"small","marker-color":"#666666"},"geometry":{"type":"Point","coordinates":[19.4333433,47.34655459999999]}},{"type":"Feature","properties":{"name":"Node","marker-size":"small","marker-color":"#666666"},"geometry":{"type":"Point","coordinates":[20.2766163,46.6538569]}},{"type":"Feature","properties":{"name":"Node","marker-size":"small","marker-color":"#666666"},"geometry":{"type":"Point","coordinates":[17.5509730240393,47.115550538096834]}},{"type":"Feature","properties":{"name":"Node","marker-size":"small","marker-color":"#666666"},"geometry":{"type":"Point","coordinates":[18.1391903,47.7381243]}},{"type":"Feature","properties":{"name":"Node","marker-size":"small","marker-color":"#666666"},"geometry":{"type":"Point","coordinates":[17.808590560978182,46.36663453085446]}},{"type":"Feature","properties":{"name":"Node","marker-size":"small","marker-color":"#666666"},"geometry":{"type":"Point","coordinates":[20.29000387302965,47.017373330039135]}},{"type":"Feature","properties":{"name":"Node","marker-size":"small","marker-color":"#666666"},"geometry":{"type":"Point","coordinates":[20.773332028143056,48.076931378795905]}},{"type":"Feature","properties":{"name":"Node","marker-size":"small","marker-color":"#666666"},"geometry":{"type":"Point","coordinates":[19.003934,47.39966]}},{"type":"Feature","properties":{"name":"Node","marker-size":"small","marker-color":"#666666"},"geometry":{"type":"Point","coordinates":[18.1467019,47.20056249999999]}},{"type":"Feature","properties":{"name":"Node","marker-size":"small","marker-color":"#666666"},"geometry":{"type":"Point","coordinates":[19.1152659,47.5062605]}},{"type":"Feature","properties":{"name":"Node","marker-size":"small","marker-color":"#666666"},"geometry":{"type":"Point","coordinates":[19.153316028506655,47.486504644155204]}},{"type":"Feature","properties":{"name":"Node","marker-size":"small","marker-color":"#666666"},"geometry":{"type":"Point","coordinates":[19.0982391,47.5875761]}},{"type":"Feature","properties":{"name":"Node","marker-size":"small","marker-color":"#666666"},"geometry":{"type":"Point","coordinates":[18.38533609234385,47.20447560460992]}},{"type":"Feature","properties":{"name":"Node","marker-size":"small","marker-color":"#666666"},"geometry":{"type":"Point","coordinates":[17.3694599,46.224623]}},{"type":"Feature","properties":{"name":"Node","marker-size":"small","marker-color":"#666666"},"geometry":{"type":"Point","coordinates":[18.4070708,47.1831557]}},{"type":"Feature","properties":{"name":"Node","marker-size":"small","marker-color":"#666666"},"geometry":{"type":"Point","coordinates":[19.267201665056305,47.549627581370544]}},{"type":"Feature","properties":{"name":"Node","marker-size":"small","marker-color":"#666666"},"geometry":{"type":"Point","coordinates":[20.3681034,47.92491829999999]}},{"type":"Feature","properties":{"name":"Node","marker-size":"small","marker-color":"#666666"},"geometry":{"type":"Point","coordinates":[20.801438239687556,46.93105008210011]}},{"type":"Feature","properties":{"name":"Node","marker-size":"small","marker-color":"#666666"},"geometry":{"type":"Point","coordinates":[18.3217519,47.4934664]}},{"type":"Feature","properties":{"name":"Node","marker-size":"small","marker-color":"#666666"},"geometry":{"type":"Point","coordinates":[20.461546302151973,46.21035515959212]}},{"type":"Feature","properties":{"name":"Node","marker-size":"small","marker-color":"#666666"},"geometry":{"type":"Point","coordinates":[18.953194,47.164027]}},{"type":"Feature","properties":{"name":"Node","marker-size":"small","marker-color":"#666666"},"geometry":{"type":"Point","coordinates":[20.566564341280948,46.85655217801024]}},{"type":"Feature","properties":{"name":"Node","marker-size":"small","marker-color":"#666666"},"geometry":{"type":"Point","coordinates":[18.75317062654375,47.803251138318494]}},{"type":"Feature","properties":{"name":"Node","marker-size":"small","marker-color":"#666666"},"geometry":{"type":"Point","coordinates":[18.53945659518295,46.29549035471712]}},{"type":"Feature","properties":{"name":"Node","marker-size":"small","marker-color":"#666666"},"geometry":{"type":"Point","coordinates":[20.623528924327857,48.24714364243944]}},{"type":"Feature","properties":{"name":"Node","marker-size":"small","marker-color":"#666666"},"geometry":{"type":"Point","coordinates":[20.126540776751185,46.24279084568371]}},{"type":"Feature","properties":{"name":"Node","marker-size":"small","marker-color":"#666666"},"geometry":{"type":"Point","coordinates":[17.467324104970395,45.9622069165579]}},{"type":"Feature","properties":{"name":"Node","marker-size":"small","marker-color":"#666666"},"geometry":{"type":"Point","coordinates":[16.6331539,47.2246858]}},{"type":"Feature","properties":{"name":"Node","marker-size":"small","marker-color":"#666666"},"geometry":{"type":"Point","coordinates":[21.445615,47.8407772]}},{"type":"Feature","properties":{"name":"Node","marker-size":"small","marker-color":"#666666"},"geometry":{"type":"Point","coordinates":[19.071854986328926,47.651271130170635]}},{"type":"Feature","properties":{"name":"Node","marker-size":"small","marker-color":"#666666"},"geometry":{"type":"Point","coordinates":[17.2413669,47.6103232]}},{"type":"Feature","properties":{"name":"Node","marker-size":"small","marker-color":"#666666"},"geometry":{"type":"Point","coordinates":[16.6191929,47.2533608]}},{"type":"Feature","properties":{"name":"Node","marker-size":"small","marker-color":"#666666"},"geometry":{"type":"Point","coordinates":[18.280679856551505,46.628468678631876]}},{"type":"Feature","properties":{"name":"Node","marker-size":"small","marker-color":"#666666"},"geometry":{"type":"Point","coordinates":[19.253692941204335,47.416209759120264]}},{"type":"Feature","properties":{"name":"Node","marker-size":"small","marker-color":"#666666"},"geometry":{"type":"Point","coordinates":[21.7206664,47.9363885]}},{"type":"Feature","properties":{"name":"Node","marker-size":"small","marker-color":"#666666"},"geometry":{"type":"Point","coordinates":[22.075516,48.2099005]}},{"type":"Feature","properties":{"name":"Node","marker-size":"small","marker-color":"#666666"},"geometry":{"type":"Point","coordinates":[21.1055536,46.67061469999999]}},{"type":"Feature","properties":{"name":"Node","marker-size":"small","marker-color":"#666666"},"geometry":{"type":"Point","coordinates":[18.1898272,47.3754037]}},{"type":"Feature","properties":{"name":"Node","marker-size":"small","marker-color":"#666666"},"geometry":{"type":"Point","coordinates":[17.7824034,46.3575557]}},{"type":"Feature","properties":{"name":"Node","marker-size":"small","marker-color":"#666666"},"geometry":{"type":"Point","coordinates":[18.2582032,46.1903008]}},{"type":"Feature","properties":{"name":"Node","marker-size":"small","marker-color":"#666666"},"geometry":{"type":"Point","coordinates":[19.2746625,47.47310359999998]}},{"type":"Feature","properties":{"name":"Node","marker-size":"small","marker-color":"#666666"},"geometry":{"type":"Point","coordinates":[17.271695278511558,46.77392297338013]}},{"type":"Feature","properties":{"name":"Node","marker-size":"small","marker-color":"#666666"},"geometry":{"type":"Point","coordinates":[17.6560117,47.66883079999998]}},{"type":"Feature","properties":{"name":"Node","marker-size":"small","marker-color":"#666666"},"geometry":{"type":"Point","coordinates":[17.4530231,46.88026610000001]}},{"type":"Feature","properties":{"name":"Node","marker-size":"small","marker-color":"#666666"},"geometry":{"type":"Point","coordinates":[21.28101030321636,46.635630877897356]}},{"type":"Feature","properties":{"name":"Node","marker-size":"small","marker-color":"#666666"},"geometry":{"type":"Point","coordinates":[18.4474707,47.18940549999999]}},{"type":"Feature","properties":{"name":"Node","marker-size":"small","marker-color":"#666666"},"geometry":{"type":"Point","coordinates":[18.143721513656384,46.38756310159029]}},{"type":"Feature","properties":{"name":"Node","marker-size":"small","marker-color":"#666666"},"geometry":{"type":"Point","coordinates":[17.473826,47.32246859999999]}},{"type":"Feature","properties":{"name":"Node","marker-size":"small","marker-color":"#666666"},"geometry":{"type":"Point","coordinates":[18.66831448348834,45.99619719600053]}},{"type":"Feature","properties":{"name":"Node","marker-size":"small","marker-color":"#666666"},"geometry":{"type":"Point","coordinates":[19.1167221,47.34664899999999]}},{"type":"Feature","properties":{"name":"Node","marker-size":"small","marker-color":"#666666"},"geometry":{"type":"Point","coordinates":[21.73783557488231,47.968526745683526]}},{"type":"Feature","properties":{"name":"Node","marker-size":"small","marker-color":"#666666"},"geometry":{"type":"Point","coordinates":[19.8162934,47.1729667]}},{"type":"Feature","properties":{"name":"Node","marker-size":"small","marker-color":"#666666"},"geometry":{"type":"Point","coordinates":[19.1751718,47.43175429999998]}},{"type":"Feature","properties":{"name":"Node","marker-size":"small","marker-color":"#666666"},"geometry":{"type":"Point","coordinates":[18.700188556625147,46.334263003204235]}},{"type":"Feature","properties":{"name":"Node","marker-size":"small","marker-color":"#666666"},"geometry":{"type":"Point","coordinates":[18.9855488,46.53913829999999]}},{"type":"Feature","properties":{"name":"Node","marker-size":"small","marker-color":"#666666"},"geometry":{"type":"Point","coordinates":[20.1946205,47.18934170000001]}},{"type":"Feature","properties":{"name":"Node","marker-size":"small","marker-color":"#666666"},"geometry":{"type":"Point","coordinates":[20.13730892695447,46.7108567486702]}},{"type":"Feature","properties":{"name":"Node","marker-size":"small","marker-color":"#666666"},"geometry":{"type":"Point","coordinates":[17.0069799,46.461402199999995]}},{"type":"Feature","properties":{"name":"Node","marker-size":"small","marker-color":"#666666"},"geometry":{"type":"Point","coordinates":[20.1525405,46.27289529999998]}},{"type":"Feature","properties":{"name":"Node","marker-size":"small","marker-color":"#666666"},"geometry":{"type":"Point","coordinates":[20.32579240921039,46.41038128551648]}},{"type":"Feature","properties":{"name":"Node","marker-size":"small","marker-color":"#666666"},"geometry":{"type":"Point","coordinates":[17.681217,46.783472]}},{"type":"Feature","properties":{"name":"Node","marker-size":"small","marker-color":"#666666"},"geometry":{"type":"Point","coordinates":[19.1166847,47.5173137]}},{"type":"Feature","properties":{"name":"Node","marker-size":"small","marker-color":"#666666"},"geometry":{"type":"Point","coordinates":[19.6769884,46.8991682]}},{"type":"Feature","properties":{"name":"Node","marker-size":"small","marker-color":"#666666"},"geometry":{"type":"Point","coordinates":[19.673148457754046,46.91103402759882]}},{"type":"Feature","properties":{"name":"Node","marker-size":"small","marker-color":"#666666"},"geometry":{"type":"Point","coordinates":[19.0141299,47.46658499999999]}},{"type":"Feature","properties":{"name":"Node","marker-size":"small","marker-color":"#666666"},"geometry":{"type":"Point","coordinates":[21.6338062,47.494422799999995]}},{"type":"Feature","properties":{"name":"Node","marker-size":"small","marker-color":"#666666"},"geometry":{"type":"Point","coordinates":[21.6152222,47.5254383]}},{"type":"Feature","properties":{"name":"Node","marker-size":"small","marker-color":"#666666"},"geometry":{"type":"Point","coordinates":[19.0297029,47.6427843]}},{"type":"Feature","properties":{"name":"Node","marker-size":"small","marker-color":"#666666"},"geometry":{"type":"Point","coordinates":[19.3727701,46.5821286]}},{"type":"Feature","properties":{"name":"Node","marker-size":"small","marker-color":"#666666"},"geometry":{"type":"Point","coordinates":[19.0058,47.3295]}},{"type":"Feature","properties":{"name":"Node","marker-size":"small","marker-color":"#666666"},"geometry":{"type":"Point","coordinates":[19.1386761,47.537696]}},{"type":"Feature","properties":{"name":"Node","marker-size":"small","marker-color":"#666666"},"geometry":{"type":"Point","coordinates":[17.28501146779121,46.98527583695682]}},{"type":"Feature","properties":{"name":"Node","marker-size":"small","marker-color":"#666666"},"geometry":{"type":"Point","coordinates":[17.779932918108514,46.378122496493766]}},{"type":"Feature","properties":{"name":"Node","marker-size":"small","marker-color":"#666666"},"geometry":{"type":"Point","coordinates":[19.4861502,46.435106600000005]}},{"type":"Feature","properties":{"name":"Node","marker-size":"small","marker-color":"#666666"},"geometry":{"type":"Point","coordinates":[18.3880938,47.5931368]}},{"type":"Feature","properties":{"name":"Node","marker-size":"small","marker-color":"#666666"},"geometry":{"type":"Point","coordinates":[19.8263843,48.0038478]}},{"type":"Feature","properties":{"name":"Node","marker-size":"small","marker-color":"#666666"},"geometry":{"type":"Point","coordinates":[18.29373162483793,45.85481691705031]}},{"type":"Feature","properties":{"name":"Node","marker-size":"small","marker-color":"#666666"},"geometry":{"type":"Point","coordinates":[20.183802798217958,47.183436300493426]}},{"type":"Feature","properties":{"name":"Node","marker-size":"small","marker-color":"#666666"},"geometry":{"type":"Point","coordinates":[17.797222210662156,46.04530505706723]}},{"type":"Feature","properties":{"name":"Node","marker-size":"small","marker-color":"#666666"},"geometry":{"type":"Point","coordinates":[20.831140064162053,48.10490940174666]}},{"type":"Feature","properties":{"name":"Node","marker-size":"small","marker-color":"#666666"},"geometry":{"type":"Point","coordinates":[21.71788385736655,47.91790743061392]}},{"type":"Feature","properties":{"name":"Node","marker-size":"small","marker-color":"#666666"},"geometry":{"type":"Point","coordinates":[16.61625991760691,47.25530380611692]}},{"type":"Feature","properties":{"name":"Node","marker-size":"small","marker-color":"#666666"},"geometry":{"type":"Point","coordinates":[19.0681026586477,47.61763038216959]}},{"type":"Feature","properties":{"name":"Node","marker-size":"small","marker-color":"#666666"},"geometry":{"type":"Point","coordinates":[18.4121307,47.2145065]}},{"type":"Feature","properties":{"name":"Node","marker-size":"small","marker-color":"#666666"},"geometry":{"type":"Point","coordinates":[19.709375,46.93811059999999]}},{"type":"Feature","properties":{"name":"Node","marker-size":"small","marker-color":"#666666"},"geometry":{"type":"Point","coordinates":[17.614314015376248,47.64275702539945]}},{"type":"Feature","properties":{"name":"Node","marker-size":"small","marker-color":"#666666"},"geometry":{"type":"Point","coordinates":[18.179131843782553,46.063530607648865]}},{"type":"Feature","properties":{"name":"Node","marker-size":"small","marker-color":"#666666"},"geometry":{"type":"Point","coordinates":[19.1466697,47.5637038]}},{"type":"Feature","properties":{"name":"Node","marker-size":"small","marker-color":"#666666"},"geometry":{"type":"Point","coordinates":[20.1045777,46.2728793]}},{"type":"Feature","properties":{"name":"Node","marker-size":"small","marker-color":"#666666"},"geometry":{"type":"Point","coordinates":[21.5778478,47.5467367]}},{"type":"Feature","properties":{"name":"Node","marker-size":"small","marker-color":"#666666"},"geometry":{"type":"Point","coordinates":[19.1083774,47.4601945]}},{"type":"Feature","properties":{"name":"Node","marker-size":"small","marker-color":"#666666"},"geometry":{"type":"Point","coordinates":[18.9003783,47.4581617]}},{"type":"Feature","properties":{"name":"Node","marker-size":"small","marker-color":"#666666"},"geometry":{"type":"Point","coordinates":[21.92288412766148,48.33743963800774]}},{"type":"Feature","properties":{"name":"Node","marker-size":"small","marker-color":"#666666"},"geometry":{"type":"Point","coordinates":[16.605984300481957,47.67323143869089]}},{"type":"Feature","properties":{"name":"Node","marker-size":"small","marker-color":"#666666"},"geometry":{"type":"Point","coordinates":[20.397,47.8862806]}},{"type":"Feature","properties":{"name":"Node","marker-size":"small","marker-color":"#666666"},"geometry":{"type":"Point","coordinates":[19.048639245886793,47.58131164499054]}},{"type":"Feature","properties":{"name":"Node","marker-size":"small","marker-color":"#666666"},"geometry":{"type":"Point","coordinates":[19.080673800298342,47.57499523092412]}},{"type":"Feature","properties":{"name":"Node","marker-size":"small","marker-color":"#666666"},"geometry":{"type":"Point","coordinates":[19.1097149,47.4597628]}},{"type":"Feature","properties":{"name":"Node","marker-size":"small","marker-color":"#666666"},"geometry":{"type":"Point","coordinates":[20.126883,46.258405399999994]}},{"type":"Feature","properties":{"name":"Node","marker-size":"small","marker-color":"#666666"},"geometry":{"type":"Point","coordinates":[18.45327413204238,47.1880271598427]}},{"type":"Feature","properties":{"name":"Node","marker-size":"small","marker-color":"#666666"},"geometry":{"type":"Point","coordinates":[18.9569815,47.4527992]}},{"type":"Feature","properties":{"name":"Node","marker-size":"small","marker-color":"#666666"},"geometry":{"type":"Point","coordinates":[18.42328081075553,46.862402419553916]}},{"type":"Feature","properties":{"name":"Node","marker-size":"small","marker-color":"#666666"},"geometry":{"type":"Point","coordinates":[20.658551697270546,48.24667188327879]}},{"type":"Feature","properties":{"name":"Node","marker-size":"small","marker-color":"#666666"},"geometry":{"type":"Point","coordinates":[22.0997776,48.098567599999996]}},{"type":"Feature","properties":{"name":"Node","marker-size":"small","marker-color":"#666666"},"geometry":{"type":"Point","coordinates":[19.43499727888587,47.35057012415325]}},{"type":"Feature","properties":{"name":"Node","marker-size":"small","marker-color":"#666666"},"geometry":{"type":"Point","coordinates":[20.0886099,46.9319486]}},{"type":"Feature","properties":{"name":"Node","marker-size":"small","marker-color":"#666666"},"geometry":{"type":"Point","coordinates":[22.3930704,47.9395372]}},{"type":"Feature","properties":{"name":"Node","marker-size":"small","marker-color":"#666666"},"geometry":{"type":"Point","coordinates":[21.935224637359013,47.957678722967756]}},{"type":"Feature","properties":{"name":"Node","marker-size":"small","marker-color":"#666666"},"geometry":{"type":"Point","coordinates":[16.8822566,47.6194493]}},{"type":"Feature","properties":{"name":"Node","marker-size":"small","marker-color":"#666666"},"geometry":{"type":"Point","coordinates":[19.8749343,47.329985]}},{"type":"Feature","properties":{"name":"Node","marker-size":"small","marker-color":"#666666"},"geometry":{"type":"Point","coordinates":[21.352252087944038,47.607326445176135]}},{"type":"Feature","properties":{"name":"Node","marker-size":"small","marker-color":"#666666"},"geometry":{"type":"Point","coordinates":[17.142982286776306,47.78964346321873]}},{"type":"Feature","properties":{"name":"Node","marker-size":"small","marker-color":"#666666"},"geometry":{"type":"Point","coordinates":[21.9082324,47.6905654]}},{"type":"Feature","properties":{"name":"Node","marker-size":"small","marker-color":"#666666"},"geometry":{"type":"Point","coordinates":[19.5290263,47.3714908]}},{"type":"Feature","properties":{"name":"Node","marker-size":"small","marker-color":"#666666"},"geometry":{"type":"Point","coordinates":[22.5023875,47.980095700000014]}},{"type":"Feature","properties":{"name":"Node","marker-size":"small","marker-color":"#666666"},"geometry":{"type":"Point","coordinates":[21.4440458,46.7762154]}},{"type":"Feature","properties":{"name":"Node","marker-size":"small","marker-color":"#666666"},"geometry":{"type":"Point","coordinates":[20.1389622,47.5132771]}},{"type":"Feature","properties":{"name":"Node","marker-size":"small","marker-color":"#666666"},"geometry":{"type":"Point","coordinates":[21.492409,47.81896099999999]}},{"type":"Feature","properties":{"name":"Node","marker-size":"small","marker-color":"#666666"},"geometry":{"type":"Point","coordinates":[21.866922655339955,47.76958447939271]}},{"type":"Feature","properties":{"name":"Node","marker-size":"small","marker-color":"#666666"},"geometry":{"type":"Point","coordinates":[21.8601184,47.76938129999999]}},{"type":"Feature","properties":{"name":"Node","marker-size":"small","marker-color":"#666666"},"geometry":{"type":"Point","coordinates":[19.950548140853293,47.75780096081507]}},{"type":"Feature","properties":{"name":"Node","marker-size":"small","marker-color":"#666666"},"geometry":{"type":"Point","coordinates":[20.8316395,48.10707619999999]}},{"type":"Feature","properties":{"name":"Node","marker-size":"small","marker-color":"#666666"},"geometry":{"type":"Point","coordinates":[21.7204372,47.93531960000001]}},{"type":"Feature","properties":{"name":"Node","marker-size":"small","marker-color":"#666666"},"geometry":{"type":"Point","coordinates":[20.195692012186147,47.189622728577405]}},{"type":"Feature","properties":{"name":"Node","marker-size":"small","marker-color":"#666666"},"geometry":{"type":"Point","coordinates":[21.505269841170858,47.47440065131501]}},{"type":"Feature","properties":{"name":"Node","marker-size":"small","marker-color":"#666666"},"geometry":{"type":"Point","coordinates":[19.30057379112009,48.08039099015198]}},{"type":"Feature","properties":{"name":"Node","marker-size":"small","marker-color":"#666666"},"geometry":{"type":"Point","coordinates":[21.0660717,48.0349694]}},{"type":"Feature","properties":{"name":"Node","marker-size":"small","marker-color":"#666666"},"geometry":{"type":"Point","coordinates":[19.1356297,47.4525059]}},{"type":"Feature","properties":{"name":"Node","marker-size":"small","marker-color":"#666666"},"geometry":{"type":"Point","coordinates":[21.1681931,48.0082348]}},{"type":"Feature","properties":{"name":"Node","marker-size":"small","marker-color":"#666666"},"geometry":{"type":"Point","coordinates":[18.9687692,46.7380252]}},{"type":"Feature","properties":{"name":"Node","marker-size":"small","marker-color":"#666666"},"geometry":{"type":"Point","coordinates":[19.842082125074725,46.416245606633396]}},{"type":"Feature","properties":{"name":"Node","marker-size":"small","marker-color":"#666666"},"geometry":{"type":"Point","coordinates":[21.652568041669568,48.15750014242471]}},{"type":"Feature","properties":{"name":"Node","marker-size":"small","marker-color":"#666666"},"geometry":{"type":"Point","coordinates":[19.00120254430274,46.80090202419231]}},{"type":"Feature","properties":{"name":"Node","marker-size":"small","marker-color":"#666666"},"geometry":{"type":"Point","coordinates":[19.8653792,46.7244371]}},{"type":"Feature","properties":{"name":"Node","marker-size":"small","marker-color":"#666666"},"geometry":{"type":"Point","coordinates":[19.7229315,46.7418982]}},{"type":"Feature","properties":{"name":"Node","marker-size":"small","marker-color":"#666666"},"geometry":{"type":"Point","coordinates":[19.6823,46.6868683]}},{"type":"Feature","properties":{"name":"Node","marker-size":"small","marker-color":"#666666"},"geometry":{"type":"Point","coordinates":[19.98911945825367,46.82188941326375]}},{"type":"Feature","properties":{"name":"Node","marker-size":"small","marker-color":"#666666"},"geometry":{"type":"Point","coordinates":[19.862843416199155,46.70471509371038]}},{"type":"Feature","properties":{"name":"Node","marker-size":"small","marker-color":"#666666"},"geometry":{"type":"Point","coordinates":[18.135209283420348,46.377634550590585]}},{"type":"Feature","properties":{"name":"Node","marker-size":"small","marker-color":"#666666"},"geometry":{"type":"Point","coordinates":[20.944259,47.901191]}},{"type":"Feature","properties":{"name":"Node","marker-size":"small","marker-color":"#666666"},"geometry":{"type":"Point","coordinates":[19.84235779278082,46.71603733695028]}},{"type":"Feature","properties":{"name":"Node","marker-size":"small","marker-color":"#666666"},"geometry":{"type":"Point","coordinates":[21.561551329016194,48.3127586404878]}},{"type":"Feature","properties":{"name":"Node","marker-size":"small","marker-color":"#666666"},"geometry":{"type":"Point","coordinates":[21.512286386023312,48.47144493560456]}},{"type":"Feature","properties":{"name":"Node","marker-size":"small","marker-color":"#666666"},"geometry":{"type":"Point","coordinates":[21.892111,48.2599057]}},{"type":"Feature","properties":{"name":"Node","marker-size":"small","marker-color":"#666666"},"geometry":{"type":"Point","coordinates":[21.1871303,48.2825634]}},{"type":"Feature","properties":{"name":"Node","marker-size":"small","marker-color":"#666666"},"geometry":{"type":"Point","coordinates":[21.44969932080767,48.28211349746819]}},{"type":"Feature","properties":{"name":"Node","marker-size":"small","marker-color":"#666666"},"geometry":{"type":"Point","coordinates":[22.303869337034357,48.10969759294152]}},{"type":"Feature","properties":{"name":"Node","marker-size":"small","marker-color":"#666666"},"geometry":{"type":"Point","coordinates":[22.0807398,48.23886419999999]}},{"type":"Feature","properties":{"name":"Node","marker-size":"small","marker-color":"#666666"},"geometry":{"type":"Point","coordinates":[20.64702949824301,48.24933790600975]}},{"type":"Feature","properties":{"name":"Node","marker-size":"small","marker-color":"#666666"},"geometry":{"type":"Point","coordinates":[21.0220968,46.817287]}},{"type":"Feature","properties":{"name":"Node","marker-size":"small","marker-color":"#666666"},"geometry":{"type":"Point","coordinates":[21.0194807206537,46.83344150983175]}},{"type":"Feature","properties":{"name":"Node","marker-size":"small","marker-color":"#666666"},"geometry":{"type":"Point","coordinates":[20.800236061536122,46.75868976650062]}},{"type":"Feature","properties":{"name":"Node","marker-size":"small","marker-color":"#666666"},"geometry":{"type":"Point","coordinates":[20.6677133,47.2412101]}},{"type":"Feature","properties":{"name":"Node","marker-size":"small","marker-color":"#666666"},"geometry":{"type":"Point","coordinates":[21.758269,48.135394]}},{"type":"Feature","properties":{"name":"Node","marker-size":"small","marker-color":"#666666"},"geometry":{"type":"Point","coordinates":[18.2430819,46.994824]}},{"type":"Feature","properties":{"name":"Node","marker-size":"small","marker-color":"#666666"},"geometry":{"type":"Point","coordinates":[17.4624570801438,47.86177280673019]}},{"type":"Feature","properties":{"name":"Node","marker-size":"small","marker-color":"#666666"},"geometry":{"type":"Point","coordinates":[20.7364469,48.2952586]}},{"type":"Feature","properties":{"name":"Node","marker-size":"small","marker-color":"#666666"},"geometry":{"type":"Point","coordinates":[21.0552959,48.034503]}},{"type":"Feature","properties":{"name":"Node","marker-size":"small","marker-color":"#666666"},"geometry":{"type":"Point","coordinates":[21.1361872,48.0868306]}},{"type":"Feature","properties":{"name":"Node","marker-size":"small","marker-color":"#666666"},"geometry":{"type":"Point","coordinates":[21.564228,48.1689575]}},{"type":"Feature","properties":{"name":"Node","marker-size":"small","marker-color":"#666666"},"geometry":{"type":"Point","coordinates":[17.326122877379795,47.55772202698329]}},{"type":"Feature","properties":{"name":"Node","marker-size":"small","marker-color":"#666666"},"geometry":{"type":"Point","coordinates":[17.636497,47.68756900000001]}},{"type":"Feature","properties":{"name":"Node","marker-size":"small","marker-color":"#666666"},"geometry":{"type":"Point","coordinates":[20.1997077,46.96004349999999]}},{"type":"Feature","properties":{"name":"Node","marker-size":"small","marker-color":"#666666"},"geometry":{"type":"Point","coordinates":[20.24811835293543,46.99017914475112]}},{"type":"Feature","properties":{"name":"Node","marker-size":"small","marker-color":"#666666"},"geometry":{"type":"Point","coordinates":[19.8751015,47.3316643]}},{"type":"Feature","properties":{"name":"Node","marker-size":"small","marker-color":"#666666"},"geometry":{"type":"Point","coordinates":[21.615256177445637,47.54073370019765]}},{"type":"Feature","properties":{"name":"Node","marker-size":"small","marker-color":"#666666"},"geometry":{"type":"Point","coordinates":[21.1207582,48.3297587]}},{"type":"Feature","properties":{"name":"Node","marker-size":"small","marker-color":"#666666"},"geometry":{"type":"Point","coordinates":[21.2753043,46.6453602]}},{"type":"Feature","properties":{"name":"Node","marker-size":"small","marker-color":"#666666"},"geometry":{"type":"Point","coordinates":[18.6808368,47.6747471]}},{"type":"Feature","properties":{"name":"Node","marker-size":"small","marker-color":"#666666"},"geometry":{"type":"Point","coordinates":[20.33523507705127,47.09439974341968]}},{"type":"Feature","properties":{"name":"Node","marker-size":"small","marker-color":"#666666"},"geometry":{"type":"Point","coordinates":[21.37526255439757,47.434906772147805]}},{"type":"Feature","properties":{"name":"Node","marker-size":"small","marker-color":"#666666"},"geometry":{"type":"Point","coordinates":[19.2994273,48.08056209999999]}},{"type":"Feature","properties":{"name":"Node","marker-size":"small","marker-color":"#666666"},"geometry":{"type":"Point","coordinates":[16.987166581945495,46.45432852504702]}},{"type":"Feature","properties":{"name":"Node","marker-size":"small","marker-color":"#666666"},"geometry":{"type":"Point","coordinates":[21.7209221,47.95835280000001]}},{"type":"Feature","properties":{"name":"Node","marker-size":"small","marker-color":"#666666"},"geometry":{"type":"Point","coordinates":[19.7685561,47.0344969]}},{"type":"Feature","properties":{"name":"Node","marker-size":"small","marker-color":"#666666"},"geometry":{"type":"Point","coordinates":[20.178429,47.1940167]}},{"type":"Feature","properties":{"name":"Node","marker-size":"small","marker-color":"#666666"},"geometry":{"type":"Point","coordinates":[19.113067,47.515397]}},{"type":"Feature","properties":{"name":"Node","marker-size":"small","marker-color":"#666666"},"geometry":{"type":"Point","coordinates":[20.1289831,46.26639429999999]}},{"type":"Feature","properties":{"name":"Node","marker-size":"small","marker-color":"#666666"},"geometry":{"type":"Point","coordinates":[19.697930454076175,46.909602538717046]}},{"type":"Feature","properties":{"name":"Node","marker-size":"small","marker-color":"#666666"},"geometry":{"type":"Point","coordinates":[19.15168680624971,47.54110959635904]}},{"type":"Feature","properties":{"name":"Node","marker-size":"small","marker-color":"#666666"},"geometry":{"type":"Point","coordinates":[19.1147532,47.5786354]}},{"type":"Feature","properties":{"name":"Node","marker-size":"small","marker-color":"#666666"},"geometry":{"type":"Point","coordinates":[19.26944443709182,47.55185862869041]}},{"type":"Feature","properties":{"name":"Node","marker-size":"small","marker-color":"#666666"},"geometry":{"type":"Point","coordinates":[19.067187,47.4309533]}},{"type":"Feature","properties":{"name":"Node","marker-size":"small","marker-color":"#666666"},"geometry":{"type":"Point","coordinates":[19.774306941839253,47.17761651911508]}},{"type":"Feature","properties":{"name":"Node","marker-size":"small","marker-color":"#666666"},"geometry":{"type":"Point","coordinates":[19.3406242,47.607830500000006]}},{"type":"Feature","properties":{"name":"Node","marker-size":"small","marker-color":"#666666"},"geometry":{"type":"Point","coordinates":[20.200134,47.1576752]}},{"type":"Feature","properties":{"name":"Node","marker-size":"small","marker-color":"#666666"},"geometry":{"type":"Point","coordinates":[19.0672175,47.423423]}},{"type":"Feature","properties":{"name":"Node","marker-size":"small","marker-color":"#666666"},"geometry":{"type":"Point","coordinates":[20.8990373,47.3001681]}},{"type":"Feature","properties":{"name":"Node","marker-size":"small","marker-color":"#666666"},"geometry":{"type":"Point","coordinates":[19.6652692,47.67706500000002]}},{"type":"Feature","properties":{"name":"Node","marker-size":"small","marker-color":"#666666"},"geometry":{"type":"Point","coordinates":[19.1024361,47.4375967]}},{"type":"Feature","properties":{"name":"Node","marker-size":"small","marker-color":"#666666"},"geometry":{"type":"Point","coordinates":[20.1437096,46.2506922]}},{"type":"Feature","properties":{"name":"Node","marker-size":"small","marker-color":"#666666"},"geometry":{"type":"Point","coordinates":[20.7644747,48.1034333]}},{"type":"Feature","properties":{"name":"Node","marker-size":"small","marker-color":"#666666"},"geometry":{"type":"Point","coordinates":[19.2369152,47.4224227]}},{"type":"Feature","properties":{"name":"Node","marker-size":"small","marker-color":"#666666"},"geometry":{"type":"Point","coordinates":[19.0841762,47.47085939999999]}},{"type":"Feature","properties":{"name":"Node","marker-size":"small","marker-color":"#666666"},"geometry":{"type":"Point","coordinates":[20.381525826833222,47.87176186847395]}},{"type":"Feature","properties":{"name":"Node","marker-size":"small","marker-color":"#666666"},"geometry":{"type":"Point","coordinates":[17.4799984,46.7116648]}},{"type":"Feature","properties":{"name":"Node","marker-size":"small","marker-color":"#666666"},"geometry":{"type":"Point","coordinates":[19.0928563108149,47.48688189792148]}},{"type":"Feature","properties":{"name":"Node","marker-size":"small","marker-color":"#666666"},"geometry":{"type":"Point","coordinates":[19.040233314549294,47.34226129381164]}},{"type":"Feature","properties":{"name":"Node","marker-size":"small","marker-color":"#666666"},"geometry":{"type":"Point","coordinates":[16.6302176,47.23339929999999]}},{"type":"Feature","properties":{"name":"Node","marker-size":"small","marker-color":"#666666"},"geometry":{"type":"Point","coordinates":[17.4061555,46.59264539999999]}},{"type":"Feature","properties":{"name":"Node","marker-size":"small","marker-color":"#666666"},"geometry":{"type":"Point","coordinates":[19.0643437,47.4885713]}},{"type":"Feature","properties":{"name":"Node","marker-size":"small","marker-color":"#666666"},"geometry":{"type":"Point","coordinates":[21.7151824,47.9417669]}},{"type":"Feature","properties":{"name":"Node","marker-size":"small","marker-color":"#666666"},"geometry":{"type":"Point","coordinates":[18.173881,46.064508599999996]}},{"type":"Feature","properties":{"name":"Node","marker-size":"small","marker-color":"#666666"},"geometry":{"type":"Point","coordinates":[17.89587610842142,47.10712738655458]}},{"type":"Feature","properties":{"name":"Node","marker-size":"small","marker-color":"#666666"},"geometry":{"type":"Point","coordinates":[19.0310208,47.4913146]}},{"type":"Feature","properties":{"name":"Node","marker-size":"small","marker-color":"#666666"},"geometry":{"type":"Point","coordinates":[17.9215119,47.098736900000006]}},{"type":"Feature","properties":{"name":"Node","marker-size":"small","marker-color":"#666666"},"geometry":{"type":"Point","coordinates":[18.229123041118594,46.94598985081301]}},{"type":"Feature","properties":{"name":"Node","marker-size":"small","marker-color":"#666666"},"geometry":{"type":"Point","coordinates":[16.5813768,47.6897815]}},{"type":"Feature","properties":{"name":"Node","marker-size":"small","marker-color":"#666666"},"geometry":{"type":"Point","coordinates":[16.938376445902307,47.257077932746014]}},{"type":"Feature","properties":{"name":"Node","marker-size":"small","marker-color":"#666666"},"geometry":{"type":"Point","coordinates":[17.78522192243362,46.364883805230605]}},{"type":"Feature","properties":{"name":"Node","marker-size":"small","marker-color":"#666666"},"geometry":{"type":"Point","coordinates":[19.051945482768108,47.40443883510473]}},{"type":"Feature","properties":{"name":"Node","marker-size":"small","marker-color":"#666666"},"geometry":{"type":"Point","coordinates":[19.023930960894937,47.410695692251494]}},{"type":"Feature","properties":{"name":"Node","marker-size":"small","marker-color":"#666666"},"geometry":{"type":"Point","coordinates":[18.970803,47.4528664]}},{"type":"Feature","properties":{"name":"Node","marker-size":"small","marker-color":"#666666"},"geometry":{"type":"Point","coordinates":[19.037736920237936,47.45128480236223]}},{"type":"Feature","properties":{"name":"Node","marker-size":"small","marker-color":"#666666"},"geometry":{"type":"Point","coordinates":[17.0076725,46.46253290000001]}},{"type":"Feature","properties":{"name":"Node","marker-size":"small","marker-color":"#666666"},"geometry":{"type":"Point","coordinates":[20.288720238141117,48.22037414749696]}},{"type":"Feature","properties":{"name":"Node","marker-size":"small","marker-color":"#666666"},"geometry":{"type":"Point","coordinates":[19.3643372,47.37456999999999]}},{"type":"Feature","properties":{"name":"Node","marker-size":"small","marker-color":"#666666"},"geometry":{"type":"Point","coordinates":[19.1188866,47.4321357]}},{"type":"Feature","properties":{"name":"Node","marker-size":"small","marker-color":"#666666"},"geometry":{"type":"Point","coordinates":[21.648116958722092,48.413512359481466]}},{"type":"Feature","properties":{"name":"Node","marker-size":"small","marker-color":"#666666"},"geometry":{"type":"Point","coordinates":[19.801872838732265,47.182463454762285]}},{"type":"Feature","properties":{"name":"Node","marker-size":"small","marker-color":"#666666"},"geometry":{"type":"Point","coordinates":[19.088323199072693,47.45423095866255]}},{"type":"Feature","properties":{"name":"Node","marker-size":"small","marker-color":"#666666"},"geometry":{"type":"Point","coordinates":[19.443670777905893,47.352095822682145]}},{"type":"Feature","properties":{"name":"Node","marker-size":"small","marker-color":"#666666"},"geometry":{"type":"Point","coordinates":[17.9041932,46.8620355]}},{"type":"Feature","properties":{"name":"Node","marker-size":"small","marker-color":"#666666"},"geometry":{"type":"Point","coordinates":[19.22567033537725,47.48540647957073]}},{"type":"Feature","properties":{"name":"Node","marker-size":"small","marker-color":"#666666"},"geometry":{"type":"Point","coordinates":[16.5626039,47.6869294]}},{"type":"Feature","properties":{"name":"Node","marker-size":"small","marker-color":"#666666"},"geometry":{"type":"Point","coordinates":[17.8964473,46.9621644]}},{"type":"Feature","properties":{"name":"Node","marker-size":"small","marker-color":"#666666"},"geometry":{"type":"Point","coordinates":[21.736936064712058,47.944822096101404]}},{"type":"Feature","properties":{"name":"Node","marker-size":"small","marker-color":"#666666"},"geometry":{"type":"Point","coordinates":[21.7422817,47.953045200000005]}},{"type":"Feature","properties":{"name":"Node","marker-size":"small","marker-color":"#666666"},"geometry":{"type":"Point","coordinates":[21.7411548,47.9712595]}},{"type":"Feature","properties":{"name":"Node","marker-size":"small","marker-color":"#666666"},"geometry":{"type":"Point","coordinates":[21.501373104304324,47.66226364479482]}},{"type":"Feature","properties":{"name":"Node","marker-size":"small","marker-color":"#666666"},"geometry":{"type":"Point","coordinates":[19.8875192,47.4880269]}},{"type":"Feature","properties":{"name":"Node","marker-size":"small","marker-color":"#666666"},"geometry":{"type":"Point","coordinates":[22.063528524448966,48.23485263638808]}},{"type":"Feature","properties":{"name":"Node","marker-size":"small","marker-color":"#666666"},"geometry":{"type":"Point","coordinates":[19.3215858,47.19542029999999]}},{"type":"Feature","properties":{"name":"Node","marker-size":"small","marker-color":"#666666"},"geometry":{"type":"Point","coordinates":[19.4951514,46.41754]}},{"type":"Feature","properties":{"name":"Node","marker-size":"small","marker-color":"#666666"},"geometry":{"type":"Point","coordinates":[19.247784427766593,47.39829477179676]}},{"type":"Feature","properties":{"name":"Node","marker-size":"small","marker-color":"#666666"},"geometry":{"type":"Point","coordinates":[19.1604432,47.452053]}},{"type":"Feature","properties":{"name":"Node","marker-size":"small","marker-color":"#666666"},"geometry":{"type":"Point","coordinates":[19.140842465499528,47.765053257694994]}},{"type":"Feature","properties":{"name":"Node","marker-size":"small","marker-color":"#666666"},"geometry":{"type":"Point","coordinates":[19.057387003960592,47.51307593486415]}},{"type":"Feature","properties":{"name":"Node","marker-size":"small","marker-color":"#666666"},"geometry":{"type":"Point","coordinates":[19.0884803,47.5417055]}},{"type":"Feature","properties":{"name":"Node","marker-size":"small","marker-color":"#666666"},"geometry":{"type":"Point","coordinates":[19.058641428644815,47.487224337330225]}},{"type":"Feature","properties":{"name":"Node","marker-size":"small","marker-color":"#666666"},"geometry":{"type":"Point","coordinates":[19.0985782,47.435489999999994]}},{"type":"Feature","properties":{"name":"Node","marker-size":"small","marker-color":"#666666"},"geometry":{"type":"Point","coordinates":[19.13155532038841,47.462253077911434]}},{"type":"Feature","properties":{"name":"Node","marker-size":"small","marker-color":"#666666"},"geometry":{"type":"Point","coordinates":[19.1426001,47.4165339]}},{"type":"Feature","properties":{"name":"Node","marker-size":"small","marker-color":"#666666"},"geometry":{"type":"Point","coordinates":[19.0504034,47.50616669999999]}},{"type":"Feature","properties":{"name":"Node","marker-size":"small","marker-color":"#666666"},"geometry":{"type":"Point","coordinates":[19.1422762,47.53452780000001]}},{"type":"Feature","properties":{"name":"Node","marker-size":"small","marker-color":"#666666"},"geometry":{"type":"Point","coordinates":[19.147095,47.4373194]}},{"type":"Feature","properties":{"name":"Node","marker-size":"small","marker-color":"#666666"},"geometry":{"type":"Point","coordinates":[19.1732381,47.43088490000001]}},{"type":"Feature","properties":{"name":"Node","marker-size":"small","marker-color":"#666666"},"geometry":{"type":"Point","coordinates":[19.1097408,47.386236800000006]}},{"type":"Feature","properties":{"name":"Node","marker-size":"small","marker-color":"#666666"},"geometry":{"type":"Point","coordinates":[19.1512495,47.5035585]}},{"type":"Feature","properties":{"name":"Node","marker-size":"small","marker-color":"#666666"},"geometry":{"type":"Point","coordinates":[19.071196,47.484085400000005]}},{"type":"Feature","properties":{"name":"Node","marker-size":"small","marker-color":"#666666"},"geometry":{"type":"Point","coordinates":[19.2162857,47.503716700000005]}},{"type":"Feature","properties":{"name":"Node","marker-size":"small","marker-color":"#666666"},"geometry":{"type":"Point","coordinates":[19.1226907,47.5617844]}},{"type":"Feature","properties":{"name":"Node","marker-size":"small","marker-color":"#666666"},"geometry":{"type":"Point","coordinates":[19.0502311178949,47.57983537702524]}},{"type":"Feature","properties":{"name":"Node","marker-size":"small","marker-color":"#666666"},"geometry":{"type":"Point","coordinates":[19.004593951834455,47.46682311849631]}},{"type":"Feature","properties":{"name":"Node","marker-size":"small","marker-color":"#666666"},"geometry":{"type":"Point","coordinates":[19.0417246,47.5545528]}},{"type":"Feature","properties":{"name":"Node","marker-size":"small","marker-color":"#666666"},"geometry":{"type":"Point","coordinates":[19.0055083,47.39921879999999]}},{"type":"Feature","properties":{"name":"Node","marker-size":"small","marker-color":"#666666"},"geometry":{"type":"Point","coordinates":[18.946886834122754,46.95717391659393]}},{"type":"Feature","properties":{"name":"Node","marker-size":"small","marker-color":"#666666"},"geometry":{"type":"Point","coordinates":[19.044074,47.461869]}},{"type":"Feature","properties":{"name":"Node","marker-size":"small","marker-color":"#666666"},"geometry":{"type":"Point","coordinates":[19.04007298361001,47.4374987142149]}},{"type":"Feature","properties":{"name":"Node","marker-size":"small","marker-color":"#666666"},"geometry":{"type":"Point","coordinates":[18.9242866,47.5984963]}},{"type":"Feature","properties":{"name":"Node","marker-size":"small","marker-color":"#666666"},"geometry":{"type":"Point","coordinates":[18.207787859194735,46.06904084721876]}},{"type":"Feature","properties":{"name":"Node","marker-size":"small","marker-color":"#666666"},"geometry":{"type":"Point","coordinates":[17.8064445,46.36566209999999]}},{"type":"Feature","properties":{"name":"Node","marker-size":"small","marker-color":"#666666"},"geometry":{"type":"Point","coordinates":[16.8690437,46.84272540000001]}},{"type":"Feature","properties":{"name":"Node","marker-size":"small","marker-color":"#666666"},"geometry":{"type":"Point","coordinates":[18.4089014,47.1818728]}},{"type":"Feature","properties":{"name":"Node","marker-size":"small","marker-color":"#666666"},"geometry":{"type":"Point","coordinates":[18.8517674,46.61006279999999]}},{"type":"Feature","properties":{"name":"Node","marker-size":"small","marker-color":"#666666"},"geometry":{"type":"Point","coordinates":[19.1181355,47.3477735]}},{"type":"Feature","properties":{"name":"Node","marker-size":"small","marker-color":"#666666"},"geometry":{"type":"Point","coordinates":[17.656105,47.6825945]}},{"type":"Feature","properties":{"name":"Node","marker-size":"small","marker-color":"#666666"},"geometry":{"type":"Point","coordinates":[18.907948160888434,46.96070797637143]}},{"type":"Feature","properties":{"name":"Node","marker-size":"small","marker-color":"#666666"},"geometry":{"type":"Point","coordinates":[17.924916937833277,47.08214544515301]}},{"type":"Feature","properties":{"name":"Node","marker-size":"small","marker-color":"#666666"},"geometry":{"type":"Point","coordinates":[18.2564617,46.0794617]}},{"type":"Feature","properties":{"name":"Node","marker-size":"small","marker-color":"#666666"},"geometry":{"type":"Point","coordinates":[17.4459888,47.3219877]}},{"type":"Feature","properties":{"name":"Node","marker-size":"small","marker-color":"#666666"},"geometry":{"type":"Point","coordinates":[17.6805844,46.7828054]}},{"type":"Feature","properties":{"name":"Node","marker-size":"small","marker-color":"#666666"},"geometry":{"type":"Point","coordinates":[18.9789668,46.52182440000001]}},{"type":"Feature","properties":{"name":"Node","marker-size":"small","marker-color":"#666666"},"geometry":{"type":"Point","coordinates":[19.0473084,47.36920060000001]}},{"type":"Feature","properties":{"name":"Node","marker-size":"small","marker-color":"#666666"},"geometry":{"type":"Point","coordinates":[18.9514564,46.194305500000006]}},{"type":"Feature","properties":{"name":"Node","marker-size":"small","marker-color":"#666666"},"geometry":{"type":"Point","coordinates":[16.6166376,47.6707724]}},{"type":"Feature","properties":{"name":"Node","marker-size":"small","marker-color":"#666666"},"geometry":{"type":"Point","coordinates":[18.93970913259046,47.377925895641646]}},{"type":"Feature","properties":{"name":"Node","marker-size":"small","marker-color":"#666666"},"geometry":{"type":"Point","coordinates":[18.6627033,45.9961579]}},{"type":"Feature","properties":{"name":"Node","marker-size":"small","marker-color":"#666666"},"geometry":{"type":"Point","coordinates":[18.53994642791248,46.29434611110983]}},{"type":"Feature","properties":{"name":"Node","marker-size":"small","marker-color":"#666666"},"geometry":{"type":"Point","coordinates":[18.911227,46.809109]}},{"type":"Feature","properties":{"name":"Node","marker-size":"small","marker-color":"#666666"},"geometry":{"type":"Point","coordinates":[17.9270912,47.1089997]}},{"type":"Feature","properties":{"name":"Node","marker-size":"small","marker-color":"#666666"},"geometry":{"type":"Point","coordinates":[18.058945,46.89179899999999]}},{"type":"Feature","properties":{"name":"Node","marker-size":"small","marker-color":"#666666"},"geometry":{"type":"Point","coordinates":[19.0034576,47.37549320000001]}},{"type":"Feature","properties":{"name":"Node","marker-size":"small","marker-color":"#666666"},"geometry":{"type":"Point","coordinates":[17.257451573870316,47.878996164041865]}},{"type":"Feature","properties":{"name":"Node","marker-size":"small","marker-color":"#666666"},"geometry":{"type":"Point","coordinates":[17.546958645951257,47.11777208636256]}},{"type":"Feature","properties":{"name":"Node","marker-size":"small","marker-color":"#666666"},"geometry":{"type":"Point","coordinates":[18.9189715,47.5012726]}},{"type":"Feature","properties":{"name":"Node","marker-size":"small","marker-color":"#666666"},"geometry":{"type":"Point","coordinates":[20.1998834,47.1768023]}},{"type":"Feature","properties":{"name":"Node","marker-size":"small","marker-color":"#666666"},"geometry":{"type":"Point","coordinates":[19.755053888790865,47.41933267023669]}},{"type":"Feature","properties":{"name":"Node","marker-size":"small","marker-color":"#666666"},"geometry":{"type":"Point","coordinates":[19.081251,47.5348373]}},{"type":"Feature","properties":{"name":"Node","marker-size":"small","marker-color":"#666666"},"geometry":{"type":"Point","coordinates":[21.6249755,47.5352238]}},{"type":"Feature","properties":{"name":"Node","marker-size":"small","marker-color":"#666666"},"geometry":{"type":"Point","coordinates":[19.7194974,46.9111281]}},{"type":"Feature","properties":{"name":"Node","marker-size":"small","marker-color":"#666666"},"geometry":{"type":"Point","coordinates":[19.0716521,47.5346859]}},{"type":"Feature","properties":{"name":"Node","marker-size":"small","marker-color":"#666666"},"geometry":{"type":"Point","coordinates":[21.601703158774246,47.514658477893185]}},{"type":"Feature","properties":{"name":"Node","marker-size":"small","marker-color":"#666666"},"geometry":{"type":"Point","coordinates":[21.610755488062907,47.547171054364085]}},{"type":"Feature","properties":{"name":"Node","marker-size":"small","marker-color":"#666666"},"geometry":{"type":"Point","coordinates":[18.4314416,47.1514915]}},{"type":"Feature","properties":{"name":"Node","marker-size":"small","marker-color":"#666666"},"geometry":{"type":"Point","coordinates":[17.453897856058884,46.88035652137471]}},{"type":"Feature","properties":{"name":"Node","marker-size":"small","marker-color":"#666666"},"geometry":{"type":"Point","coordinates":[21.2372649,46.6535802]}},{"type":"Feature","properties":{"name":"Node","marker-size":"small","marker-color":"#666666"},"geometry":{"type":"Point","coordinates":[20.324201589239244,46.40912674718234]}},{"type":"Feature","properties":{"name":"Node","marker-size":"small","marker-color":"#666666"},"geometry":{"type":"Point","coordinates":[18.396822328625742,47.58284769120955]}},{"type":"Feature","properties":{"name":"Node","marker-size":"small","marker-color":"#666666"},"geometry":{"type":"Point","coordinates":[20.1491328,46.27284720000001]}},{"type":"Feature","properties":{"name":"Node","marker-size":"small","marker-color":"#666666"},"geometry":{"type":"Point","coordinates":[18.469035,47.19595999999999]}},{"type":"Feature","properties":{"name":"Node","marker-size":"small","marker-color":"#666666"},"geometry":{"type":"Point","coordinates":[17.246144,46.777676299999996]}},{"type":"Feature","properties":{"name":"Node","marker-size":"small","marker-color":"#666666"},"geometry":{"type":"Point","coordinates":[18.018365573275105,47.04036298077885]}},{"type":"Feature","properties":{"name":"Node","marker-size":"small","marker-color":"#666666"},"geometry":{"type":"Point","coordinates":[18.1888938,47.37728430000001]}},{"type":"Feature","properties":{"name":"Node","marker-size":"small","marker-color":"#666666"},"geometry":{"type":"Point","coordinates":[21.633920782947495,47.495599010297944]}},{"type":"Feature","properties":{"name":"Node","marker-size":"small","marker-color":"#666666"},"geometry":{"type":"Point","coordinates":[19.120656,47.6234195]}},{"type":"Feature","properties":{"name":"Node","marker-size":"small","marker-color":"#666666"},"geometry":{"type":"Point","coordinates":[20.2404895,46.6618479]}},{"type":"Feature","properties":{"name":"Node","marker-size":"small","marker-color":"#666666"},"geometry":{"type":"Point","coordinates":[20.7998737,48.054514499999996]}},{"type":"Feature","properties":{"name":"Node","marker-size":"small","marker-color":"#666666"},"geometry":{"type":"Point","coordinates":[20.1239625,46.2444425]}},{"type":"Feature","properties":{"name":"Node","marker-size":"small","marker-color":"#666666"},"geometry":{"type":"Point","coordinates":[20.621936748901216,48.258864743670316]}},{"type":"Feature","properties":{"name":"Node","marker-size":"small","marker-color":"#666666"},"geometry":{"type":"Point","coordinates":[19.0611159,47.6139443]}},{"type":"Feature","properties":{"name":"Node","marker-size":"small","marker-color":"#666666"},"geometry":{"type":"Point","coordinates":[21.580687,47.543046]}},{"type":"Feature","properties":{"name":"Node","marker-size":"small","marker-color":"#666666"},"geometry":{"type":"Point","coordinates":[21.11203533709978,46.68111241316796]}},{"type":"Feature","properties":{"name":"Node","marker-size":"small","marker-color":"#666666"},"geometry":{"type":"Point","coordinates":[19.6407441,46.8894328]}},{"type":"Feature","properties":{"name":"Node","marker-size":"small","marker-color":"#666666"},"geometry":{"type":"Point","coordinates":[19.1577151,47.57944570000001]}},{"type":"Feature","properties":{"name":"Node","marker-size":"small","marker-color":"#666666"},"geometry":{"type":"Point","coordinates":[20.7469609,48.0995766]}},{"type":"Feature","properties":{"name":"Node","marker-size":"small","marker-color":"#666666"},"geometry":{"type":"Point","coordinates":[19.0770182,47.498514099999994]}},{"type":"Feature","properties":{"name":"Node","marker-size":"small","marker-color":"#666666"},"geometry":{"type":"Point","coordinates":[19.056346,47.51996650000001]}},{"type":"Feature","properties":{"name":"Node","marker-size":"small","marker-color":"#666666"},"geometry":{"type":"Point","coordinates":[19.0673033,47.6399865]}},{"type":"Feature","properties":{"name":"Node","marker-size":"small","marker-color":"#666666"},"geometry":{"type":"Point","coordinates":[17.874466,46.95022399999999]}},{"type":"Feature","properties":{"name":"Node","marker-size":"small","marker-color":"#666666"},"geometry":{"type":"Point","coordinates":[18.8856932,47.4443169]}},{"type":"Feature","properties":{"name":"Node","marker-size":"small","marker-color":"#666666"},"geometry":{"type":"Point","coordinates":[16.6181723,47.2549855]}},{"type":"Feature","properties":{"name":"Node","marker-size":"small","marker-color":"#666666"},"geometry":{"type":"Point","coordinates":[17.27778579799771,46.77532169997764]}},{"type":"Feature","properties":{"name":"Node","marker-size":"small","marker-color":"#666666"},"geometry":{"type":"Point","coordinates":[18.4104606,47.56057009999999]}},{"type":"Feature","properties":{"name":"Node","marker-size":"small","marker-color":"#666666"},"geometry":{"type":"Point","coordinates":[18.230156433391116,46.05052323353013]}},{"type":"Feature","properties":{"name":"Node","marker-size":"small","marker-color":"#666666"},"geometry":{"type":"Point","coordinates":[18.2757963,45.856822300000005]}},{"type":"Feature","properties":{"name":"Node","marker-size":"small","marker-color":"#666666"},"geometry":{"type":"Point","coordinates":[16.6191629,47.215449]}},{"type":"Feature","properties":{"name":"Node","marker-size":"small","marker-color":"#666666"},"geometry":{"type":"Point","coordinates":[18.4170889,47.21256959999998]}},{"type":"Feature","properties":{"name":"Node","marker-size":"small","marker-color":"#666666"},"geometry":{"type":"Point","coordinates":[18.618258,47.2021889]}},{"type":"Feature","properties":{"name":"Node","marker-size":"small","marker-color":"#666666"},"geometry":{"type":"Point","coordinates":[18.8530489,47.62806500000001]}},{"type":"Feature","properties":{"name":"Node","marker-size":"small","marker-color":"#666666"},"geometry":{"type":"Point","coordinates":[18.89527166548177,47.462676105296524]}},{"type":"Feature","properties":{"name":"Node","marker-size":"small","marker-color":"#666666"},"geometry":{"type":"Point","coordinates":[18.7560761,47.7747289]}},{"type":"Feature","properties":{"name":"Node","marker-size":"small","marker-color":"#666666"},"geometry":{"type":"Point","coordinates":[21.1070534,46.6698921]}},{"type":"Feature","properties":{"name":"Node","marker-size":"small","marker-color":"#666666"},"geometry":{"type":"Point","coordinates":[19.2405679,47.47314009999999]}},{"type":"Feature","properties":{"name":"Node","marker-size":"small","marker-color":"#666666"},"geometry":{"type":"Point","coordinates":[18.993831,47.52364990000001]}},{"type":"Feature","properties":{"name":"Node","marker-size":"small","marker-color":"#666666"},"geometry":{"type":"Point","coordinates":[17.6623951,47.6951717]}},{"type":"Feature","properties":{"name":"Node","marker-size":"small","marker-color":"#666666"},"geometry":{"type":"Point","coordinates":[18.65894613675452,47.73847721232578]}},{"type":"Feature","properties":{"name":"Node","marker-size":"small","marker-color":"#666666"},"geometry":{"type":"Point","coordinates":[17.651972505654438,47.66728074508526]}},{"type":"Feature","properties":{"name":"Node","marker-size":"small","marker-color":"#666666"},"geometry":{"type":"Point","coordinates":[19.28406724228551,47.470685102118054]}},{"type":"Feature","properties":{"name":"Node","marker-size":"small","marker-color":"#666666"},"geometry":{"type":"Point","coordinates":[17.630778184979544,47.6521808658592]}},{"type":"Feature","properties":{"name":"Node","marker-size":"small","marker-color":"#666666"},"geometry":{"type":"Point","coordinates":[17.61743656812885,47.67773305267564]}},{"type":"Feature","properties":{"name":"Node","marker-size":"small","marker-color":"#666666"},"geometry":{"type":"Point","coordinates":[16.5785296,47.6978734]}},{"type":"Feature","properties":{"name":"Node","marker-size":"small","marker-color":"#666666"},"geometry":{"type":"Point","coordinates":[17.651966015094935,47.66864439724003]}},{"type":"Feature","properties":{"name":"Node","marker-size":"small","marker-color":"#666666"},"geometry":{"type":"Point","coordinates":[16.8525952,46.8467405]}},{"type":"Feature","properties":{"name":"Node","marker-size":"small","marker-color":"#666666"},"geometry":{"type":"Point","coordinates":[18.7026153,46.34913579999999]}},{"type":"Feature","properties":{"name":"Node","marker-size":"small","marker-color":"#666666"},"geometry":{"type":"Point","coordinates":[21.58300810139606,47.5404698033818]}},{"type":"Feature","properties":{"name":"Node","marker-size":"small","marker-color":"#666666"},"geometry":{"type":"Point","coordinates":[20.801055667775188,48.05815477314569]}},{"type":"Feature","properties":{"name":"Node","marker-size":"small","marker-color":"#666666"},"geometry":{"type":"Point","coordinates":[19.162754210504755,47.58063162623755]}},{"type":"Feature","properties":{"name":"Node","marker-size":"small","marker-color":"#666666"},"geometry":{"type":"Point","coordinates":[19.0613601,47.61303059999999]}},{"type":"Feature","properties":{"name":"Node","marker-size":"small","marker-color":"#666666"},"geometry":{"type":"Point","coordinates":[20.1042445,46.27461589999999]}},{"type":"Feature","properties":{"name":"Node","marker-size":"small","marker-color":"#666666"},"geometry":{"type":"Point","coordinates":[20.835998633622367,48.109141767303775]}},{"type":"Feature","properties":{"name":"Node","marker-size":"small","marker-color":"#666666"},"geometry":{"type":"Point","coordinates":[19.33333697512814,47.45997593681895]}},{"type":"Feature","properties":{"name":"Node","marker-size":"small","marker-color":"#666666"},"geometry":{"type":"Point","coordinates":[19.028203,47.382442]}},{"type":"Feature","properties":{"name":"Node","marker-size":"small","marker-color":"#666666"},"geometry":{"type":"Point","coordinates":[19.2448567,47.5412752]}},{"type":"Feature","properties":{"name":"Node","marker-size":"small","marker-color":"#666666"},"geometry":{"type":"Point","coordinates":[19.040986816392486,47.434884467339096]}},{"type":"Feature","properties":{"name":"Node","marker-size":"small","marker-color":"#666666"},"geometry":{"type":"Point","coordinates":[19.1167249,47.6072275]}},{"type":"Feature","properties":{"name":"Node","marker-size":"small","marker-color":"#666666"},"geometry":{"type":"Point","coordinates":[18.43326613221303,47.14949890837761]}},{"type":"Feature","properties":{"name":"Node","marker-size":"small","marker-color":"#666666"},"geometry":{"type":"Point","coordinates":[19.636833369022973,46.887458383820544]}},{"type":"Feature","properties":{"name":"Node","marker-size":"small","marker-color":"#666666"},"geometry":{"type":"Point","coordinates":[18.943658808908257,47.45504716933311]}},{"type":"Feature","properties":{"name":"Node","marker-size":"small","marker-color":"#666666"},"geometry":{"type":"Point","coordinates":[19.1579275,47.46590809999999]}},{"type":"Feature","properties":{"name":"Node","marker-size":"small","marker-color":"#666666"},"geometry":{"type":"Point","coordinates":[18.8870601,47.441255399999996]}},{"type":"Feature","properties":{"name":"Node","marker-size":"small","marker-color":"#666666"},"geometry":{"type":"Point","coordinates":[20.197566,47.15895889999999]}},{"type":"Feature","properties":{"name":"Node","marker-size":"small","marker-color":"#666666"},"geometry":{"type":"Point","coordinates":[18.96039216891956,47.598311301061365]}},{"type":"Feature","properties":{"name":"Node","marker-size":"small","marker-color":"#666666"},"geometry":{"type":"Point","coordinates":[19.0500915,47.5594129]}},{"type":"Feature","properties":{"name":"Node","marker-size":"small","marker-color":"#666666"},"geometry":{"type":"Point","coordinates":[19.1578878,47.41898890000001]}},{"type":"Feature","properties":{"name":"Node","marker-size":"small","marker-color":"#666666"},"geometry":{"type":"Point","coordinates":[21.2424912,46.73538550000001]}},{"type":"Feature","properties":{"name":"Node","marker-size":"small","marker-color":"#666666"},"geometry":{"type":"Point","coordinates":[18.987395,47.520301]}},{"type":"Feature","properties":{"name":"Node","marker-size":"small","marker-color":"#666666"},"geometry":{"type":"Point","coordinates":[19.010209,47.5299027]}},{"type":"Feature","properties":{"name":"Node","marker-size":"small","marker-color":"#666666"},"geometry":{"type":"Point","coordinates":[19.1283103,47.7945089]}},{"type":"Feature","properties":{"name":"Node","marker-size":"small","marker-color":"#666666"},"geometry":{"type":"Point","coordinates":[19.14291503807246,47.7715358243599]}},{"type":"Feature","properties":{"name":"Node","marker-size":"small","marker-color":"#666666"},"geometry":{"type":"Point","coordinates":[19.1171007,47.7910066]}},{"type":"Feature","properties":{"name":"Node","marker-size":"small","marker-color":"#666666"},"geometry":{"type":"Point","coordinates":[19.1343831,47.79114209999999]}},{"type":"Feature","properties":{"name":"Node","marker-size":"small","marker-color":"#666666"},"geometry":{"type":"Point","coordinates":[19.1295469,47.48382660000001]}},{"type":"Feature","properties":{"name":"Node","marker-size":"small","marker-color":"#666666"},"geometry":{"type":"Point","coordinates":[18.784861002040287,47.978710272531714]}},{"type":"Feature","properties":{"name":"Node","marker-size":"small","marker-color":"#666666"},"geometry":{"type":"Point","coordinates":[19.013387647493047,47.8282279841671]}},{"type":"Feature","properties":{"name":"Node","marker-size":"small","marker-color":"#666666"},"geometry":{"type":"Point","coordinates":[19.0356959,47.8250536]}},{"type":"Feature","properties":{"name":"Node","marker-size":"small","marker-color":"#666666"},"geometry":{"type":"Point","coordinates":[18.9594443,47.7905522]}},{"type":"Feature","properties":{"name":"Node","marker-size":"small","marker-color":"#666666"},"geometry":{"type":"Point","coordinates":[19.1293469,47.7792214]}},{"type":"Feature","properties":{"name":"Node","marker-size":"small","marker-color":"#666666"},"geometry":{"type":"Point","coordinates":[19.0165604,47.4673814]}},{"type":"Feature","properties":{"name":"Node","marker-size":"small","marker-color":"#666666"},"geometry":{"type":"Point","coordinates":[19.0573983,47.5256227]}},{"type":"Feature","properties":{"name":"Node","marker-size":"small","marker-color":"#666666"},"geometry":{"type":"Point","coordinates":[19.6888244,46.90778709999999]}},{"type":"Feature","properties":{"name":"Node","marker-size":"small","marker-color":"#666666"},"geometry":{"type":"Point","coordinates":[19.0611423,47.505497]}},{"type":"Feature","properties":{"name":"Node","marker-size":"small","marker-color":"#666666"},"geometry":{"type":"Point","coordinates":[19.1407986,47.54058149999998]}},{"type":"Feature","properties":{"name":"Node","marker-size":"small","marker-color":"#666666"},"geometry":{"type":"Point","coordinates":[19.0898761,47.5599879]}},{"type":"Feature","properties":{"name":"Node","marker-size":"small","marker-color":"#666666"},"geometry":{"type":"Point","coordinates":[19.166130680127306,47.43907544689294]}},{"type":"Feature","properties":{"name":"Node","marker-size":"small","marker-color":"#666666"},"geometry":{"type":"Point","coordinates":[19.0376089,47.5286571]}},{"type":"Feature","properties":{"name":"Node","marker-size":"small","marker-color":"#666666"},"geometry":{"type":"Point","coordinates":[19.1018596,47.5221809]}},{"type":"Feature","properties":{"name":"Node","marker-size":"small","marker-color":"#666666"},"geometry":{"type":"Point","coordinates":[17.3913123,47.73597649999999]}},{"type":"Feature","properties":{"name":"Node","marker-size":"small","marker-color":"#666666"},"geometry":{"type":"Point","coordinates":[17.550266451211648,47.69416965204]}},{"type":"Feature","properties":{"name":"Node","marker-size":"small","marker-color":"#666666"},"geometry":{"type":"Point","coordinates":[18.9325647,46.1854325]}},{"type":"Feature","properties":{"name":"Node","marker-size":"small","marker-color":"#666666"},"geometry":{"type":"Point","coordinates":[19.0615626,47.4160075]}},{"type":"Feature","properties":{"name":"Node","marker-size":"small","marker-color":"#666666"},"geometry":{"type":"Point","coordinates":[19.223509,47.375815]}},{"type":"Feature","properties":{"name":"Node","marker-size":"small","marker-color":"#666666"},"geometry":{"type":"Point","coordinates":[18.9155773,47.43486]}},{"type":"Feature","properties":{"name":"Node","marker-size":"small","marker-color":"#666666"},"geometry":{"type":"Point","coordinates":[18.387530122755194,47.602681621993675]}},{"type":"Feature","properties":{"name":"Node","marker-size":"small","marker-color":"#666666"},"geometry":{"type":"Point","coordinates":[18.3753133,47.5929881]}},{"type":"Feature","properties":{"name":"Node","marker-size":"small","marker-color":"#666666"},"geometry":{"type":"Point","coordinates":[19.089194846412912,47.71836104217667]}},{"type":"Feature","properties":{"name":"Node","marker-size":"small","marker-color":"#666666"},"geometry":{"type":"Point","coordinates":[19.8952899,46.2158718]}},{"type":"Feature","properties":{"name":"Node","marker-size":"small","marker-color":"#666666"},"geometry":{"type":"Point","coordinates":[20.130748094050414,46.25767494499909]}},{"type":"Feature","properties":{"name":"Node","marker-size":"small","marker-color":"#666666"},"geometry":{"type":"Point","coordinates":[20.086862673983124,46.28673798795607]}},{"type":"Feature","properties":{"name":"Node","marker-size":"small","marker-color":"#666666"},"geometry":{"type":"Point","coordinates":[20.172402106664606,46.23642763254799]}},{"type":"Feature","properties":{"name":"Node","marker-size":"small","marker-color":"#666666"},"geometry":{"type":"Point","coordinates":[19.0828954,47.4884429]}},{"type":"Feature","properties":{"name":"Node","marker-size":"small","marker-color":"#666666"},"geometry":{"type":"Point","coordinates":[19.0573917,47.5755458]}},{"type":"Feature","properties":{"name":"Node","marker-size":"small","marker-color":"#666666"},"geometry":{"type":"Point","coordinates":[19.0381778,47.5462869]}},{"type":"Feature","properties":{"name":"Node","marker-size":"small","marker-color":"#666666"},"geometry":{"type":"Point","coordinates":[19.0641551,47.5991958]}},{"type":"Feature","properties":{"name":"Node","marker-size":"small","marker-color":"#666666"},"geometry":{"type":"Point","coordinates":[16.770241170365622,47.374838936151725]}},{"type":"Feature","properties":{"name":"Node","marker-size":"small","marker-color":"#666666"},"geometry":{"type":"Point","coordinates":[17.5185096,47.5240143]}},{"type":"Feature","properties":{"name":"Node","marker-size":"small","marker-color":"#666666"},"geometry":{"type":"Point","coordinates":[18.011594119307983,47.71231857930438]}},{"type":"Feature","properties":{"name":"Node","marker-size":"small","marker-color":"#666666"},"geometry":{"type":"Point","coordinates":[17.666124442064575,47.64602167356706]}},{"type":"Feature","properties":{"name":"Node","marker-size":"small","marker-color":"#666666"},"geometry":{"type":"Point","coordinates":[18.161365,46.3828869]}},{"type":"Feature","properties":{"name":"Node","marker-size":"small","marker-color":"#666666"},"geometry":{"type":"Point","coordinates":[18.105706,46.25547790000001]}},{"type":"Feature","properties":{"name":"Node","marker-size":"small","marker-color":"#666666"},"geometry":{"type":"Point","coordinates":[19.03269698811726,47.477622144548896]}},{"type":"Feature","properties":{"name":"Node","marker-size":"small","marker-color":"#666666"},"geometry":{"type":"Point","coordinates":[18.9075372,47.3176426]}},{"type":"Feature","properties":{"name":"Node","marker-size":"small","marker-color":"#666666"},"geometry":{"type":"Point","coordinates":[18.9320816,47.4391601]}},{"type":"Feature","properties":{"name":"Node","marker-size":"small","marker-color":"#666666"},"geometry":{"type":"Point","coordinates":[18.92136914665179,47.37880969371526]}},{"type":"Feature","properties":{"name":"Node","marker-size":"small","marker-color":"#666666"},"geometry":{"type":"Point","coordinates":[19.025843233405254,47.50884693869594]}},{"type":"Feature","properties":{"name":"Node","marker-size":"small","marker-color":"#666666"},"geometry":{"type":"Point","coordinates":[18.7528484,47.44801529999999]}},{"type":"Feature","properties":{"name":"Node","marker-size":"small","marker-color":"#666666"},"geometry":{"type":"Point","coordinates":[18.9575599,47.4610798]}},{"type":"Feature","properties":{"name":"Node","marker-size":"small","marker-color":"#666666"},"geometry":{"type":"Point","coordinates":[18.726453,47.5448312]}},{"type":"Feature","properties":{"name":"Node","marker-size":"small","marker-color":"#666666"},"geometry":{"type":"Point","coordinates":[18.832682692483107,47.51636466447074]}},{"type":"Feature","properties":{"name":"Node","marker-size":"small","marker-color":"#666666"},"geometry":{"type":"Point","coordinates":[18.8378855,47.4741572]}},{"type":"Feature","properties":{"name":"Node","marker-size":"small","marker-color":"#666666"},"geometry":{"type":"Point","coordinates":[18.8905136,47.4075949]}},{"type":"Feature","properties":{"name":"Node","marker-size":"small","marker-color":"#666666"},"geometry":{"type":"Point","coordinates":[19.033375,47.4639377]}},{"type":"Feature","properties":{"name":"Node","marker-size":"small","marker-color":"#666666"},"geometry":{"type":"Point","coordinates":[18.9932145,47.472977]}},{"type":"Feature","properties":{"name":"Node","marker-size":"small","marker-color":"#666666"},"geometry":{"type":"Point","coordinates":[19.037048,47.4432546]}},{"type":"Feature","properties":{"name":"Node","marker-size":"small","marker-color":"#666666"},"geometry":{"type":"Point","coordinates":[19.025908093442048,47.49897234641951]}},{"type":"Feature","properties":{"name":"Node","marker-size":"small","marker-color":"#666666"},"geometry":{"type":"Point","coordinates":[18.920204345556755,47.5073367100595]}},{"type":"Feature","properties":{"name":"Node","marker-size":"small","marker-color":"#666666"},"geometry":{"type":"Point","coordinates":[18.8208276,47.549833799999995]}},{"type":"Feature","properties":{"name":"Node","marker-size":"small","marker-color":"#666666"},"geometry":{"type":"Point","coordinates":[21.712473783196504,48.12623955144494]}},{"type":"Feature","properties":{"name":"Node","marker-size":"small","marker-color":"#666666"},"geometry":{"type":"Point","coordinates":[19.0879893,47.5574443]}},{"type":"Feature","properties":{"name":"Node","marker-size":"small","marker-color":"#666666"},"geometry":{"type":"Point","coordinates":[19.07031029050261,47.52527216027352]}},{"type":"Feature","properties":{"name":"Node","marker-size":"small","marker-color":"#666666"},"geometry":{"type":"Point","coordinates":[18.294042248579633,47.05890315636132]}},{"type":"Feature","properties":{"name":"Node","marker-size":"small","marker-color":"#666666"},"geometry":{"type":"Point","coordinates":[19.060076,47.49599700000001]}},{"type":"Feature","properties":{"name":"Node","marker-size":"small","marker-color":"#666666"},"geometry":{"type":"Point","coordinates":[19.247280898308325,47.399634439035715]}},{"type":"Feature","properties":{"name":"Node","marker-size":"small","marker-color":"#666666"},"geometry":{"type":"Point","coordinates":[19.0815234,47.4742958]}},{"type":"Feature","properties":{"name":"Node","marker-size":"small","marker-color":"#666666"},"geometry":{"type":"Point","coordinates":[19.19408660695965,47.61848473703538]}},{"type":"Feature","properties":{"name":"Node","marker-size":"small","marker-color":"#666666"},"geometry":{"type":"Point","coordinates":[19.21621372641191,47.56192134092308]}},{"type":"Feature","properties":{"name":"Node","marker-size":"small","marker-color":"#666666"},"geometry":{"type":"Point","coordinates":[18.460687399455704,47.386190338189444]}},{"type":"Feature","properties":{"name":"Node","marker-size":"small","marker-color":"#666666"},"geometry":{"type":"Point","coordinates":[19.0480518,47.47491429999999]}},{"type":"Feature","properties":{"name":"Node","marker-size":"small","marker-color":"#666666"},"geometry":{"type":"Point","coordinates":[17.2820095547955,46.977244709354146]}},{"type":"Feature","properties":{"name":"Node","marker-size":"small","marker-color":"#666666"},"geometry":{"type":"Point","coordinates":[17.287207085881967,47.01277617443923]}},{"type":"Feature","properties":{"name":"Node","marker-size":"small","marker-color":"#666666"},"geometry":{"type":"Point","coordinates":[19.4531916,47.4289526]}},{"type":"Feature","properties":{"name":"Node","marker-size":"small","marker-color":"#666666"},"geometry":{"type":"Point","coordinates":[21.731976,47.59135]}},{"type":"Feature","properties":{"name":"Node","marker-size":"small","marker-color":"#666666"},"geometry":{"type":"Point","coordinates":[17.6555625,47.60513599999999]}},{"type":"Feature","properties":{"name":"Node","marker-size":"small","marker-color":"#666666"},"geometry":{"type":"Point","coordinates":[17.5997027,47.630834]}},{"type":"Feature","properties":{"name":"Node","marker-size":"small","marker-color":"#666666"},"geometry":{"type":"Point","coordinates":[17.7025032,47.56895509999999]}},{"type":"Feature","properties":{"name":"Node","marker-size":"small","marker-color":"#666666"},"geometry":{"type":"Point","coordinates":[22.30265034486686,47.94602739200101]}},{"type":"Feature","properties":{"name":"Node","marker-size":"small","marker-color":"#666666"},"geometry":{"type":"Point","coordinates":[19.4936596,46.2760056]}},{"type":"Feature","properties":{"name":"Node","marker-size":"small","marker-color":"#666666"},"geometry":{"type":"Point","coordinates":[19.5389553,46.2060507]}},{"type":"Feature","properties":{"name":"Node","marker-size":"small","marker-color":"#666666"},"geometry":{"type":"Point","coordinates":[19.066717796808316,47.27627576710998]}},{"type":"Feature","properties":{"name":"Node","marker-size":"small","marker-color":"#666666"},"geometry":{"type":"Point","coordinates":[19.2209857,46.8765168]}},{"type":"Feature","properties":{"name":"Node","marker-size":"small","marker-color":"#666666"},"geometry":{"type":"Point","coordinates":[17.4083918,46.58179369999999]}},{"type":"Feature","properties":{"name":"Node","marker-size":"small","marker-color":"#666666"},"geometry":{"type":"Point","coordinates":[17.22543504859532,46.778951249170085]}},{"type":"Feature","properties":{"name":"Node","marker-size":"small","marker-color":"#666666"},"geometry":{"type":"Point","coordinates":[17.92218471622099,47.113834946687234]}},{"type":"Feature","properties":{"name":"Node","marker-size":"small","marker-color":"#666666"},"geometry":{"type":"Point","coordinates":[17.010136852725623,46.4595384134269]}},{"type":"Feature","properties":{"name":"Node","marker-size":"small","marker-color":"#666666"},"geometry":{"type":"Point","coordinates":[16.8625166,46.8438684]}},{"type":"Feature","properties":{"name":"Node","marker-size":"small","marker-color":"#666666"},"geometry":{"type":"Point","coordinates":[19.062145284392248,47.52921878127764]}},{"type":"Feature","properties":{"name":"Node","marker-size":"small","marker-color":"#666666"},"geometry":{"type":"Point","coordinates":[21.756624,47.601541600000004]}},{"type":"Feature","properties":{"name":"Node","marker-size":"small","marker-color":"#666666"},"geometry":{"type":"Point","coordinates":[19.1451634,47.50992600000001]}},{"type":"Feature","properties":{"name":"Node","marker-size":"small","marker-color":"#666666"},"geometry":{"type":"Point","coordinates":[21.62619192885874,47.53482846606963]}},{"type":"Feature","properties":{"name":"Node","marker-size":"small","marker-color":"#666666"},"geometry":{"type":"Point","coordinates":[19.05745023861303,47.597464826466386]}},{"type":"Feature","properties":{"name":"Node","marker-size":"small","marker-color":"#666666"},"geometry":{"type":"Point","coordinates":[19.0439997,47.54633449999999]}},{"type":"Feature","properties":{"name":"Node","marker-size":"small","marker-color":"#666666"},"geometry":{"type":"Point","coordinates":[19.037828,47.5389938]}},{"type":"Feature","properties":{"name":"Node","marker-size":"small","marker-color":"#666666"},"geometry":{"type":"Point","coordinates":[19.1354876,47.54741740000001]}},{"type":"Feature","properties":{"name":"Node","marker-size":"small","marker-color":"#666666"},"geometry":{"type":"Point","coordinates":[19.048871,47.5016483]}},{"type":"Feature","properties":{"name":"Node","marker-size":"small","marker-color":"#666666"},"geometry":{"type":"Point","coordinates":[19.270511,47.595712]}},{"type":"Feature","properties":{"name":"Node","marker-size":"small","marker-color":"#666666"},"geometry":{"type":"Point","coordinates":[18.882949,47.578600599999994]}},{"type":"Feature","properties":{"name":"Node","marker-size":"small","marker-color":"#666666"},"geometry":{"type":"Point","coordinates":[19.0120042,47.4911352]}},{"type":"Feature","properties":{"name":"Node","marker-size":"small","marker-color":"#666666"},"geometry":{"type":"Point","coordinates":[19.0618305,47.5959325]}},{"type":"Feature","properties":{"name":"Node","marker-size":"small","marker-color":"#666666"},"geometry":{"type":"Point","coordinates":[19.0026562,47.5028723]}},{"type":"Feature","properties":{"name":"Node","marker-size":"small","marker-color":"#666666"},"geometry":{"type":"Point","coordinates":[19.0401855,47.5421722]}},{"type":"Feature","properties":{"name":"Node","marker-size":"small","marker-color":"#666666"},"geometry":{"type":"Point","coordinates":[18.92021578391542,47.55890142512841]}},{"type":"Feature","properties":{"name":"Node","marker-size":"small","marker-color":"#666666"},"geometry":{"type":"Point","coordinates":[19.0609196,47.53444739999999]}},{"type":"Feature","properties":{"name":"Node","marker-size":"small","marker-color":"#666666"},"geometry":{"type":"Point","coordinates":[19.0493804,47.568596]}},{"type":"Feature","properties":{"name":"Node","marker-size":"small","marker-color":"#666666"},"geometry":{"type":"Point","coordinates":[19.0380119,47.514767]}},{"type":"Feature","properties":{"name":"Node","marker-size":"small","marker-color":"#666666"},"geometry":{"type":"Point","coordinates":[19.092390732348896,47.50528628882147]}},{"type":"Feature","properties":{"name":"Node","marker-size":"small","marker-color":"#666666"},"geometry":{"type":"Point","coordinates":[17.108726,47.776834]}},{"type":"Feature","properties":{"name":"Node","marker-size":"small","marker-color":"#666666"},"geometry":{"type":"Point","coordinates":[19.9798498,46.47034379999999]}},{"type":"Feature","properties":{"name":"Node","marker-size":"small","marker-color":"#666666"},"geometry":{"type":"Point","coordinates":[17.7429795,47.6919757]}},{"type":"Feature","properties":{"name":"Node","marker-size":"small","marker-color":"#666666"},"geometry":{"type":"Point","coordinates":[21.000274,48.2446174]}},{"type":"Feature","properties":{"name":"Node","marker-size":"small","marker-color":"#666666"},"geometry":{"type":"Point","coordinates":[21.114727385885747,48.333337533282624]}},{"type":"Feature","properties":{"name":"Node","marker-size":"small","marker-color":"#666666"},"geometry":{"type":"Point","coordinates":[19.044630975440356,47.94149749983276]}},{"type":"Feature","properties":{"name":"Node","marker-size":"small","marker-color":"#666666"},"geometry":{"type":"Point","coordinates":[18.7777656,47.6203085]}},{"type":"Feature","properties":{"name":"Node","marker-size":"small","marker-color":"#666666"},"geometry":{"type":"Point","coordinates":[18.7184004,47.5465591]}},{"type":"Feature","properties":{"name":"Node","marker-size":"small","marker-color":"#666666"},"geometry":{"type":"Point","coordinates":[19.012209965652694,47.59885273666217]}},{"type":"Feature","properties":{"name":"Node","marker-size":"small","marker-color":"#666666"},"geometry":{"type":"Point","coordinates":[18.731652396833265,47.56744988829685]}},{"type":"Feature","properties":{"name":"Node","marker-size":"small","marker-color":"#666666"},"geometry":{"type":"Point","coordinates":[18.84640519019637,47.37546898865714]}},{"type":"Feature","properties":{"name":"Node","marker-size":"small","marker-color":"#666666"},"geometry":{"type":"Point","coordinates":[18.8305999,47.4072152]}},{"type":"Feature","properties":{"name":"Node","marker-size":"small","marker-color":"#666666"},"geometry":{"type":"Point","coordinates":[18.9912927,47.60809020000001]}},{"type":"Feature","properties":{"name":"Node","marker-size":"small","marker-color":"#666666"},"geometry":{"type":"Point","coordinates":[18.7527356,47.49786319999999]}},{"type":"Feature","properties":{"name":"Node","marker-size":"small","marker-color":"#666666"},"geometry":{"type":"Point","coordinates":[18.74169807984051,47.79417017964951]}},{"type":"Feature","properties":{"name":"Node","marker-size":"small","marker-color":"#666666"},"geometry":{"type":"Point","coordinates":[18.9315815,47.51289369999999]}},{"type":"Feature","properties":{"name":"Node","marker-size":"small","marker-color":"#666666"},"geometry":{"type":"Point","coordinates":[18.8073458,47.4662248]}},{"type":"Feature","properties":{"name":"Node","marker-size":"small","marker-color":"#666666"},"geometry":{"type":"Point","coordinates":[18.8179047,47.484706300000006]}},{"type":"Feature","properties":{"name":"Node","marker-size":"small","marker-color":"#666666"},"geometry":{"type":"Point","coordinates":[19.030715879757324,47.64368682109426]}},{"type":"Feature","properties":{"name":"Node","marker-size":"small","marker-color":"#666666"},"geometry":{"type":"Point","coordinates":[18.136676562723885,47.20296282570159]}},{"type":"Feature","properties":{"name":"Node","marker-size":"small","marker-color":"#666666"},"geometry":{"type":"Point","coordinates":[19.7551244,47.5216352]}},{"type":"Feature","properties":{"name":"Node","marker-size":"small","marker-color":"#666666"},"geometry":{"type":"Point","coordinates":[18.6444231,47.592442]}},{"type":"Feature","properties":{"name":"Node","marker-size":"small","marker-color":"#666666"},"geometry":{"type":"Point","coordinates":[21.263108961522825,46.650395330318936]}},{"type":"Feature","properties":{"name":"Node","marker-size":"small","marker-color":"#666666"},"geometry":{"type":"Point","coordinates":[21.284548412170775,46.64766361544537]}},{"type":"Feature","properties":{"name":"Node","marker-size":"small","marker-color":"#666666"},"geometry":{"type":"Point","coordinates":[19.6641021,47.6656026]}},{"type":"Feature","properties":{"name":"Node","marker-size":"small","marker-color":"#666666"},"geometry":{"type":"Point","coordinates":[20.0596027,47.37997070000001]}},{"type":"Feature","properties":{"name":"Node","marker-size":"small","marker-color":"#666666"},"geometry":{"type":"Point","coordinates":[20.0918462,47.37184999999999]}},{"type":"Feature","properties":{"name":"Node","marker-size":"small","marker-color":"#666666"},"geometry":{"type":"Point","coordinates":[19.9778642,47.6445607]}},{"type":"Feature","properties":{"name":"Node","marker-size":"small","marker-color":"#666666"},"geometry":{"type":"Point","coordinates":[19.910757509739557,47.498689175868776]}},{"type":"Feature","properties":{"name":"Node","marker-size":"small","marker-color":"#666666"},"geometry":{"type":"Point","coordinates":[19.9219903,47.5015345]}},{"type":"Feature","properties":{"name":"Node","marker-size":"small","marker-color":"#666666"},"geometry":{"type":"Point","coordinates":[19.915038,47.499719000000006]}},{"type":"Feature","properties":{"name":"Node","marker-size":"small","marker-color":"#666666"},"geometry":{"type":"Point","coordinates":[19.91002695226851,47.482775378464765]}},{"type":"Feature","properties":{"name":"Node","marker-size":"small","marker-color":"#666666"},"geometry":{"type":"Point","coordinates":[19.9206723,47.4922928]}},{"type":"Feature","properties":{"name":"Node","marker-size":"small","marker-color":"#666666"},"geometry":{"type":"Point","coordinates":[20.015094,47.5670705]}},{"type":"Feature","properties":{"name":"Node","marker-size":"small","marker-color":"#666666"},"geometry":{"type":"Point","coordinates":[19.71868662735066,47.57113567066298]}},{"type":"Feature","properties":{"name":"Node","marker-size":"small","marker-color":"#666666"},"geometry":{"type":"Point","coordinates":[21.27290987430156,47.35689723190996]}},{"type":"Feature","properties":{"name":"Node","marker-size":"small","marker-color":"#666666"},"geometry":{"type":"Point","coordinates":[20.92486091775542,47.31850637022781]}},{"type":"Feature","properties":{"name":"Node","marker-size":"small","marker-color":"#666666"},"geometry":{"type":"Point","coordinates":[20.6741835,47.2483435]}},{"type":"Feature","properties":{"name":"Node","marker-size":"small","marker-color":"#666666"},"geometry":{"type":"Point","coordinates":[19.260057146233212,47.54654456293341]}},{"type":"Feature","properties":{"name":"Node","marker-size":"small","marker-color":"#666666"},"geometry":{"type":"Point","coordinates":[20.7578347,47.21712429999999]}},{"type":"Feature","properties":{"name":"Node","marker-size":"small","marker-color":"#666666"},"geometry":{"type":"Point","coordinates":[19.582265,47.488858]}},{"type":"Feature","properties":{"name":"Node","marker-size":"small","marker-color":"#666666"},"geometry":{"type":"Point","coordinates":[21.08403526527866,46.960491739184306]}},{"type":"Feature","properties":{"name":"Node","marker-size":"small","marker-color":"#666666"},"geometry":{"type":"Point","coordinates":[18.485058,47.7501915]}},{"type":"Feature","properties":{"name":"Node","marker-size":"small","marker-color":"#666666"},"geometry":{"type":"Point","coordinates":[20.9237096,46.407103000000006]}},{"type":"Feature","properties":{"name":"Node","marker-size":"small","marker-color":"#666666"},"geometry":{"type":"Point","coordinates":[20.62979,46.999934]}},{"type":"Feature","properties":{"name":"Node","marker-size":"small","marker-color":"#666666"},"geometry":{"type":"Point","coordinates":[19.7414677,47.41755999999999]}},{"type":"Feature","properties":{"name":"Node","marker-size":"small","marker-color":"#666666"},"geometry":{"type":"Point","coordinates":[20.0283983,47.9235234]}},{"type":"Feature","properties":{"name":"Node","marker-size":"small","marker-color":"#666666"},"geometry":{"type":"Point","coordinates":[18.828564307913727,47.63226766181767]}},{"type":"Feature","properties":{"name":"Node","marker-size":"small","marker-color":"#666666"},"geometry":{"type":"Point","coordinates":[19.0286102,47.63629829999999]}},{"type":"Feature","properties":{"name":"Node","marker-size":"small","marker-color":"#666666"},"geometry":{"type":"Point","coordinates":[19.792289238380675,47.55644357435912]}},{"type":"Feature","properties":{"name":"Node","marker-size":"small","marker-color":"#666666"},"geometry":{"type":"Point","coordinates":[20.194962,47.9307738]}},{"type":"Feature","properties":{"name":"Node","marker-size":"small","marker-color":"#666666"},"geometry":{"type":"Point","coordinates":[21.1761083,47.02112100000001]}},{"type":"Feature","properties":{"name":"Node","marker-size":"small","marker-color":"#666666"},"geometry":{"type":"Point","coordinates":[18.4287952,47.1945905]}},{"type":"Feature","properties":{"name":"Node","marker-size":"small","marker-color":"#666666"},"geometry":{"type":"Point","coordinates":[18.4636873,47.19126179999999]}},{"type":"Feature","properties":{"name":"Node","marker-size":"small","marker-color":"#666666"},"geometry":{"type":"Point","coordinates":[19.6931430305177,47.44701403265643]}},{"type":"Feature","properties":{"name":"Node","marker-size":"small","marker-color":"#666666"},"geometry":{"type":"Point","coordinates":[18.871862,47.81768700000001]}},{"type":"Feature","properties":{"name":"Node","marker-size":"small","marker-color":"#666666"},"geometry":{"type":"Point","coordinates":[19.089342,47.754477400000006]}},{"type":"Feature","properties":{"name":"Node","marker-size":"small","marker-color":"#666666"},"geometry":{"type":"Point","coordinates":[19.5947754,47.45143109999999]}},{"type":"Feature","properties":{"name":"Node","marker-size":"small","marker-color":"#666666"},"geometry":{"type":"Point","coordinates":[19.7466839,47.340279]}},{"type":"Feature","properties":{"name":"Node","marker-size":"small","marker-color":"#666666"},"geometry":{"type":"Point","coordinates":[20.743046,47.10313529999999]}},{"type":"Feature","properties":{"name":"Node","marker-size":"small","marker-color":"#666666"},"geometry":{"type":"Point","coordinates":[21.21214142121359,47.106948831649675]}},{"type":"Feature","properties":{"name":"Node","marker-size":"small","marker-color":"#666666"},"geometry":{"type":"Point","coordinates":[20.528435659046213,47.247987500488335]}},{"type":"Feature","properties":{"name":"Node","marker-size":"small","marker-color":"#666666"},"geometry":{"type":"Point","coordinates":[19.847425,47.361831]}},{"type":"Feature","properties":{"name":"Node","marker-size":"small","marker-color":"#666666"},"geometry":{"type":"Point","coordinates":[21.2521549,46.528477]}},{"type":"Feature","properties":{"name":"Node","marker-size":"small","marker-color":"#666666"},"geometry":{"type":"Point","coordinates":[19.5515414,47.21000710000001]}},{"type":"Feature","properties":{"name":"Node","marker-size":"small","marker-color":"#666666"},"geometry":{"type":"Point","coordinates":[19.6957978,47.1164664]}},{"type":"Feature","properties":{"name":"Node","marker-size":"small","marker-color":"#666666"},"geometry":{"type":"Point","coordinates":[20.2001137,46.9619923]}},{"type":"Feature","properties":{"name":"Node","marker-size":"small","marker-color":"#666666"},"geometry":{"type":"Point","coordinates":[19.1268865,47.5683116]}},{"type":"Feature","properties":{"name":"Node","marker-size":"small","marker-color":"#666666"},"geometry":{"type":"Point","coordinates":[19.61514455485017,47.24507902098222]}},{"type":"Feature","properties":{"name":"Node","marker-size":"small","marker-color":"#666666"},"geometry":{"type":"Point","coordinates":[20.040198545048238,47.42388338497463]}},{"type":"Feature","properties":{"name":"Node","marker-size":"small","marker-color":"#666666"},"geometry":{"type":"Point","coordinates":[20.006647,47.188891]}},{"type":"Feature","properties":{"name":"Node","marker-size":"small","marker-color":"#666666"},"geometry":{"type":"Point","coordinates":[20.10438105723043,47.93216908824332]}},{"type":"Feature","properties":{"name":"Node","marker-size":"small","marker-color":"#666666"},"geometry":{"type":"Point","coordinates":[19.8748837,47.32996669999999]}},{"type":"Feature","properties":{"name":"Node","marker-size":"small","marker-color":"#666666"},"geometry":{"type":"Point","coordinates":[19.2117556,47.50964520000001]}},{"type":"Feature","properties":{"name":"Node","marker-size":"small","marker-color":"#666666"},"geometry":{"type":"Point","coordinates":[19.120366705235966,47.51425424121848]}},{"type":"Feature","properties":{"name":"Node","marker-size":"small","marker-color":"#666666"},"geometry":{"type":"Point","coordinates":[20.16364514116379,46.17511776572384]}},{"type":"Feature","properties":{"name":"Node","marker-size":"small","marker-color":"#666666"},"geometry":{"type":"Point","coordinates":[20.1966855,46.22091959999999]}},{"type":"Feature","properties":{"name":"Node","marker-size":"small","marker-color":"#666666"},"geometry":{"type":"Point","coordinates":[20.040885,46.34129339999999]}},{"type":"Feature","properties":{"name":"Node","marker-size":"small","marker-color":"#666666"},"geometry":{"type":"Point","coordinates":[19.685236,46.32859860000001]}},{"type":"Feature","properties":{"name":"Node","marker-size":"small","marker-color":"#666666"},"geometry":{"type":"Point","coordinates":[19.9167763,46.32081209999999]}},{"type":"Feature","properties":{"name":"Node","marker-size":"small","marker-color":"#666666"},"geometry":{"type":"Point","coordinates":[20.0632588,46.2746085]}},{"type":"Feature","properties":{"name":"Node","marker-size":"small","marker-color":"#666666"},"geometry":{"type":"Point","coordinates":[20.1673191,46.25066169999999]}},{"type":"Feature","properties":{"name":"Node","marker-size":"small","marker-color":"#666666"},"geometry":{"type":"Point","coordinates":[20.14618841132141,46.24908939772407]}},{"type":"Feature","properties":{"name":"Node","marker-size":"small","marker-color":"#666666"},"geometry":{"type":"Point","coordinates":[20.1836722,46.5255224]}},{"type":"Feature","properties":{"name":"Node","marker-size":"small","marker-color":"#666666"},"geometry":{"type":"Point","coordinates":[19.9728564,46.3262486]}},{"type":"Feature","properties":{"name":"Node","marker-size":"small","marker-color":"#666666"},"geometry":{"type":"Point","coordinates":[19.8482261,46.3381018]}},{"type":"Feature","properties":{"name":"Node","marker-size":"small","marker-color":"#666666"},"geometry":{"type":"Point","coordinates":[20.13871264005785,46.24707213152433]}},{"type":"Feature","properties":{"name":"Node","marker-size":"small","marker-color":"#666666"},"geometry":{"type":"Point","coordinates":[20.036644,46.186518]}},{"type":"Feature","properties":{"name":"Node","marker-size":"small","marker-color":"#666666"},"geometry":{"type":"Point","coordinates":[20.0082525,46.4246291]}},{"type":"Feature","properties":{"name":"Node","marker-size":"small","marker-color":"#666666"},"geometry":{"type":"Point","coordinates":[20.2631259,46.6516604]}},{"type":"Feature","properties":{"name":"Node","marker-size":"small","marker-color":"#666666"},"geometry":{"type":"Point","coordinates":[20.6330945,47.3685789]}},{"type":"Feature","properties":{"name":"Node","marker-size":"small","marker-color":"#666666"},"geometry":{"type":"Point","coordinates":[18.07679,47.635226]}},{"type":"Feature","properties":{"name":"Node","marker-size":"small","marker-color":"#666666"},"geometry":{"type":"Point","coordinates":[17.517144,47.5155762]}},{"type":"Feature","properties":{"name":"Node","marker-size":"small","marker-color":"#666666"},"geometry":{"type":"Point","coordinates":[20.7579468,47.61610520000001]}},{"type":"Feature","properties":{"name":"Node","marker-size":"small","marker-color":"#666666"},"geometry":{"type":"Point","coordinates":[20.07201335990103,47.29144717606233]}},{"type":"Feature","properties":{"name":"Node","marker-size":"small","marker-color":"#666666"},"geometry":{"type":"Point","coordinates":[21.613334306546815,47.5429708347237]}},{"type":"Feature","properties":{"name":"Node","marker-size":"small","marker-color":"#666666"},"geometry":{"type":"Point","coordinates":[19.9278824,47.78313789999999]}},{"type":"Feature","properties":{"name":"Node","marker-size":"small","marker-color":"#666666"},"geometry":{"type":"Point","coordinates":[21.6029329,47.5171622]}},{"type":"Feature","properties":{"name":"Node","marker-size":"small","marker-color":"#666666"},"geometry":{"type":"Point","coordinates":[18.4054971,47.1952566]}},{"type":"Feature","properties":{"name":"Node","marker-size":"small","marker-color":"#666666"},"geometry":{"type":"Point","coordinates":[19.79449253044248,47.169613247924]}},{"type":"Feature","properties":{"name":"Node","marker-size":"small","marker-color":"#666666"},"geometry":{"type":"Point","coordinates":[20.2275034,47.0884886]}},{"type":"Feature","properties":{"name":"Node","marker-size":"small","marker-color":"#666666"},"geometry":{"type":"Point","coordinates":[20.737221,46.411374]}},{"type":"Feature","properties":{"name":"Node","marker-size":"small","marker-color":"#666666"},"geometry":{"type":"Point","coordinates":[20.212141567427263,47.12195362631643]}},{"type":"Feature","properties":{"name":"Node","marker-size":"small","marker-color":"#666666"},"geometry":{"type":"Point","coordinates":[20.197934,47.1743831]}},{"type":"Feature","properties":{"name":"Node","marker-size":"small","marker-color":"#666666"},"geometry":{"type":"Point","coordinates":[20.1761195,47.1772283]}},{"type":"Feature","properties":{"name":"Node","marker-size":"small","marker-color":"#666666"},"geometry":{"type":"Point","coordinates":[20.181111402336562,47.17748379216835]}},{"type":"Feature","properties":{"name":"Node","marker-size":"small","marker-color":"#666666"},"geometry":{"type":"Point","coordinates":[20.1870954,47.19389049999999]}},{"type":"Feature","properties":{"name":"Node","marker-size":"small","marker-color":"#666666"},"geometry":{"type":"Point","coordinates":[20.192735788305622,47.177057439878496]}},{"type":"Feature","properties":{"name":"Node","marker-size":"small","marker-color":"#666666"},"geometry":{"type":"Point","coordinates":[19.47585985864145,46.43076540483929]}},{"type":"Feature","properties":{"name":"Node","marker-size":"small","marker-color":"#666666"},"geometry":{"type":"Point","coordinates":[19.4886192,46.4322025]}},{"type":"Feature","properties":{"name":"Node","marker-size":"small","marker-color":"#666666"},"geometry":{"type":"Point","coordinates":[19.4652818,46.4281539]}},{"type":"Feature","properties":{"name":"Node","marker-size":"small","marker-color":"#666666"},"geometry":{"type":"Point","coordinates":[21.62011445393602,47.23796076425675]}},{"type":"Feature","properties":{"name":"Node","marker-size":"small","marker-color":"#666666"},"geometry":{"type":"Point","coordinates":[21.6645961,47.673297100000006]}},{"type":"Feature","properties":{"name":"Node","marker-size":"small","marker-color":"#666666"},"geometry":{"type":"Point","coordinates":[21.3548984,47.2529512]}},{"type":"Feature","properties":{"name":"Node","marker-size":"small","marker-color":"#666666"},"geometry":{"type":"Point","coordinates":[21.6408324,47.1996758]}},{"type":"Feature","properties":{"name":"Node","marker-size":"small","marker-color":"#666666"},"geometry":{"type":"Point","coordinates":[21.6801984,47.803115999999996]}},{"type":"Feature","properties":{"name":"Node","marker-size":"small","marker-color":"#666666"},"geometry":{"type":"Point","coordinates":[21.5426198,47.22516370000001]}},{"type":"Feature","properties":{"name":"Node","marker-size":"small","marker-color":"#666666"},"geometry":{"type":"Point","coordinates":[21.3583138,47.956272]}},{"type":"Feature","properties":{"name":"Node","marker-size":"small","marker-color":"#666666"},"geometry":{"type":"Point","coordinates":[21.373959,47.945562]}},{"type":"Feature","properties":{"name":"Node","marker-size":"small","marker-color":"#666666"},"geometry":{"type":"Point","coordinates":[21.4991767,47.81646139999999]}},{"type":"Feature","properties":{"name":"Node","marker-size":"small","marker-color":"#666666"},"geometry":{"type":"Point","coordinates":[19.179950458308838,47.6281778791452]}},{"type":"Feature","properties":{"name":"Node","marker-size":"small","marker-color":"#666666"},"geometry":{"type":"Point","coordinates":[19.6016499,47.610461900000004]}},{"type":"Feature","properties":{"name":"Node","marker-size":"small","marker-color":"#666666"},"geometry":{"type":"Point","coordinates":[21.239367,46.7314499]}},{"type":"Feature","properties":{"name":"Node","marker-size":"small","marker-color":"#666666"},"geometry":{"type":"Point","coordinates":[19.3193752,47.6740816]}},{"type":"Feature","properties":{"name":"Node","marker-size":"small","marker-color":"#666666"},"geometry":{"type":"Point","coordinates":[19.3545534,47.59863820000001]}},{"type":"Feature","properties":{"name":"Node","marker-size":"small","marker-color":"#666666"},"geometry":{"type":"Point","coordinates":[19.2869076,47.6546548]}},{"type":"Feature","properties":{"name":"Node","marker-size":"small","marker-color":"#666666"},"geometry":{"type":"Point","coordinates":[19.34825603678435,47.59886329846106]}},{"type":"Feature","properties":{"name":"Node","marker-size":"small","marker-color":"#666666"},"geometry":{"type":"Point","coordinates":[16.420730235404715,46.8383349492995]}},{"type":"Feature","properties":{"name":"Node","marker-size":"small","marker-color":"#666666"},"geometry":{"type":"Point","coordinates":[16.606194647948463,47.23906691009321]}},{"type":"Feature","properties":{"name":"Node","marker-size":"small","marker-color":"#666666"},"geometry":{"type":"Point","coordinates":[17.9754541,46.9911166]}},{"type":"Feature","properties":{"name":"Node","marker-size":"small","marker-color":"#666666"},"geometry":{"type":"Point","coordinates":[16.8747103,47.5899066]}},{"type":"Feature","properties":{"name":"Node","marker-size":"small","marker-color":"#666666"},"geometry":{"type":"Point","coordinates":[17.096344984615346,47.46597190737309]}},{"type":"Feature","properties":{"name":"Node","marker-size":"small","marker-color":"#666666"},"geometry":{"type":"Point","coordinates":[16.5443981,47.38165219999999]}},{"type":"Feature","properties":{"name":"Node","marker-size":"small","marker-color":"#666666"},"geometry":{"type":"Point","coordinates":[19.0419941,47.339008]}},{"type":"Feature","properties":{"name":"Node","marker-size":"small","marker-color":"#666666"},"geometry":{"type":"Point","coordinates":[18.964620765638017,46.52819512445963]}},{"type":"Feature","properties":{"name":"Node","marker-size":"small","marker-color":"#666666"},"geometry":{"type":"Point","coordinates":[20.427628120651374,46.18747980178873]}},{"type":"Feature","properties":{"name":"Node","marker-size":"small","marker-color":"#666666"},"geometry":{"type":"Point","coordinates":[20.4765849,46.2166022]}},{"type":"Feature","properties":{"name":"Node","marker-size":"small","marker-color":"#666666"},"geometry":{"type":"Point","coordinates":[18.953995,46.48712400000001]}},{"type":"Feature","properties":{"name":"Node","marker-size":"small","marker-color":"#666666"},"geometry":{"type":"Point","coordinates":[20.1481373,46.70832269999999]}},{"type":"Feature","properties":{"name":"Node","marker-size":"small","marker-color":"#666666"},"geometry":{"type":"Point","coordinates":[20.0027547,46.2450403]}},{"type":"Feature","properties":{"name":"Node","marker-size":"small","marker-color":"#666666"},"geometry":{"type":"Point","coordinates":[19.0000639,46.644286]}},{"type":"Feature","properties":{"name":"Node","marker-size":"small","marker-color":"#666666"},"geometry":{"type":"Point","coordinates":[20.4563776,46.6712715]}},{"type":"Feature","properties":{"name":"Node","marker-size":"small","marker-color":"#666666"},"geometry":{"type":"Point","coordinates":[19.1122827,46.40006019999999]}},{"type":"Feature","properties":{"name":"Node","marker-size":"small","marker-color":"#666666"},"geometry":{"type":"Point","coordinates":[20.3177979,46.41527079999999]}},{"type":"Feature","properties":{"name":"Node","marker-size":"small","marker-color":"#666666"},"geometry":{"type":"Point","coordinates":[18.9758857,46.52541219999999]}},{"type":"Feature","properties":{"name":"Node","marker-size":"small","marker-color":"#666666"},"geometry":{"type":"Point","coordinates":[19.55808435540354,47.02573249810402]}},{"type":"Feature","properties":{"name":"Node","marker-size":"small","marker-color":"#666666"},"geometry":{"type":"Point","coordinates":[20.1895816,46.525555700000005]}},{"type":"Feature","properties":{"name":"Node","marker-size":"small","marker-color":"#666666"},"geometry":{"type":"Point","coordinates":[19.884444,46.2163321]}},{"type":"Feature","properties":{"name":"Node","marker-size":"small","marker-color":"#666666"},"geometry":{"type":"Point","coordinates":[20.2248404,46.5856404]}},{"type":"Feature","properties":{"name":"Node","marker-size":"small","marker-color":"#666666"},"geometry":{"type":"Point","coordinates":[20.5399713,46.505911]}},{"type":"Feature","properties":{"name":"Node","marker-size":"small","marker-color":"#666666"},"geometry":{"type":"Point","coordinates":[20.266131123803987,46.65585409136331]}},{"type":"Feature","properties":{"name":"Node","marker-size":"small","marker-color":"#666666"},"geometry":{"type":"Point","coordinates":[20.2522077,46.6442595]}},{"type":"Feature","properties":{"name":"Node","marker-size":"small","marker-color":"#666666"},"geometry":{"type":"Point","coordinates":[20.2492776,46.6649371]}},{"type":"Feature","properties":{"name":"Node","marker-size":"small","marker-color":"#666666"},"geometry":{"type":"Point","coordinates":[19.887704596796215,46.27496258685198]}},{"type":"Feature","properties":{"name":"Node","marker-size":"small","marker-color":"#666666"},"geometry":{"type":"Point","coordinates":[20.4923508,46.319823]}},{"type":"Feature","properties":{"name":"Node","marker-size":"small","marker-color":"#666666"},"geometry":{"type":"Point","coordinates":[20.166284,47.3647038]}},{"type":"Feature","properties":{"name":"Node","marker-size":"small","marker-color":"#666666"},"geometry":{"type":"Point","coordinates":[20.2884239,47.59441749999999]}},{"type":"Feature","properties":{"name":"Node","marker-size":"small","marker-color":"#666666"},"geometry":{"type":"Point","coordinates":[19.1248256,47.026004300000004]}},{"type":"Feature","properties":{"name":"Node","marker-size":"small","marker-color":"#666666"},"geometry":{"type":"Point","coordinates":[17.887546,47.1016373]}},{"type":"Feature","properties":{"name":"Node","marker-size":"small","marker-color":"#666666"},"geometry":{"type":"Point","coordinates":[16.8259724,46.8186467]}},{"type":"Feature","properties":{"name":"Node","marker-size":"small","marker-color":"#666666"},"geometry":{"type":"Point","coordinates":[17.985126377104464,45.860486976084665]}},{"type":"Feature","properties":{"name":"Node","marker-size":"small","marker-color":"#666666"},"geometry":{"type":"Point","coordinates":[18.40739512942954,47.57621436370463]}},{"type":"Feature","properties":{"name":"Node","marker-size":"small","marker-color":"#666666"},"geometry":{"type":"Point","coordinates":[17.4462076,46.8898885]}},{"type":"Feature","properties":{"name":"Node","marker-size":"small","marker-color":"#666666"},"geometry":{"type":"Point","coordinates":[18.2901194,46.62700250000001]}},{"type":"Feature","properties":{"name":"Node","marker-size":"small","marker-color":"#666666"},"geometry":{"type":"Point","coordinates":[16.611835953196586,47.24152910962332]}},{"type":"Feature","properties":{"name":"Node","marker-size":"small","marker-color":"#666666"},"geometry":{"type":"Point","coordinates":[18.7192776,46.353045800000004]}},{"type":"Feature","properties":{"name":"Node","marker-size":"small","marker-color":"#666666"},"geometry":{"type":"Point","coordinates":[18.4068436,47.1611109]}},{"type":"Feature","properties":{"name":"Node","marker-size":"small","marker-color":"#666666"},"geometry":{"type":"Point","coordinates":[18.239182233722264,46.07736087376741]}},{"type":"Feature","properties":{"name":"Node","marker-size":"small","marker-color":"#666666"},"geometry":{"type":"Point","coordinates":[17.46514672499242,47.343104139475756]}},{"type":"Feature","properties":{"name":"Node","marker-size":"small","marker-color":"#666666"},"geometry":{"type":"Point","coordinates":[16.9866636,46.44596989999999]}},{"type":"Feature","properties":{"name":"Node","marker-size":"small","marker-color":"#666666"},"geometry":{"type":"Point","coordinates":[17.0100445,46.459604999999996]}},{"type":"Feature","properties":{"name":"Node","marker-size":"small","marker-color":"#666666"},"geometry":{"type":"Point","coordinates":[17.0050134,46.4552247]}},{"type":"Feature","properties":{"name":"Node","marker-size":"small","marker-color":"#666666"},"geometry":{"type":"Point","coordinates":[17.3632925569292,46.226019139643185]}},{"type":"Feature","properties":{"name":"Node","marker-size":"small","marker-color":"#666666"},"geometry":{"type":"Point","coordinates":[18.786652396470835,47.31672682891134]}},{"type":"Feature","properties":{"name":"Node","marker-size":"small","marker-color":"#666666"},"geometry":{"type":"Point","coordinates":[17.7804491,46.3647161]}},{"type":"Feature","properties":{"name":"Node","marker-size":"small","marker-color":"#666666"},"geometry":{"type":"Point","coordinates":[18.9111464,46.96080449999999]}},{"type":"Feature","properties":{"name":"Node","marker-size":"small","marker-color":"#666666"},"geometry":{"type":"Point","coordinates":[17.4352635,47.1064403]}},{"type":"Feature","properties":{"name":"Node","marker-size":"small","marker-color":"#666666"},"geometry":{"type":"Point","coordinates":[18.1316657,47.1129719]}},{"type":"Feature","properties":{"name":"Node","marker-size":"small","marker-color":"#666666"},"geometry":{"type":"Point","coordinates":[17.1910477,46.792650099999996]}},{"type":"Feature","properties":{"name":"Node","marker-size":"small","marker-color":"#666666"},"geometry":{"type":"Point","coordinates":[18.45671648692112,45.87251567239246]}},{"type":"Feature","properties":{"name":"Node","marker-size":"small","marker-color":"#666666"},"geometry":{"type":"Point","coordinates":[17.4937562,47.3044376]}},{"type":"Feature","properties":{"name":"Node","marker-size":"small","marker-color":"#666666"},"geometry":{"type":"Point","coordinates":[17.564319264350654,47.106162140650376]}},{"type":"Feature","properties":{"name":"Node","marker-size":"small","marker-color":"#666666"},"geometry":{"type":"Point","coordinates":[18.0316935,46.7289061]}},{"type":"Feature","properties":{"name":"Node","marker-size":"small","marker-color":"#666666"},"geometry":{"type":"Point","coordinates":[17.4645248,45.95935299999999]}},{"type":"Feature","properties":{"name":"Node","marker-size":"small","marker-color":"#666666"},"geometry":{"type":"Point","coordinates":[17.5621041,47.1066826]}},{"type":"Feature","properties":{"name":"Node","marker-size":"small","marker-color":"#666666"},"geometry":{"type":"Point","coordinates":[17.551604934723997,47.102950057212816]}},{"type":"Feature","properties":{"name":"Node","marker-size":"small","marker-color":"#666666"},"geometry":{"type":"Point","coordinates":[17.90426922664568,47.079608489751706]}},{"type":"Feature","properties":{"name":"Node","marker-size":"small","marker-color":"#666666"},"geometry":{"type":"Point","coordinates":[17.8747689,47.26128240000001]}},{"type":"Feature","properties":{"name":"Node","marker-size":"small","marker-color":"#666666"},"geometry":{"type":"Point","coordinates":[18.013522,47.032597]}},{"type":"Feature","properties":{"name":"Node","marker-size":"small","marker-color":"#666666"},"geometry":{"type":"Point","coordinates":[17.0779703,46.9431849]}},{"type":"Feature","properties":{"name":"Node","marker-size":"small","marker-color":"#666666"},"geometry":{"type":"Point","coordinates":[18.9196816,46.9622647]}},{"type":"Feature","properties":{"name":"Node","marker-size":"small","marker-color":"#666666"},"geometry":{"type":"Point","coordinates":[16.830075453519594,46.8250091215243]}},{"type":"Feature","properties":{"name":"Node","marker-size":"small","marker-color":"#666666"},"geometry":{"type":"Point","coordinates":[18.2268177,46.042255700000005]}},{"type":"Feature","properties":{"name":"Node","marker-size":"small","marker-color":"#666666"},"geometry":{"type":"Point","coordinates":[17.37092005208651,46.70505627519181]}},{"type":"Feature","properties":{"name":"Node","marker-size":"small","marker-color":"#666666"},"geometry":{"type":"Point","coordinates":[16.828910238328813,46.83669359411112]}},{"type":"Feature","properties":{"name":"Node","marker-size":"small","marker-color":"#666666"},"geometry":{"type":"Point","coordinates":[18.229434,46.073515]}},{"type":"Feature","properties":{"name":"Node","marker-size":"small","marker-color":"#666666"},"geometry":{"type":"Point","coordinates":[18.2158646,46.040147000000005]}},{"type":"Feature","properties":{"name":"Node","marker-size":"small","marker-color":"#666666"},"geometry":{"type":"Point","coordinates":[16.832727912885666,46.84097292129815]}},{"type":"Feature","properties":{"name":"Node","marker-size":"small","marker-color":"#666666"},"geometry":{"type":"Point","coordinates":[18.419102,46.158636]}},{"type":"Feature","properties":{"name":"Node","marker-size":"small","marker-color":"#666666"},"geometry":{"type":"Point","coordinates":[18.705076205085252,46.34984453966202]}},{"type":"Feature","properties":{"name":"Node","marker-size":"small","marker-color":"#666666"},"geometry":{"type":"Point","coordinates":[17.850420340055376,45.87228706745598]}},{"type":"Feature","properties":{"name":"Node","marker-size":"small","marker-color":"#666666"},"geometry":{"type":"Point","coordinates":[18.7033422,46.3585345]}},{"type":"Feature","properties":{"name":"Node","marker-size":"small","marker-color":"#666666"},"geometry":{"type":"Point","coordinates":[18.70302493924665,46.347138199890786]}},{"type":"Feature","properties":{"name":"Node","marker-size":"small","marker-color":"#666666"},"geometry":{"type":"Point","coordinates":[18.2107371,46.08257589999999]}},{"type":"Feature","properties":{"name":"Node","marker-size":"small","marker-color":"#666666"},"geometry":{"type":"Point","coordinates":[18.134201596802026,46.378602276256096]}},{"type":"Feature","properties":{"name":"Node","marker-size":"small","marker-color":"#666666"},"geometry":{"type":"Point","coordinates":[19.735691955332697,46.4920719105623]}},{"type":"Feature","properties":{"name":"Node","marker-size":"small","marker-color":"#666666"},"geometry":{"type":"Point","coordinates":[18.3333518,47.54857029999999]}},{"type":"Feature","properties":{"name":"Node","marker-size":"small","marker-color":"#666666"},"geometry":{"type":"Point","coordinates":[17.5695823,47.1057085]}},{"type":"Feature","properties":{"name":"Node","marker-size":"small","marker-color":"#666666"},"geometry":{"type":"Point","coordinates":[17.917208696522128,47.10867604610565]}},{"type":"Feature","properties":{"name":"Node","marker-size":"small","marker-color":"#666666"},"geometry":{"type":"Point","coordinates":[18.7622712,46.41707359999999]}},{"type":"Feature","properties":{"name":"Node","marker-size":"small","marker-color":"#666666"},"geometry":{"type":"Point","coordinates":[18.0368133,46.73475]}},{"type":"Feature","properties":{"name":"Node","marker-size":"small","marker-color":"#666666"},"geometry":{"type":"Point","coordinates":[17.4383698,46.8821008]}},{"type":"Feature","properties":{"name":"Node","marker-size":"small","marker-color":"#666666"},"geometry":{"type":"Point","coordinates":[16.6047306,47.24268080000001]}},{"type":"Feature","properties":{"name":"Node","marker-size":"small","marker-color":"#666666"},"geometry":{"type":"Point","coordinates":[19.1984752,47.9970156]}},{"type":"Feature","properties":{"name":"Node","marker-size":"small","marker-color":"#666666"},"geometry":{"type":"Point","coordinates":[20.5715816,47.809701000000004]}},{"type":"Feature","properties":{"name":"Node","marker-size":"small","marker-color":"#666666"},"geometry":{"type":"Point","coordinates":[20.3734978,47.9177603]}},{"type":"Feature","properties":{"name":"Node","marker-size":"small","marker-color":"#666666"},"geometry":{"type":"Point","coordinates":[21.83693483748075,47.87717175266616]}},{"type":"Feature","properties":{"name":"Node","marker-size":"small","marker-color":"#666666"},"geometry":{"type":"Point","coordinates":[22.0780039,48.22493510000001]}},{"type":"Feature","properties":{"name":"Node","marker-size":"small","marker-color":"#666666"},"geometry":{"type":"Point","coordinates":[22.084240450104,48.22621593498804]}},{"type":"Feature","properties":{"name":"Node","marker-size":"small","marker-color":"#666666"},"geometry":{"type":"Point","coordinates":[19.52009426237304,48.0806776425417]}},{"type":"Feature","properties":{"name":"Node","marker-size":"small","marker-color":"#666666"},"geometry":{"type":"Point","coordinates":[21.736989165796125,47.9593396913358]}},{"type":"Feature","properties":{"name":"Node","marker-size":"small","marker-color":"#666666"},"geometry":{"type":"Point","coordinates":[20.902642820833215,47.82207723057355]}},{"type":"Feature","properties":{"name":"Node","marker-size":"small","marker-color":"#666666"},"geometry":{"type":"Point","coordinates":[18.843230286583783,46.61586521141713]}},{"type":"Feature","properties":{"name":"Node","marker-size":"small","marker-color":"#666666"},"geometry":{"type":"Point","coordinates":[21.2309483,47.8240596]}},{"type":"Feature","properties":{"name":"Node","marker-size":"small","marker-color":"#666666"},"geometry":{"type":"Point","coordinates":[21.103537,47.7275793]}},{"type":"Feature","properties":{"name":"Node","marker-size":"small","marker-color":"#666666"},"geometry":{"type":"Point","coordinates":[21.3422024,47.61348659999999]}},{"type":"Feature","properties":{"name":"Node","marker-size":"small","marker-color":"#666666"},"geometry":{"type":"Point","coordinates":[21.114432813170147,47.87236595216666]}},{"type":"Feature","properties":{"name":"Node","marker-size":"small","marker-color":"#666666"},"geometry":{"type":"Point","coordinates":[21.7250863,47.969362000000004]}},{"type":"Feature","properties":{"name":"Node","marker-size":"small","marker-color":"#666666"},"geometry":{"type":"Point","coordinates":[21.7141245,47.96453469999999]}},{"type":"Feature","properties":{"name":"Node","marker-size":"small","marker-color":"#666666"},"geometry":{"type":"Point","coordinates":[21.710422,47.9589214]}},{"type":"Feature","properties":{"name":"Node","marker-size":"small","marker-color":"#666666"},"geometry":{"type":"Point","coordinates":[22.5142266,47.9895005]}},{"type":"Feature","properties":{"name":"Node","marker-size":"small","marker-color":"#666666"},"geometry":{"type":"Point","coordinates":[22.681865,47.8350191]}},{"type":"Feature","properties":{"name":"Node","marker-size":"small","marker-color":"#666666"},"geometry":{"type":"Point","coordinates":[17.501334266758313,47.83210674652367]}},{"type":"Feature","properties":{"name":"Node","marker-size":"small","marker-color":"#666666"},"geometry":{"type":"Point","coordinates":[20.258095792732973,48.22564017200416]}},{"type":"Feature","properties":{"name":"Node","marker-size":"small","marker-color":"#666666"},"geometry":{"type":"Point","coordinates":[20.790537,48.10038539999999]}},{"type":"Feature","properties":{"name":"Node","marker-size":"small","marker-color":"#666666"},"geometry":{"type":"Point","coordinates":[20.43642399085894,48.29404389011902]}},{"type":"Feature","properties":{"name":"Node","marker-size":"small","marker-color":"#666666"},"geometry":{"type":"Point","coordinates":[19.806221,48.103739]}},{"type":"Feature","properties":{"name":"Node","marker-size":"small","marker-color":"#666666"},"geometry":{"type":"Point","coordinates":[21.1983425,48.1628]}},{"type":"Feature","properties":{"name":"Node","marker-size":"small","marker-color":"#666666"},"geometry":{"type":"Point","coordinates":[20.6273209,48.25666499999999]}},{"type":"Feature","properties":{"name":"Node","marker-size":"small","marker-color":"#666666"},"geometry":{"type":"Point","coordinates":[20.7526114,48.1032479]}},{"type":"Feature","properties":{"name":"Node","marker-size":"small","marker-color":"#666666"},"geometry":{"type":"Point","coordinates":[20.9064781,47.82110549999998]}},{"type":"Feature","properties":{"name":"Node","marker-size":"small","marker-color":"#666666"},"geometry":{"type":"Point","coordinates":[20.7776865,48.081799200000006]}},{"type":"Feature","properties":{"name":"Node","marker-size":"small","marker-color":"#666666"},"geometry":{"type":"Point","coordinates":[19.8228875,48.0079761]}},{"type":"Feature","properties":{"name":"Node","marker-size":"small","marker-color":"#666666"},"geometry":{"type":"Point","coordinates":[20.743657,48.29633799999999]}},{"type":"Feature","properties":{"name":"Node","marker-size":"small","marker-color":"#666666"},"geometry":{"type":"Point","coordinates":[21.034444196756333,47.93153871717289]}},{"type":"Feature","properties":{"name":"Node","marker-size":"small","marker-color":"#666666"},"geometry":{"type":"Point","coordinates":[20.790543306850747,48.1049929707511]}},{"type":"Feature","properties":{"name":"Node","marker-size":"small","marker-color":"#666666"},"geometry":{"type":"Point","coordinates":[19.49147292996566,46.27890846939657]}},{"type":"Feature","properties":{"name":"Node","marker-size":"small","marker-color":"#666666"},"geometry":{"type":"Point","coordinates":[19.1272202,47.428909]}},{"type":"Feature","properties":{"name":"Node","marker-size":"small","marker-color":"#666666"},"geometry":{"type":"Point","coordinates":[19.087442,47.478609999999996]}},{"type":"Feature","properties":{"name":"Node","marker-size":"small","marker-color":"#666666"},"geometry":{"type":"Point","coordinates":[19.693473,46.91040829999999]}},{"type":"Feature","properties":{"name":"Node","marker-size":"small","marker-color":"#666666"},"geometry":{"type":"Point","coordinates":[19.706769487834713,46.92000381675641]}},{"type":"Feature","properties":{"name":"Node","marker-size":"small","marker-color":"#666666"},"geometry":{"type":"Point","coordinates":[19.5829808,46.92742210000001]}},{"type":"Feature","properties":{"name":"Node","marker-size":"small","marker-color":"#666666"},"geometry":{"type":"Point","coordinates":[19.661766802487822,46.91420441409586]}},{"type":"Feature","properties":{"name":"Node","marker-size":"small","marker-color":"#666666"},"geometry":{"type":"Point","coordinates":[19.6780278518999,46.91628348238928]}},{"type":"Feature","properties":{"name":"Node","marker-size":"small","marker-color":"#666666"},"geometry":{"type":"Point","coordinates":[19.6881368,46.9052318]}},{"type":"Feature","properties":{"name":"Node","marker-size":"small","marker-color":"#666666"},"geometry":{"type":"Point","coordinates":[19.3228471,46.2977038]}},{"type":"Feature","properties":{"name":"Node","marker-size":"small","marker-color":"#666666"},"geometry":{"type":"Point","coordinates":[19.390396767977897,46.58125809371465]}},{"type":"Feature","properties":{"name":"Node","marker-size":"small","marker-color":"#666666"},"geometry":{"type":"Point","coordinates":[16.863724,46.84619910000001]}},{"type":"Feature","properties":{"name":"Node","marker-size":"small","marker-color":"#666666"},"geometry":{"type":"Point","coordinates":[17.268903465445927,47.87280637989413]}},{"type":"Feature","properties":{"name":"Node","marker-size":"small","marker-color":"#666666"},"geometry":{"type":"Point","coordinates":[20.7857378,48.12700470000001]}},{"type":"Feature","properties":{"name":"Node","marker-size":"small","marker-color":"#666666"},"geometry":{"type":"Point","coordinates":[22.32290151891168,47.94697100077746]}},{"type":"Feature","properties":{"name":"Node","marker-size":"small","marker-color":"#666666"},"geometry":{"type":"Point","coordinates":[22.0668604,48.2316301]}},{"type":"Feature","properties":{"name":"Node","marker-size":"small","marker-color":"#666666"},"geometry":{"type":"Point","coordinates":[20.6205258,48.2592496]}},{"type":"Feature","properties":{"name":"Node","marker-size":"small","marker-color":"#666666"},"geometry":{"type":"Point","coordinates":[17.78745,46.355239399999995]}},{"type":"Feature","properties":{"name":"Node","marker-size":"small","marker-color":"#666666"},"geometry":{"type":"Point","coordinates":[19.38597591821778,47.42635578936112]}},{"type":"Feature","properties":{"name":"Node","marker-size":"small","marker-color":"#666666"},"geometry":{"type":"Point","coordinates":[19.0855891,47.50401109999999]}},{"type":"Feature","properties":{"name":"Node","marker-size":"small","marker-color":"#666666"},"geometry":{"type":"Point","coordinates":[19.061282257888074,47.51899618574767]}},{"type":"Feature","properties":{"name":"Node","marker-size":"small","marker-color":"#666666"},"geometry":{"type":"Point","coordinates":[19.11571307358381,47.57898319591261]}},{"type":"Feature","properties":{"name":"Node","marker-size":"small","marker-color":"#666666"},"geometry":{"type":"Point","coordinates":[19.04037677279645,47.536696787711904]}},{"type":"Feature","properties":{"name":"Node","marker-size":"small","marker-color":"#666666"},"geometry":{"type":"Point","coordinates":[19.0995625,47.5576976]}},{"type":"Feature","properties":{"name":"Node","marker-size":"small","marker-color":"#666666"},"geometry":{"type":"Point","coordinates":[19.102842767388232,47.48202488166372]}},{"type":"Feature","properties":{"name":"Node","marker-size":"small","marker-color":"#666666"},"geometry":{"type":"Point","coordinates":[19.12891469070528,47.4828234757654]}},{"type":"Feature","properties":{"name":"Node","marker-size":"small","marker-color":"#666666"},"geometry":{"type":"Point","coordinates":[16.54733947684007,46.623075165597406]}},{"type":"Feature","properties":{"name":"Node","marker-size":"small","marker-color":"#666666"},"geometry":{"type":"Point","coordinates":[19.327955290585635,47.19237233813623]}},{"type":"Feature","properties":{"name":"Node","marker-size":"small","marker-color":"#666666"},"geometry":{"type":"Point","coordinates":[21.4986672,47.812227]}},{"type":"Feature","properties":{"name":"Node","marker-size":"small","marker-color":"#666666"},"geometry":{"type":"Point","coordinates":[20.741286,47.1037555]}},{"type":"Feature","properties":{"name":"Node","marker-size":"small","marker-color":"#666666"},"geometry":{"type":"Point","coordinates":[20.793715938823112,47.42904191198874]}},{"type":"Feature","properties":{"name":"Node","marker-size":"small","marker-color":"#666666"},"geometry":{"type":"Point","coordinates":[17.641876,47.7005813]}},{"type":"Feature","properties":{"name":"Node","marker-size":"small","marker-color":"#666666"},"geometry":{"type":"Point","coordinates":[17.2654672,46.7737412]}},{"type":"Feature","properties":{"name":"Node","marker-size":"small","marker-color":"#666666"},"geometry":{"type":"Point","coordinates":[21.57267,47.3541079]}},{"type":"Feature","properties":{"name":"Node","marker-size":"small","marker-color":"#666666"},"geometry":{"type":"Point","coordinates":[16.64826708894217,47.23945482419394]}},{"type":"Feature","properties":{"name":"Node","marker-size":"small","marker-color":"#666666"},"geometry":{"type":"Point","coordinates":[21.510805759639887,47.668476548911414]}},{"type":"Feature","properties":{"name":"Node","marker-size":"small","marker-color":"#666666"},"geometry":{"type":"Point","coordinates":[18.01601783067149,47.02869282647959]}},{"type":"Feature","properties":{"name":"Node","marker-size":"small","marker-color":"#666666"},"geometry":{"type":"Point","coordinates":[19.1282514,47.6312332]}},{"type":"Feature","properties":{"name":"Node","marker-size":"small","marker-color":"#666666"},"geometry":{"type":"Point","coordinates":[18.9279731,46.9724997]}},{"type":"Feature","properties":{"name":"Node","marker-size":"small","marker-color":"#666666"},"geometry":{"type":"Point","coordinates":[20.4710472,46.2122384]}},{"type":"Feature","properties":{"name":"Node","marker-size":"small","marker-color":"#666666"},"geometry":{"type":"Point","coordinates":[21.34437608203555,47.61283930896274]}},{"type":"Feature","properties":{"name":"Node","marker-size":"small","marker-color":"#666666"},"geometry":{"type":"Point","coordinates":[17.870615,47.262944]}},{"type":"Feature","properties":{"name":"Node","marker-size":"small","marker-color":"#666666"},"geometry":{"type":"Point","coordinates":[19.0397364,47.55677699999999]}},{"type":"Feature","properties":{"name":"Node","marker-size":"small","marker-color":"#666666"},"geometry":{"type":"Point","coordinates":[19.278733,46.62194399999999]}},{"type":"Feature","properties":{"name":"Node","marker-size":"small","marker-color":"#666666"},"geometry":{"type":"Point","coordinates":[18.98532691587755,46.52614166582237]}},{"type":"Feature","properties":{"name":"Node","marker-size":"small","marker-color":"#666666"},"geometry":{"type":"Point","coordinates":[18.4086395,47.5627374]}},{"type":"Feature","properties":{"name":"Node","marker-size":"small","marker-color":"#666666"},"geometry":{"type":"Point","coordinates":[20.785809271383403,48.081946804205664]}},{"type":"Feature","properties":{"name":"Node","marker-size":"small","marker-color":"#666666"},"geometry":{"type":"Point","coordinates":[18.3198579,47.49354100000001]}},{"type":"Feature","properties":{"name":"Node","marker-size":"small","marker-color":"#666666"},"geometry":{"type":"Point","coordinates":[18.315211011968696,47.64847123129769]}},{"type":"Feature","properties":{"name":"Node","marker-size":"small","marker-color":"#666666"},"geometry":{"type":"Point","coordinates":[19.0385739,47.34391219999999]}},{"type":"Feature","properties":{"name":"Node","marker-size":"small","marker-color":"#666666"},"geometry":{"type":"Point","coordinates":[20.1504689,46.272875]}},{"type":"Feature","properties":{"name":"Node","marker-size":"small","marker-color":"#666666"},"geometry":{"type":"Point","coordinates":[20.73905025963909,47.219493164296736]}},{"type":"Feature","properties":{"name":"Node","marker-size":"small","marker-color":"#666666"},"geometry":{"type":"Point","coordinates":[18.3880665,47.5942135]}},{"type":"Feature","properties":{"name":"Node","marker-size":"small","marker-color":"#666666"},"geometry":{"type":"Point","coordinates":[17.9269162,47.0965499]}},{"type":"Feature","properties":{"name":"Node","marker-size":"small","marker-color":"#666666"},"geometry":{"type":"Point","coordinates":[17.9238396,47.11306700000001]}},{"type":"Feature","properties":{"name":"Node","marker-size":"small","marker-color":"#666666"},"geometry":{"type":"Point","coordinates":[19.07991724138103,47.566414032388444]}},{"type":"Feature","properties":{"name":"Node","marker-size":"small","marker-color":"#666666"},"geometry":{"type":"Point","coordinates":[19.7758912,47.0205081]}},{"type":"Feature","properties":{"name":"Node","marker-size":"small","marker-color":"#666666"},"geometry":{"type":"Point","coordinates":[19.054751,47.594909]}},{"type":"Feature","properties":{"name":"Node","marker-size":"small","marker-color":"#666666"},"geometry":{"type":"Point","coordinates":[19.795154505281676,47.16365371394584]}},{"type":"Feature","properties":{"name":"Node","marker-size":"small","marker-color":"#666666"},"geometry":{"type":"Point","coordinates":[20.931079,48.1980941]}},{"type":"Feature","properties":{"name":"Node","marker-size":"small","marker-color":"#666666"},"geometry":{"type":"Point","coordinates":[20.632077,47.368421999999995]}},{"type":"Feature","properties":{"name":"Node","marker-size":"small","marker-color":"#666666"},"geometry":{"type":"Point","coordinates":[19.5205423,48.079687699999994]}},{"type":"Feature","properties":{"name":"Node","marker-size":"small","marker-color":"#666666"},"geometry":{"type":"Point","coordinates":[19.007609740530793,47.327821544585994]}},{"type":"Feature","properties":{"name":"Node","marker-size":"small","marker-color":"#666666"},"geometry":{"type":"Point","coordinates":[20.3829875,47.8751482]}},{"type":"Feature","properties":{"name":"Node","marker-size":"small","marker-color":"#666666"},"geometry":{"type":"Point","coordinates":[18.4187047,47.17725350000001]}},{"type":"Feature","properties":{"name":"Node","marker-size":"small","marker-color":"#666666"},"geometry":{"type":"Point","coordinates":[21.4116466,48.1168342]}},{"type":"Feature","properties":{"name":"Node","marker-size":"small","marker-color":"#666666"},"geometry":{"type":"Point","coordinates":[22.0668567,48.2309412]}},{"type":"Feature","properties":{"name":"Node","marker-size":"small","marker-color":"#666666"},"geometry":{"type":"Point","coordinates":[18.8369742,47.47381789999999]}},{"type":"Feature","properties":{"name":"Node","marker-size":"small","marker-color":"#666666"},"geometry":{"type":"Point","coordinates":[19.7411077,47.4191709]}},{"type":"Feature","properties":{"name":"Node","marker-size":"small","marker-color":"#666666"},"geometry":{"type":"Point","coordinates":[17.478483,47.3205749]}},{"type":"Feature","properties":{"name":"Node","marker-size":"small","marker-color":"#666666"},"geometry":{"type":"Point","coordinates":[22.3250069,47.95746519999999]}},{"type":"Feature","properties":{"name":"Node","marker-size":"small","marker-color":"#666666"},"geometry":{"type":"Point","coordinates":[21.116715,47.87072449999999]}},{"type":"Feature","properties":{"name":"Node","marker-size":"small","marker-color":"#666666"},"geometry":{"type":"Point","coordinates":[21.0889643,46.68575509999999]}},{"type":"Feature","properties":{"name":"Node","marker-size":"small","marker-color":"#666666"},"geometry":{"type":"Point","coordinates":[19.3445892,47.3846243]}},{"type":"Feature","properties":{"name":"Node","marker-size":"small","marker-color":"#666666"},"geometry":{"type":"Point","coordinates":[18.282308804435875,46.63625215726771]}},{"type":"Feature","properties":{"name":"Node","marker-size":"small","marker-color":"#666666"},"geometry":{"type":"Point","coordinates":[18.0494929,46.901458]}},{"type":"Feature","properties":{"name":"Node","marker-size":"small","marker-color":"#666666"},"geometry":{"type":"Point","coordinates":[20.1415945,47.5134532]}},{"type":"Feature","properties":{"name":"Node","marker-size":"small","marker-color":"#666666"},"geometry":{"type":"Point","coordinates":[20.662938,46.55681879999999]}},{"type":"Feature","properties":{"name":"Node","marker-size":"small","marker-color":"#666666"},"geometry":{"type":"Point","coordinates":[21.114884117008014,47.31665746350546]}},{"type":"Feature","properties":{"name":"Node","marker-size":"small","marker-color":"#666666"},"geometry":{"type":"Point","coordinates":[20.7147206,48.10001690000001]}},{"type":"Feature","properties":{"name":"Node","marker-size":"small","marker-color":"#666666"},"geometry":{"type":"Point","coordinates":[20.3699721,47.9225192]}},{"type":"Feature","properties":{"name":"Node","marker-size":"small","marker-color":"#666666"},"geometry":{"type":"Point","coordinates":[20.6251169,48.2555687]}},{"type":"Feature","properties":{"name":"Node","marker-size":"small","marker-color":"#666666"},"geometry":{"type":"Point","coordinates":[19.9310193,47.7751551]}},{"type":"Feature","properties":{"name":"Node","marker-size":"small","marker-color":"#666666"},"geometry":{"type":"Point","coordinates":[17.03518109801874,47.59215432335982]}},{"type":"Feature","properties":{"name":"Node","marker-size":"small","marker-color":"#666666"},"geometry":{"type":"Point","coordinates":[20.288326142173272,47.59739308726344]}},{"type":"Feature","properties":{"name":"Node","marker-size":"small","marker-color":"#666666"},"geometry":{"type":"Point","coordinates":[19.7991419,47.18274089999999]}},{"type":"Feature","properties":{"name":"Node","marker-size":"small","marker-color":"#666666"},"geometry":{"type":"Point","coordinates":[19.695678778011917,47.66693670601559]}},{"type":"Feature","properties":{"name":"Node","marker-size":"small","marker-color":"#666666"},"geometry":{"type":"Point","coordinates":[21.707852,47.9453741]}},{"type":"Feature","properties":{"name":"Node","marker-size":"small","marker-color":"#666666"},"geometry":{"type":"Point","coordinates":[19.1370277,47.4912593]}},{"type":"Feature","properties":{"name":"Node","marker-size":"small","marker-color":"#666666"},"geometry":{"type":"Point","coordinates":[19.202059971352583,47.43342983800988]}},{"type":"Feature","properties":{"name":"Node","marker-size":"small","marker-color":"#666666"},"geometry":{"type":"Point","coordinates":[17.909494954138452,47.084558121412115]}},{"type":"Feature","properties":{"name":"Node","marker-size":"small","marker-color":"#666666"},"geometry":{"type":"Point","coordinates":[18.051687417788763,46.90624159273752]}},{"type":"Feature","properties":{"name":"Node","marker-size":"small","marker-color":"#666666"},"geometry":{"type":"Point","coordinates":[18.3711712,47.5897025]}},{"type":"Feature","properties":{"name":"Node","marker-size":"small","marker-color":"#666666"},"geometry":{"type":"Point","coordinates":[19.6037989,47.2520011]}},{"type":"Feature","properties":{"name":"Node","marker-size":"small","marker-color":"#666666"},"geometry":{"type":"Point","coordinates":[18.017424354627025,47.71194044522074]}},{"type":"Feature","properties":{"name":"Node","marker-size":"small","marker-color":"#666666"},"geometry":{"type":"Point","coordinates":[21.728535929133084,47.95837279070398]}},{"type":"Feature","properties":{"name":"Node","marker-size":"small","marker-color":"#666666"},"geometry":{"type":"Point","coordinates":[18.888879,47.408649000000004]}},{"type":"Feature","properties":{"name":"Node","marker-size":"small","marker-color":"#666666"},"geometry":{"type":"Point","coordinates":[21.65949709739168,47.54891693227442]}},{"type":"Feature","properties":{"name":"Node","marker-size":"small","marker-color":"#666666"},"geometry":{"type":"Point","coordinates":[18.2718175,46.08674330000001]}},{"type":"Feature","properties":{"name":"Node","marker-size":"small","marker-color":"#666666"},"geometry":{"type":"Point","coordinates":[16.9828098,46.4584452]}},{"type":"Feature","properties":{"name":"Node","marker-size":"small","marker-color":"#666666"},"geometry":{"type":"Point","coordinates":[19.204875194174683,47.39039436681557]}},{"type":"Feature","properties":{"name":"Node","marker-size":"small","marker-color":"#666666"},"geometry":{"type":"Point","coordinates":[22.5152334,47.9842817]}},{"type":"Feature","properties":{"name":"Node","marker-size":"small","marker-color":"#666666"},"geometry":{"type":"Point","coordinates":[19.5637421,47.0218333]}},{"type":"Feature","properties":{"name":"Node","marker-size":"small","marker-color":"#666666"},"geometry":{"type":"Point","coordinates":[19.6989079,47.9194042]}},{"type":"Feature","properties":{"name":"Node","marker-size":"small","marker-color":"#666666"},"geometry":{"type":"Point","coordinates":[20.743115607510113,48.29607806081087]}},{"type":"Feature","properties":{"name":"Node","marker-size":"small","marker-color":"#666666"},"geometry":{"type":"Point","coordinates":[19.7383623,46.49684659999999]}},{"type":"Feature","properties":{"name":"Node","marker-size":"small","marker-color":"#666666"},"geometry":{"type":"Point","coordinates":[21.55959042759968,48.32831019522803]}},{"type":"Feature","properties":{"name":"Node","marker-size":"small","marker-color":"#666666"},"geometry":{"type":"Point","coordinates":[19.6922136,46.8997025]}},{"type":"Feature","properties":{"name":"Node","marker-size":"small","marker-color":"#666666"},"geometry":{"type":"Point","coordinates":[19.3387595,46.12558589999999]}},{"type":"Feature","properties":{"name":"Node","marker-size":"small","marker-color":"#666666"},"geometry":{"type":"Point","coordinates":[18.6801982,45.9984545]}},{"type":"Feature","properties":{"name":"Node","marker-size":"small","marker-color":"#666666"},"geometry":{"type":"Point","coordinates":[22.1306468,47.834489999999995]}},{"type":"Feature","properties":{"name":"Node","marker-size":"small","marker-color":"#666666"},"geometry":{"type":"Point","coordinates":[18.132045702180182,46.380269381080794]}},{"type":"Feature","properties":{"name":"Node","marker-size":"small","marker-color":"#666666"},"geometry":{"type":"Point","coordinates":[17.7967529,46.3648455]}},{"type":"Feature","properties":{"name":"Node","marker-size":"small","marker-color":"#666666"},"geometry":{"type":"Point","coordinates":[19.6982357,46.91533740000001]}},{"type":"Feature","properties":{"name":"Node","marker-size":"small","marker-color":"#666666"},"geometry":{"type":"Point","coordinates":[19.1216599,47.5608879]}},{"type":"Feature","properties":{"name":"Node","marker-size":"small","marker-color":"#666666"},"geometry":{"type":"Point","coordinates":[19.8019636,48.1042934]}},{"type":"Feature","properties":{"name":"Node","marker-size":"small","marker-color":"#666666"},"geometry":{"type":"Point","coordinates":[21.7372087,47.95717550000001]}},{"type":"Feature","properties":{"name":"Node","marker-size":"small","marker-color":"#666666"},"geometry":{"type":"Point","coordinates":[16.276062,46.958893]}},{"type":"Feature","properties":{"name":"Node","marker-size":"small","marker-color":"#666666"},"geometry":{"type":"Point","coordinates":[19.3422047,47.4917877]}},{"type":"Feature","properties":{"name":"Node","marker-size":"small","marker-color":"#666666"},"geometry":{"type":"Point","coordinates":[18.6310036,47.20896890000001]}},{"type":"Feature","properties":{"name":"Node","marker-size":"small","marker-color":"#666666"},"geometry":{"type":"Point","coordinates":[20.402480987111737,47.17684312419146]}},{"type":"Feature","properties":{"name":"Node","marker-size":"small","marker-color":"#666666"},"geometry":{"type":"Point","coordinates":[20.709490507989425,48.21916960582081]}},{"type":"Feature","properties":{"name":"Node","marker-size":"small","marker-color":"#666666"},"geometry":{"type":"Point","coordinates":[19.547578,47.286521]}},{"type":"Feature","properties":{"name":"Node","marker-size":"small","marker-color":"#666666"},"geometry":{"type":"Point","coordinates":[18.2289248,46.0363885]}},{"type":"Feature","properties":{"name":"Node","marker-size":"small","marker-color":"#666666"},"geometry":{"type":"Point","coordinates":[21.3543827,47.95968999999999]}},{"type":"Feature","properties":{"name":"Node","marker-size":"small","marker-color":"#666666"},"geometry":{"type":"Point","coordinates":[20.269083,48.218198599999994]}},{"type":"Feature","properties":{"name":"Node","marker-size":"small","marker-color":"#666666"},"geometry":{"type":"Point","coordinates":[20.8171836,46.9336318]}},{"type":"Feature","properties":{"name":"Node","marker-size":"small","marker-color":"#666666"},"geometry":{"type":"Point","coordinates":[20.007631219211245,47.18973836438905]}},{"type":"Feature","properties":{"name":"Node","marker-size":"small","marker-color":"#666666"},"geometry":{"type":"Point","coordinates":[20.2566818,46.9803122]}},{"type":"Feature","properties":{"name":"Node","marker-size":"small","marker-color":"#666666"},"geometry":{"type":"Point","coordinates":[16.5556316,47.3806523]}},{"type":"Feature","properties":{"name":"Node","marker-size":"small","marker-color":"#666666"},"geometry":{"type":"Point","coordinates":[19.171091716324497,47.43822701977231]}},{"type":"Feature","properties":{"name":"Node","marker-size":"small","marker-color":"#666666"},"geometry":{"type":"Point","coordinates":[18.917219153386345,46.8037635596027]}},{"type":"Feature","properties":{"name":"Node","marker-size":"small","marker-color":"#666666"},"geometry":{"type":"Point","coordinates":[18.790377546296227,46.4243365451728]}},{"type":"Feature","properties":{"name":"Node","marker-size":"small","marker-color":"#666666"},"geometry":{"type":"Point","coordinates":[20.163302858717078,46.26998892732817]}},{"type":"Feature","properties":{"name":"Node","marker-size":"small","marker-color":"#666666"},"geometry":{"type":"Point","coordinates":[19.2746441,47.409459600000005]}},{"type":"Feature","properties":{"name":"Node","marker-size":"small","marker-color":"#666666"},"geometry":{"type":"Point","coordinates":[18.7271194,47.7199173]}},{"type":"Feature","properties":{"name":"Node","marker-size":"small","marker-color":"#666666"},"geometry":{"type":"Point","coordinates":[21.3875049,47.4427665]}},{"type":"Feature","properties":{"name":"Node","marker-size":"small","marker-color":"#666666"},"geometry":{"type":"Point","coordinates":[16.59388898617493,47.00908780285379]}},{"type":"Feature","properties":{"name":"Node","marker-size":"small","marker-color":"#666666"},"geometry":{"type":"Point","coordinates":[18.53914778358285,46.29831484652674]}},{"type":"Feature","properties":{"name":"Node","marker-size":"small","marker-color":"#666666"},"geometry":{"type":"Point","coordinates":[18.93494492565342,47.37814769377737]}},{"type":"Feature","properties":{"name":"Node","marker-size":"small","marker-color":"#666666"},"geometry":{"type":"Point","coordinates":[17.240033653256248,47.60979243499106]}},{"type":"Feature","properties":{"name":"Node","marker-size":"small","marker-color":"#666666"},"geometry":{"type":"Point","coordinates":[18.4033471,47.1928355]}},{"type":"Feature","properties":{"name":"Node","marker-size":"small","marker-color":"#666666"},"geometry":{"type":"Point","coordinates":[19.23611617778551,47.484807594088124]}},{"type":"Feature","properties":{"name":"Node","marker-size":"small","marker-color":"#666666"},"geometry":{"type":"Point","coordinates":[17.010997998813558,46.46274014871038]}},{"type":"Feature","properties":{"name":"Node","marker-size":"small","marker-color":"#666666"},"geometry":{"type":"Point","coordinates":[20.0989196563756,46.26726136305987]}},{"type":"Feature","properties":{"name":"Node","marker-size":"small","marker-color":"#666666"},"geometry":{"type":"Point","coordinates":[17.276044633008606,47.860607231831]}},{"type":"Feature","properties":{"name":"Node","marker-size":"small","marker-color":"#666666"},"geometry":{"type":"Point","coordinates":[19.678816129161177,46.921868926074644]}},{"type":"Feature","properties":{"name":"Node","marker-size":"small","marker-color":"#666666"},"geometry":{"type":"Point","coordinates":[19.893025,47.49018370000001]}},{"type":"Feature","properties":{"name":"Node","marker-size":"small","marker-color":"#666666"},"geometry":{"type":"Point","coordinates":[20.9372256,47.3083789]}},{"type":"Feature","properties":{"name":"Node","marker-size":"small","marker-color":"#666666"},"geometry":{"type":"Point","coordinates":[18.141305824574918,47.738170903181654]}},{"type":"Feature","properties":{"name":"Node","marker-size":"small","marker-color":"#666666"},"geometry":{"type":"Point","coordinates":[20.266804967989046,46.65191106280888]}},{"type":"Feature","properties":{"name":"Node","marker-size":"small","marker-color":"#666666"},"geometry":{"type":"Point","coordinates":[17.45015191999518,46.87974773275784]}},{"type":"Feature","properties":{"name":"Node","marker-size":"small","marker-color":"#666666"},"geometry":{"type":"Point","coordinates":[21.75246933393935,47.936467522527344]}},{"type":"Feature","properties":{"name":"Node","marker-size":"small","marker-color":"#666666"},"geometry":{"type":"Point","coordinates":[20.1286949,46.26222260000001]}},{"type":"Feature","properties":{"name":"Node","marker-size":"small","marker-color":"#666666"},"geometry":{"type":"Point","coordinates":[21.566692,47.3493162]}},{"type":"Feature","properties":{"name":"Node","marker-size":"small","marker-color":"#666666"},"geometry":{"type":"Point","coordinates":[22.3180123,48.130094]}},{"type":"Feature","properties":{"name":"Node","marker-size":"small","marker-color":"#666666"},"geometry":{"type":"Point","coordinates":[21.384639187546906,46.746725075593815]}},{"type":"Feature","properties":{"name":"Node","marker-size":"small","marker-color":"#666666"},"geometry":{"type":"Point","coordinates":[20.5536546,46.8637574]}},{"type":"Feature","properties":{"name":"Node","marker-size":"small","marker-color":"#666666"},"geometry":{"type":"Point","coordinates":[20.6801681,46.580154]}},{"type":"Feature","properties":{"name":"Node","marker-size":"small","marker-color":"#666666"},"geometry":{"type":"Point","coordinates":[20.6748249,46.55871319999999]}},{"type":"Feature","properties":{"name":"Node","marker-size":"small","marker-color":"#666666"},"geometry":{"type":"Point","coordinates":[20.6669519,46.561281900000004]}},{"type":"Feature","properties":{"name":"Node","marker-size":"small","marker-color":"#666666"},"geometry":{"type":"Point","coordinates":[21.2730041,46.6550877]}},{"type":"Feature","properties":{"name":"Node","marker-size":"small","marker-color":"#666666"},"geometry":{"type":"Point","coordinates":[21.2705735,46.642823799999995]}},{"type":"Feature","properties":{"name":"Node","marker-size":"small","marker-color":"#666666"},"geometry":{"type":"Point","coordinates":[21.077515432973215,46.66529434355757]}},{"type":"Feature","properties":{"name":"Node","marker-size":"small","marker-color":"#666666"},"geometry":{"type":"Point","coordinates":[20.816972383971873,46.31373552800501]}},{"type":"Feature","properties":{"name":"Node","marker-size":"small","marker-color":"#666666"},"geometry":{"type":"Point","coordinates":[16.2761919,46.9606833]}},{"type":"Feature","properties":{"name":"Node","marker-size":"small","marker-color":"#666666"},"geometry":{"type":"Point","coordinates":[16.419752651518817,46.83855215047081]}},{"type":"Feature","properties":{"name":"Node","marker-size":"small","marker-color":"#666666"},"geometry":{"type":"Point","coordinates":[17.809875,46.366028000000014]}},{"type":"Feature","properties":{"name":"Node","marker-size":"small","marker-color":"#666666"},"geometry":{"type":"Point","coordinates":[21.513397296951695,48.28566868700201]}},{"type":"Feature","properties":{"name":"Node","marker-size":"small","marker-color":"#666666"},"geometry":{"type":"Point","coordinates":[20.8898352,46.54317149999999]}},{"type":"Feature","properties":{"name":"Node","marker-size":"small","marker-color":"#666666"},"geometry":{"type":"Point","coordinates":[21.02813214631505,46.5834942815214]}},{"type":"Feature","properties":{"name":"Node","marker-size":"small","marker-color":"#666666"},"geometry":{"type":"Point","coordinates":[19.3253734,47.2634465]}},{"type":"Feature","properties":{"name":"Node","marker-size":"small","marker-color":"#666666"},"geometry":{"type":"Point","coordinates":[22.3171656,47.95290960000001]}},{"type":"Feature","properties":{"name":"Node","marker-size":"small","marker-color":"#666666"},"geometry":{"type":"Point","coordinates":[21.721578251039055,47.96516240516303]}},{"type":"Feature","properties":{"name":"Node","marker-size":"small","marker-color":"#666666"},"geometry":{"type":"Point","coordinates":[20.77214595115687,48.10776486885741]}},{"type":"Feature","properties":{"name":"Node","marker-size":"small","marker-color":"#666666"},"geometry":{"type":"Point","coordinates":[19.109589002768246,47.490914439897985]}},{"type":"Feature","properties":{"name":"Node","marker-size":"small","marker-color":"#666666"},"geometry":{"type":"Point","coordinates":[16.5764272,47.69324839999998]}},{"type":"Feature","properties":{"name":"Node","marker-size":"small","marker-color":"#666666"},"geometry":{"type":"Point","coordinates":[17.254835954090023,47.86876400338597]}},{"type":"Feature","properties":{"name":"Node","marker-size":"small","marker-color":"#666666"},"geometry":{"type":"Point","coordinates":[17.621659198814765,47.64677539661775]}},{"type":"Feature","properties":{"name":"Node","marker-size":"small","marker-color":"#666666"},"geometry":{"type":"Point","coordinates":[16.8694538,47.5935935]}},{"type":"Feature","properties":{"name":"Node","marker-size":"small","marker-color":"#666666"},"geometry":{"type":"Point","coordinates":[17.2496797,47.6035397]}},{"type":"Feature","properties":{"name":"Node","marker-size":"small","marker-color":"#666666"},"geometry":{"type":"Point","coordinates":[17.3077956,47.4636874]}},{"type":"Feature","properties":{"name":"Node","marker-size":"small","marker-color":"#666666"},"geometry":{"type":"Point","coordinates":[17.73612907982861,47.69914385544024]}},{"type":"Feature","properties":{"name":"Node","marker-size":"small","marker-color":"#666666"},"geometry":{"type":"Point","coordinates":[17.2711259,47.8848457]}},{"type":"Feature","properties":{"name":"Node","marker-size":"small","marker-color":"#666666"},"geometry":{"type":"Point","coordinates":[17.02610613471642,47.59186193476456]}},{"type":"Feature","properties":{"name":"Node","marker-size":"small","marker-color":"#666666"},"geometry":{"type":"Point","coordinates":[17.6333587,47.6834593]}},{"type":"Feature","properties":{"name":"Node","marker-size":"small","marker-color":"#666666"},"geometry":{"type":"Point","coordinates":[16.6492064,47.72203320000001]}},{"type":"Feature","properties":{"name":"Node","marker-size":"small","marker-color":"#666666"},"geometry":{"type":"Point","coordinates":[17.27820705504081,47.86752024695277]}},{"type":"Feature","properties":{"name":"Node","marker-size":"small","marker-color":"#666666"},"geometry":{"type":"Point","coordinates":[21.463660147081338,48.15636060312882]}},{"type":"Feature","properties":{"name":"Node","marker-size":"small","marker-color":"#666666"},"geometry":{"type":"Point","coordinates":[18.8263637,47.161764399999996]}},{"type":"Feature","properties":{"name":"Node","marker-size":"small","marker-color":"#666666"},"geometry":{"type":"Point","coordinates":[18.2104665,46.0590954]}},{"type":"Feature","properties":{"name":"Node","marker-size":"small","marker-color":"#666666"},"geometry":{"type":"Point","coordinates":[16.8645455,46.839689099999994]}},{"type":"Feature","properties":{"name":"Node","marker-size":"small","marker-color":"#666666"},"geometry":{"type":"Point","coordinates":[19.0670889,47.4271214]}},{"type":"Feature","properties":{"name":"Node","marker-size":"small","marker-color":"#666666"},"geometry":{"type":"Point","coordinates":[19.04214,47.4506261]}},{"type":"Feature","properties":{"name":"Node","marker-size":"small","marker-color":"#666666"},"geometry":{"type":"Point","coordinates":[21.4782717,48.12139800000002]}},{"type":"Feature","properties":{"name":"Node","marker-size":"small","marker-color":"#666666"},"geometry":{"type":"Point","coordinates":[21.37453724460159,48.015866474434844]}},{"type":"Feature","properties":{"name":"Node","marker-size":"small","marker-color":"#666666"},"geometry":{"type":"Point","coordinates":[18.9380054,46.9706614]}},{"type":"Feature","properties":{"name":"Node","marker-size":"small","marker-color":"#666666"},"geometry":{"type":"Point","coordinates":[19.0397608964796,47.45673859134972]}},{"type":"Feature","properties":{"name":"Node","marker-size":"small","marker-color":"#666666"},"geometry":{"type":"Point","coordinates":[18.7261647,46.19723820000001]}},{"type":"Feature","properties":{"name":"Node","marker-size":"small","marker-color":"#666666"},"geometry":{"type":"Point","coordinates":[18.6320933,47.209277]}},{"type":"Feature","properties":{"name":"Node","marker-size":"small","marker-color":"#666666"},"geometry":{"type":"Point","coordinates":[19.2514808,47.801905]}},{"type":"Feature","properties":{"name":"Node","marker-size":"small","marker-color":"#666666"},"geometry":{"type":"Point","coordinates":[19.0656141,47.3354189]}},{"type":"Feature","properties":{"name":"Node","marker-size":"small","marker-color":"#666666"},"geometry":{"type":"Point","coordinates":[18.8576229,46.9571015]}},{"type":"Feature","properties":{"name":"Node","marker-size":"small","marker-color":"#666666"},"geometry":{"type":"Point","coordinates":[18.7805867,46.93251970000001]}},{"type":"Feature","properties":{"name":"Node","marker-size":"small","marker-color":"#666666"},"geometry":{"type":"Point","coordinates":[19.403714712816306,47.41479174878958]}},{"type":"Feature","properties":{"name":"Node","marker-size":"small","marker-color":"#666666"},"geometry":{"type":"Point","coordinates":[19.783558272392288,47.180236225444894]}},{"type":"Feature","properties":{"name":"Node","marker-size":"small","marker-color":"#666666"},"geometry":{"type":"Point","coordinates":[18.925998076813453,47.379022962989694]}},{"type":"Feature","properties":{"name":"Node","marker-size":"small","marker-color":"#666666"},"geometry":{"type":"Point","coordinates":[20.6320308,47.3717305]}},{"type":"Feature","properties":{"name":"Node","marker-size":"small","marker-color":"#666666"},"geometry":{"type":"Point","coordinates":[20.9218125,47.3194212]}},{"type":"Feature","properties":{"name":"Node","marker-size":"small","marker-color":"#666666"},"geometry":{"type":"Point","coordinates":[21.6539588,47.5045636]}},{"type":"Feature","properties":{"name":"Node","marker-size":"small","marker-color":"#666666"},"geometry":{"type":"Point","coordinates":[19.549725,47.032146299999994]}},{"type":"Feature","properties":{"name":"Node","marker-size":"small","marker-color":"#666666"},"geometry":{"type":"Point","coordinates":[18.4969977,47.518512]}},{"type":"Feature","properties":{"name":"Node","marker-size":"small","marker-color":"#666666"},"geometry":{"type":"Point","coordinates":[18.309855986896014,47.48414346329143]}},{"type":"Feature","properties":{"name":"Node","marker-size":"small","marker-color":"#666666"},"geometry":{"type":"Point","coordinates":[18.9048291,47.31471129999999]}},{"type":"Feature","properties":{"name":"Node","marker-size":"small","marker-color":"#666666"},"geometry":{"type":"Point","coordinates":[18.886266090516028,47.2494718381337]}},{"type":"Feature","properties":{"name":"Node","marker-size":"small","marker-color":"#666666"},"geometry":{"type":"Point","coordinates":[18.017207983882766,46.89989506374722]}},{"type":"Feature","properties":{"name":"Node","marker-size":"small","marker-color":"#666666"},"geometry":{"type":"Point","coordinates":[17.6562981,47.6800936]}},{"type":"Feature","properties":{"name":"Node","marker-size":"small","marker-color":"#666666"},"geometry":{"type":"Point","coordinates":[20.1675769,46.2680905]}},{"type":"Feature","properties":{"name":"Node","marker-size":"small","marker-color":"#666666"},"geometry":{"type":"Point","coordinates":[19.139033535873487,47.545986235890496]}},{"type":"Feature","properties":{"name":"Node","marker-size":"small","marker-color":"#666666"},"geometry":{"type":"Point","coordinates":[18.9622108,47.56325]}},{"type":"Feature","properties":{"name":"Node","marker-size":"small","marker-color":"#666666"},"geometry":{"type":"Point","coordinates":[20.7463441,47.62115499999999]}},{"type":"Feature","properties":{"name":"Node","marker-size":"small","marker-color":"#666666"},"geometry":{"type":"Point","coordinates":[18.201030875047277,46.06795790964365]}},{"type":"Feature","properties":{"name":"Node","marker-size":"small","marker-color":"#666666"},"geometry":{"type":"Point","coordinates":[16.619882641574595,47.22979491393189]}},{"type":"Feature","properties":{"name":"Node","marker-size":"small","marker-color":"#666666"},"geometry":{"type":"Point","coordinates":[19.112675,47.5867201]}},{"type":"Feature","properties":{"name":"Node","marker-size":"small","marker-color":"#666666"},"geometry":{"type":"Point","coordinates":[19.1874938,47.4046257]}},{"type":"Feature","properties":{"name":"Node","marker-size":"small","marker-color":"#666666"},"geometry":{"type":"Point","coordinates":[20.7899065,48.10334109999999]}},{"type":"Feature","properties":{"name":"Node","marker-size":"small","marker-color":"#666666"},"geometry":{"type":"Point","coordinates":[19.688491213364355,47.66909573679915]}},{"type":"Feature","properties":{"name":"Node","marker-size":"small","marker-color":"#666666"},"geometry":{"type":"Point","coordinates":[20.7975845,48.15026959999999]}},{"type":"Feature","properties":{"name":"Node","marker-size":"small","marker-color":"#666666"},"geometry":{"type":"Point","coordinates":[20.7930443,48.0994292]}},{"type":"Feature","properties":{"name":"Node","marker-size":"small","marker-color":"#666666"},"geometry":{"type":"Point","coordinates":[20.731466,48.102493]}},{"type":"Feature","properties":{"name":"Node","marker-size":"small","marker-color":"#666666"},"geometry":{"type":"Point","coordinates":[20.2050524,47.1830541]}},{"type":"Feature","properties":{"name":"Node","marker-size":"small","marker-color":"#666666"},"geometry":{"type":"Point","coordinates":[21.177354371564636,47.0142936428264]}},{"type":"Feature","properties":{"name":"Node","marker-size":"small","marker-color":"#666666"},"geometry":{"type":"Point","coordinates":[20.556173,46.860218]}},{"type":"Feature","properties":{"name":"Node","marker-size":"small","marker-color":"#666666"},"geometry":{"type":"Point","coordinates":[20.191818,47.1775321]}},{"type":"Feature","properties":{"name":"Node","marker-size":"small","marker-color":"#666666"},"geometry":{"type":"Point","coordinates":[21.1299892,46.7713872]}},{"type":"Feature","properties":{"name":"Node","marker-size":"small","marker-color":"#666666"},"geometry":{"type":"Point","coordinates":[18.5335075,46.2966443]}},{"type":"Feature","properties":{"name":"Node","marker-size":"small","marker-color":"#666666"},"geometry":{"type":"Point","coordinates":[20.1705907,46.26185659999999]}},{"type":"Feature","properties":{"name":"Node","marker-size":"small","marker-color":"#666666"},"geometry":{"type":"Point","coordinates":[20.149751,46.2689884]}},{"type":"Feature","properties":{"name":"Node","marker-size":"small","marker-color":"#666666"},"geometry":{"type":"Point","coordinates":[20.32091288825453,46.414607570377186]}},{"type":"Feature","properties":{"name":"Node","marker-size":"small","marker-color":"#666666"},"geometry":{"type":"Point","coordinates":[18.702073,46.35045909999998]}},{"type":"Feature","properties":{"name":"Node","marker-size":"small","marker-color":"#666666"},"geometry":{"type":"Point","coordinates":[19.851555908567825,46.711782243677305]}},{"type":"Feature","properties":{"name":"Node","marker-size":"small","marker-color":"#666666"},"geometry":{"type":"Point","coordinates":[19.4752494,46.430212700000006]}},{"type":"Feature","properties":{"name":"Node","marker-size":"small","marker-color":"#666666"},"geometry":{"type":"Point","coordinates":[19.48040343005373,46.429894290269374]}},{"type":"Feature","properties":{"name":"Node","marker-size":"small","marker-color":"#666666"},"geometry":{"type":"Point","coordinates":[19.2537212,46.5258942]}},{"type":"Feature","properties":{"name":"Node","marker-size":"small","marker-color":"#666666"},"geometry":{"type":"Point","coordinates":[19.6771073,46.9072118]}},{"type":"Feature","properties":{"name":"Node","marker-size":"small","marker-color":"#666666"},"geometry":{"type":"Point","coordinates":[19.84688617944956,46.711711150604074]}},{"type":"Feature","properties":{"name":"Node","marker-size":"small","marker-color":"#666666"},"geometry":{"type":"Point","coordinates":[18.232266,46.0727345]}},{"type":"Feature","properties":{"name":"Node","marker-size":"small","marker-color":"#666666"},"geometry":{"type":"Point","coordinates":[18.188676,46.067319999999995]}},{"type":"Feature","properties":{"name":"Node","marker-size":"small","marker-color":"#666666"},"geometry":{"type":"Point","coordinates":[18.85852495931905,46.6243796364699]}},{"type":"Feature","properties":{"name":"Node","marker-size":"small","marker-color":"#666666"},"geometry":{"type":"Point","coordinates":[18.2345472,45.8509718]}},{"type":"Feature","properties":{"name":"Node","marker-size":"small","marker-color":"#666666"},"geometry":{"type":"Point","coordinates":[16.5759507,47.6911391]}},{"type":"Feature","properties":{"name":"Node","marker-size":"small","marker-color":"#666666"},"geometry":{"type":"Point","coordinates":[16.5855833,47.6869442]}},{"type":"Feature","properties":{"name":"Node","marker-size":"small","marker-color":"#666666"},"geometry":{"type":"Point","coordinates":[17.251036459949237,47.611385130722724]}},{"type":"Feature","properties":{"name":"Node","marker-size":"small","marker-color":"#666666"},"geometry":{"type":"Point","coordinates":[17.2481531,47.6103821]}},{"type":"Feature","properties":{"name":"Node","marker-size":"small","marker-color":"#666666"},"geometry":{"type":"Point","coordinates":[18.397652,47.58475800000001]}},{"type":"Feature","properties":{"name":"Node","marker-size":"small","marker-color":"#666666"},"geometry":{"type":"Point","coordinates":[18.0127738,47.46725659999999]}},{"type":"Feature","properties":{"name":"Node","marker-size":"small","marker-color":"#666666"},"geometry":{"type":"Point","coordinates":[18.4192346,47.561338]}},{"type":"Feature","properties":{"name":"Node","marker-size":"small","marker-color":"#666666"},"geometry":{"type":"Point","coordinates":[18.32642633467636,47.65044002514546]}},{"type":"Feature","properties":{"name":"Node","marker-size":"small","marker-color":"#666666"},"geometry":{"type":"Point","coordinates":[18.4015835,47.584033399999996]}},{"type":"Feature","properties":{"name":"Node","marker-size":"small","marker-color":"#666666"},"geometry":{"type":"Point","coordinates":[16.6062206,47.2384322]}},{"type":"Feature","properties":{"name":"Node","marker-size":"small","marker-color":"#666666"},"geometry":{"type":"Point","coordinates":[16.6170533,47.22207969999999]}},{"type":"Feature","properties":{"name":"Node","marker-size":"small","marker-color":"#666666"},"geometry":{"type":"Point","coordinates":[17.236447776499805,46.76567289120486]}},{"type":"Feature","properties":{"name":"Node","marker-size":"small","marker-color":"#666666"},"geometry":{"type":"Point","coordinates":[19.032493,47.4969747]}},{"type":"Feature","properties":{"name":"Node","marker-size":"small","marker-color":"#666666"},"geometry":{"type":"Point","coordinates":[19.06016075404467,47.503416989321224]}},{"type":"Feature","properties":{"name":"Node","marker-size":"small","marker-color":"#666666"},"geometry":{"type":"Point","coordinates":[19.0612149,47.5063162]}},{"type":"Feature","properties":{"name":"Node","marker-size":"small","marker-color":"#666666"},"geometry":{"type":"Point","coordinates":[19.0577577,47.52229680000001]}},{"type":"Feature","properties":{"name":"Node","marker-size":"small","marker-color":"#666666"},"geometry":{"type":"Point","coordinates":[19.1268258,47.520015]}},{"type":"Feature","properties":{"name":"Node","marker-size":"small","marker-color":"#666666"},"geometry":{"type":"Point","coordinates":[19.434781,47.34911890000001]}},{"type":"Feature","properties":{"name":"Node","marker-size":"small","marker-color":"#666666"},"geometry":{"type":"Point","coordinates":[19.082125738226843,47.35097107338302]}},{"type":"Feature","properties":{"name":"Node","marker-size":"small","marker-color":"#666666"},"geometry":{"type":"Point","coordinates":[19.1240703,47.6396071]}},{"type":"Feature","properties":{"name":"Node","marker-size":"small","marker-color":"#666666"},"geometry":{"type":"Point","coordinates":[18.9119333,47.3959369]}},{"type":"Feature","properties":{"name":"Node","marker-size":"small","marker-color":"#666666"},"geometry":{"type":"Point","coordinates":[19.1802342,47.50889859999999]}},{"type":"Feature","properties":{"name":"Node","marker-size":"small","marker-color":"#666666"},"geometry":{"type":"Point","coordinates":[19.1240252,47.558413900000005]}},{"type":"Feature","properties":{"name":"Node","marker-size":"small","marker-color":"#666666"},"geometry":{"type":"Point","coordinates":[19.0288225,47.4633731]}},{"type":"Feature","properties":{"name":"Node","marker-size":"small","marker-color":"#666666"},"geometry":{"type":"Point","coordinates":[19.135370857459147,47.48818566271174]}},{"type":"Feature","properties":{"name":"Node","marker-size":"small","marker-color":"#666666"},"geometry":{"type":"Point","coordinates":[19.0648836,47.4852859]}},{"type":"Feature","properties":{"name":"Node","marker-size":"small","marker-color":"#666666"},"geometry":{"type":"Point","coordinates":[19.128022471193223,47.48405554171177]}},{"type":"Feature","properties":{"name":"Node","marker-size":"small","marker-color":"#666666"},"geometry":{"type":"Point","coordinates":[19.0805665,47.48726060000001]}},{"type":"Feature","properties":{"name":"Node","marker-size":"small","marker-color":"#666666"},"geometry":{"type":"Point","coordinates":[19.1001881,47.564085]}},{"type":"Feature","properties":{"name":"Node","marker-size":"small","marker-color":"#666666"},"geometry":{"type":"Point","coordinates":[19.041210788988383,47.537041191150095]}},{"type":"Feature","properties":{"name":"Node","marker-size":"small","marker-color":"#666666"},"geometry":{"type":"Point","coordinates":[19.0490051,47.5979061]}},{"type":"Feature","properties":{"name":"Node","marker-size":"small","marker-color":"#666666"},"geometry":{"type":"Point","coordinates":[17.028578137119727,47.593155398637926]}},{"type":"Feature","properties":{"name":"Node","marker-size":"small","marker-color":"#666666"},"geometry":{"type":"Point","coordinates":[19.044869387861652,47.557080147263775]}},{"type":"Feature","properties":{"name":"Node","marker-size":"small","marker-color":"#666666"},"geometry":{"type":"Point","coordinates":[21.72683768205222,47.97137709546234]}},{"type":"Feature","properties":{"name":"Node","marker-size":"small","marker-color":"#666666"},"geometry":{"type":"Point","coordinates":[16.622675889737096,47.21438717606261]}},{"type":"Feature","properties":{"name":"Node","marker-size":"small","marker-color":"#666666"},"geometry":{"type":"Point","coordinates":[21.406623507065383,47.435168118874074]}},{"type":"Feature","properties":{"name":"Node","marker-size":"small","marker-color":"#666666"},"geometry":{"type":"Point","coordinates":[20.408356963124575,47.739623599817776]}},{"type":"Feature","properties":{"name":"Node","marker-size":"small","marker-color":"#666666"},"geometry":{"type":"Point","coordinates":[18.245077057358895,45.85122596149568]}},{"type":"Feature","properties":{"name":"Node","marker-size":"small","marker-color":"#666666"},"geometry":{"type":"Point","coordinates":[17.635711685086505,47.66086113309886]}},{"type":"Feature","properties":{"name":"Node","marker-size":"small","marker-color":"#666666"},"geometry":{"type":"Point","coordinates":[18.726096804318743,47.73002111754474]}},{"type":"Feature","properties":{"name":"Node","marker-size":"small","marker-color":"#666666"},"geometry":{"type":"Point","coordinates":[18.63574191993878,47.491255782232344]}},{"type":"Feature","properties":{"name":"Node","marker-size":"small","marker-color":"#666666"},"geometry":{"type":"Point","coordinates":[19.068862,47.499798]}},{"type":"Feature","properties":{"name":"Node","marker-size":"small","marker-color":"#666666"},"geometry":{"type":"Point","coordinates":[20.4058391,47.17769070000001]}},{"type":"Feature","properties":{"name":"Node","marker-size":"small","marker-color":"#666666"},"geometry":{"type":"Point","coordinates":[19.1331322,47.53528679999999]}},{"type":"Feature","properties":{"name":"Node","marker-size":"small","marker-color":"#666666"},"geometry":{"type":"Point","coordinates":[17.6323164,47.6863196]}},{"type":"Feature","properties":{"name":"Node","marker-size":"small","marker-color":"#666666"},"geometry":{"type":"Point","coordinates":[18.4134846,47.1930111]}},{"type":"Feature","properties":{"name":"Node","marker-size":"small","marker-color":"#666666"},"geometry":{"type":"Point","coordinates":[19.1410298,47.76889330000001]}},{"type":"Feature","properties":{"name":"Node","marker-size":"small","marker-color":"#666666"},"geometry":{"type":"Point","coordinates":[19.0287505,47.5417457]}},{"type":"Feature","properties":{"name":"Node","marker-size":"small","marker-color":"#666666"},"geometry":{"type":"Point","coordinates":[19.076680980225678,47.506199703181615]}},{"type":"Feature","properties":{"name":"Node","marker-size":"small","marker-color":"#666666"},"geometry":{"type":"Point","coordinates":[19.0058139,47.4663811]}},{"type":"Feature","properties":{"name":"Node","marker-size":"small","marker-color":"#666666"},"geometry":{"type":"Point","coordinates":[17.44868908392941,46.88568062431653]}},{"type":"Feature","properties":{"name":"Node","marker-size":"small","marker-color":"#666666"},"geometry":{"type":"Point","coordinates":[19.016312397699032,47.46231233888337]}},{"type":"Feature","properties":{"name":"Node","marker-size":"small","marker-color":"#666666"},"geometry":{"type":"Point","coordinates":[19.0149335,47.5224818]}},{"type":"Feature","properties":{"name":"Node","marker-size":"small","marker-color":"#666666"},"geometry":{"type":"Point","coordinates":[18.96625626967587,47.538162486982294]}},{"type":"Feature","properties":{"name":"Node","marker-size":"small","marker-color":"#666666"},"geometry":{"type":"Point","coordinates":[19.1106676,47.4703819]}},{"type":"Feature","properties":{"name":"Node","marker-size":"small","marker-color":"#666666"},"geometry":{"type":"Point","coordinates":[19.0054936,47.5289827]}},{"type":"Feature","properties":{"name":"Node","marker-size":"small","marker-color":"#666666"},"geometry":{"type":"Point","coordinates":[19.0713077,47.423618100000006]}},{"type":"Feature","properties":{"name":"Node","marker-size":"small","marker-color":"#666666"},"geometry":{"type":"Point","coordinates":[19.0651795,47.5002456]}},{"type":"Feature","properties":{"name":"Node","marker-size":"small","marker-color":"#666666"},"geometry":{"type":"Point","coordinates":[19.151624,47.5035581]}},{"type":"Feature","properties":{"name":"Node","marker-size":"small","marker-color":"#666666"},"geometry":{"type":"Point","coordinates":[19.09772165529428,47.56647786614897]}},{"type":"Feature","properties":{"name":"Node","marker-size":"small","marker-color":"#666666"},"geometry":{"type":"Point","coordinates":[18.7098503,46.3454468]}},{"type":"Feature","properties":{"name":"Node","marker-size":"small","marker-color":"#666666"},"geometry":{"type":"Point","coordinates":[19.0556877,47.5098338]}},{"type":"Feature","properties":{"name":"Node","marker-size":"small","marker-color":"#666666"},"geometry":{"type":"Point","coordinates":[19.04910758138822,47.47519082289944]}},{"type":"Feature","properties":{"name":"Node","marker-size":"small","marker-color":"#666666"},"geometry":{"type":"Point","coordinates":[20.321657042478353,46.41007355580056]}},{"type":"Feature","properties":{"name":"Node","marker-size":"small","marker-color":"#666666"},"geometry":{"type":"Point","coordinates":[17.0118779,46.45336169999999]}},{"type":"Feature","properties":{"name":"Node","marker-size":"small","marker-color":"#666666"},"geometry":{"type":"Point","coordinates":[18.8828402,47.41378040000001]}},{"type":"Feature","properties":{"name":"Node","marker-size":"small","marker-color":"#666666"},"geometry":{"type":"Point","coordinates":[17.458317,47.3291415]}},{"type":"Feature","properties":{"name":"Node","marker-size":"small","marker-color":"#666666"},"geometry":{"type":"Point","coordinates":[18.3137091,47.6510287]}},{"type":"Feature","properties":{"name":"Node","marker-size":"small","marker-color":"#666666"},"geometry":{"type":"Point","coordinates":[20.2803248,48.2228656]}},{"type":"Feature","properties":{"name":"Node","marker-size":"small","marker-color":"#666666"},"geometry":{"type":"Point","coordinates":[18.9469926,47.4043687]}},{"type":"Feature","properties":{"name":"Node","marker-size":"small","marker-color":"#666666"},"geometry":{"type":"Point","coordinates":[17.643643132343495,47.69078215739322]}},{"type":"Feature","properties":{"name":"Node","marker-size":"small","marker-color":"#666666"},"geometry":{"type":"Point","coordinates":[21.2620754,46.63952329999999]}},{"type":"Feature","properties":{"name":"Node","marker-size":"small","marker-color":"#666666"},"geometry":{"type":"Point","coordinates":[19.1562562,47.47067740000001]}},{"type":"Feature","properties":{"name":"Node","marker-size":"small","marker-color":"#666666"},"geometry":{"type":"Point","coordinates":[17.267277359810404,46.774213906055515]}},{"type":"Feature","properties":{"name":"Node","marker-size":"small","marker-color":"#666666"},"geometry":{"type":"Point","coordinates":[16.5837811,47.68924579999999]}},{"type":"Feature","properties":{"name":"Node","marker-size":"small","marker-color":"#666666"},"geometry":{"type":"Point","coordinates":[18.2321673,46.0721863]}},{"type":"Feature","properties":{"name":"Node","marker-size":"small","marker-color":"#666666"},"geometry":{"type":"Point","coordinates":[18.9202581,46.9611703]}},{"type":"Feature","properties":{"name":"Node","marker-size":"small","marker-color":"#666666"},"geometry":{"type":"Point","coordinates":[19.0291742,47.54612149999999]}},{"type":"Feature","properties":{"name":"Node","marker-size":"small","marker-color":"#666666"},"geometry":{"type":"Point","coordinates":[20.7930075,48.1024728]}},{"type":"Feature","properties":{"name":"Node","marker-size":"small","marker-color":"#666666"},"geometry":{"type":"Point","coordinates":[18.390989,47.5909091]}},{"type":"Feature","properties":{"name":"Node","marker-size":"small","marker-color":"#666666"},"geometry":{"type":"Point","coordinates":[20.1823545,47.1802211]}},{"type":"Feature","properties":{"name":"Node","marker-size":"small","marker-color":"#666666"},"geometry":{"type":"Point","coordinates":[17.925348783580176,47.08473212314633]}},{"type":"Feature","properties":{"name":"Node","marker-size":"small","marker-color":"#666666"},"geometry":{"type":"Point","coordinates":[21.72659369303635,47.95612927324462]}},{"type":"Feature","properties":{"name":"Node","marker-size":"small","marker-color":"#666666"},"geometry":{"type":"Point","coordinates":[18.2333792,46.05667090000001]}},{"type":"Feature","properties":{"name":"Node","marker-size":"small","marker-color":"#666666"},"geometry":{"type":"Point","coordinates":[18.4244164,47.19066160000001]}},{"type":"Feature","properties":{"name":"Node","marker-size":"small","marker-color":"#666666"},"geometry":{"type":"Point","coordinates":[16.832686367858674,46.847898873283086]}},{"type":"Feature","properties":{"name":"Node","marker-size":"small","marker-color":"#666666"},"geometry":{"type":"Point","coordinates":[21.6203659,47.5417767]}},{"type":"Feature","properties":{"name":"Node","marker-size":"small","marker-color":"#666666"},"geometry":{"type":"Point","coordinates":[19.0638143,47.6463966]}},{"type":"Feature","properties":{"name":"Node","marker-size":"small","marker-color":"#666666"},"geometry":{"type":"Point","coordinates":[21.6868264,47.95753549999999]}},{"type":"Feature","properties":{"name":"Node","marker-size":"small","marker-color":"#666666"},"geometry":{"type":"Point","coordinates":[17.6497645,47.6880186]}},{"type":"Feature","properties":{"name":"Node","marker-size":"small","marker-color":"#666666"},"geometry":{"type":"Point","coordinates":[19.12982397212553,47.46257096507236]}},{"type":"Feature","properties":{"name":"Node","marker-size":"small","marker-color":"#666666"},"geometry":{"type":"Point","coordinates":[21.3908286,47.446161999999994]}},{"type":"Feature","properties":{"name":"Node","marker-size":"small","marker-color":"#666666"},"geometry":{"type":"Point","coordinates":[21.631602,47.50353799999999]}},{"type":"Feature","properties":{"name":"Node","marker-size":"small","marker-color":"#666666"},"geometry":{"type":"Point","coordinates":[21.628202231174555,47.53374364674321]}},{"type":"Feature","properties":{"name":"Node","marker-size":"small","marker-color":"#666666"},"geometry":{"type":"Point","coordinates":[21.700133631556483,47.81606558023643]}},{"type":"Feature","properties":{"name":"Node","marker-size":"small","marker-color":"#666666"},"geometry":{"type":"Point","coordinates":[22.130793,47.833016]}},{"type":"Feature","properties":{"name":"Node","marker-size":"small","marker-color":"#666666"},"geometry":{"type":"Point","coordinates":[22.321712761832842,47.95315483830495]}},{"type":"Feature","properties":{"name":"Node","marker-size":"small","marker-color":"#666666"},"geometry":{"type":"Point","coordinates":[22.318921211762497,48.12724403907915]}},{"type":"Feature","properties":{"name":"Node","marker-size":"small","marker-color":"#666666"},"geometry":{"type":"Point","coordinates":[19.7850908,48.075551499999996]}},{"type":"Feature","properties":{"name":"Node","marker-size":"small","marker-color":"#666666"},"geometry":{"type":"Point","coordinates":[19.8098603,48.1067156]}},{"type":"Feature","properties":{"name":"Node","marker-size":"small","marker-color":"#666666"},"geometry":{"type":"Point","coordinates":[19.700408856193878,47.92057776970164]}},{"type":"Feature","properties":{"name":"Node","marker-size":"small","marker-color":"#666666"},"geometry":{"type":"Point","coordinates":[19.515384494703603,48.08115718927752]}},{"type":"Feature","properties":{"name":"Node","marker-size":"small","marker-color":"#666666"},"geometry":{"type":"Point","coordinates":[19.9223189,47.7783082]}},{"type":"Feature","properties":{"name":"Node","marker-size":"small","marker-color":"#666666"},"geometry":{"type":"Point","coordinates":[20.72262323956417,48.215434812932315]}},{"type":"Feature","properties":{"name":"Node","marker-size":"small","marker-color":"#666666"},"geometry":{"type":"Point","coordinates":[20.7736178,48.0881284]}},{"type":"Feature","properties":{"name":"Node","marker-size":"small","marker-color":"#666666"},"geometry":{"type":"Point","coordinates":[20.6297183,48.25221330000001]}},{"type":"Feature","properties":{"name":"Node","marker-size":"small","marker-color":"#666666"},"geometry":{"type":"Point","coordinates":[19.8124946,48.13011359999999]}},{"type":"Feature","properties":{"name":"Node","marker-size":"small","marker-color":"#666666"},"geometry":{"type":"Point","coordinates":[21.10829363109999,48.33430018467502]}},{"type":"Feature","properties":{"name":"Node","marker-size":"small","marker-color":"#666666"},"geometry":{"type":"Point","coordinates":[20.2806177,47.59266700000001]}},{"type":"Feature","properties":{"name":"Node","marker-size":"small","marker-color":"#666666"},"geometry":{"type":"Point","coordinates":[20.6157407,48.24525]}},{"type":"Feature","properties":{"name":"Node","marker-size":"small","marker-color":"#666666"},"geometry":{"type":"Point","coordinates":[21.04694,47.93286500000001]}},{"type":"Feature","properties":{"name":"Node","marker-size":"small","marker-color":"#666666"},"geometry":{"type":"Point","coordinates":[19.8018938,48.1036205]}},{"type":"Feature","properties":{"name":"Node","marker-size":"small","marker-color":"#666666"},"geometry":{"type":"Point","coordinates":[16.845663,46.8486346]}},{"type":"Feature","properties":{"name":"Node","marker-size":"small","marker-color":"#666666"},"geometry":{"type":"Point","coordinates":[20.381225,47.8901231]}},{"type":"Feature","properties":{"name":"Node","marker-size":"small","marker-color":"#666666"},"geometry":{"type":"Point","coordinates":[16.827169,46.831415099999994]}},{"type":"Feature","properties":{"name":"Node","marker-size":"small","marker-color":"#666666"},"geometry":{"type":"Point","coordinates":[19.93701214270946,47.78902572813931]}},{"type":"Feature","properties":{"name":"Node","marker-size":"small","marker-color":"#666666"},"geometry":{"type":"Point","coordinates":[17.784253561729745,46.356901005893704]}},{"type":"Feature","properties":{"name":"Node","marker-size":"small","marker-color":"#666666"},"geometry":{"type":"Point","coordinates":[16.7236809,46.4323195]}},{"type":"Feature","properties":{"name":"Node","marker-size":"small","marker-color":"#666666"},"geometry":{"type":"Point","coordinates":[17.792484,46.35407000000001]}},{"type":"Feature","properties":{"name":"Node","marker-size":"small","marker-color":"#666666"},"geometry":{"type":"Point","coordinates":[16.9852432,46.4574559]}},{"type":"Feature","properties":{"name":"Node","marker-size":"small","marker-color":"#666666"},"geometry":{"type":"Point","coordinates":[17.7878243,46.3654467]}},{"type":"Feature","properties":{"name":"Node","marker-size":"small","marker-color":"#666666"},"geometry":{"type":"Point","coordinates":[19.783871323686537,47.039062502945896]}},{"type":"Feature","properties":{"name":"Node","marker-size":"small","marker-color":"#666666"},"geometry":{"type":"Point","coordinates":[20.1389136,46.2546037]}},{"type":"Feature","properties":{"name":"Node","marker-size":"small","marker-color":"#666666"},"geometry":{"type":"Point","coordinates":[18.130320130324,46.377702162848514]}},{"type":"Feature","properties":{"name":"Node","marker-size":"small","marker-color":"#666666"},"geometry":{"type":"Point","coordinates":[20.56160484559659,47.806973509890234]}},{"type":"Feature","properties":{"name":"Node","marker-size":"small","marker-color":"#666666"},"geometry":{"type":"Point","coordinates":[20.096027507684916,46.93675634740652]}},{"type":"Feature","properties":{"name":"Node","marker-size":"small","marker-color":"#666666"},"geometry":{"type":"Point","coordinates":[18.2810231,46.633350400000005]}},{"type":"Feature","properties":{"name":"Node","marker-size":"small","marker-color":"#666666"},"geometry":{"type":"Point","coordinates":[20.417919562979478,47.1798992227453]}},{"type":"Feature","properties":{"name":"Node","marker-size":"small","marker-color":"#666666"},"geometry":{"type":"Point","coordinates":[21.0901969,46.677005799999996]}},{"type":"Feature","properties":{"name":"Node","marker-size":"small","marker-color":"#666666"},"geometry":{"type":"Point","coordinates":[20.1586689,46.24526969999999]}},{"type":"Feature","properties":{"name":"Node","marker-size":"small","marker-color":"#666666"},"geometry":{"type":"Point","coordinates":[17.990133969128127,46.03986881790381]}},{"type":"Feature","properties":{"name":"Node","marker-size":"small","marker-color":"#666666"},"geometry":{"type":"Point","coordinates":[17.810984100354137,46.048918918240375]}},{"type":"Feature","properties":{"name":"Node","marker-size":"small","marker-color":"#666666"},"geometry":{"type":"Point","coordinates":[19.67374218974067,46.918899027820444]}},{"type":"Feature","properties":{"name":"Node","marker-size":"small","marker-color":"#666666"},"geometry":{"type":"Point","coordinates":[18.958232613843148,46.194955593323826]}},{"type":"Feature","properties":{"name":"Node","marker-size":"small","marker-color":"#666666"},"geometry":{"type":"Point","coordinates":[19.845322783746475,46.72246523781064]}},{"type":"Feature","properties":{"name":"Node","marker-size":"small","marker-color":"#666666"},"geometry":{"type":"Point","coordinates":[18.2715431,46.1965708]}},{"type":"Feature","properties":{"name":"Node","marker-size":"small","marker-color":"#666666"},"geometry":{"type":"Point","coordinates":[18.9831145,46.523917499999996]}},{"type":"Feature","properties":{"name":"Node","marker-size":"small","marker-color":"#666666"},"geometry":{"type":"Point","coordinates":[18.9527011,46.1834177]}},{"type":"Feature","properties":{"name":"Node","marker-size":"small","marker-color":"#666666"},"geometry":{"type":"Point","coordinates":[18.2839161,46.053481]}},{"type":"Feature","properties":{"name":"Node","marker-size":"small","marker-color":"#666666"},"geometry":{"type":"Point","coordinates":[17.7968462,46.04731439999999]}},{"type":"Feature","properties":{"name":"Node","marker-size":"small","marker-color":"#666666"},"geometry":{"type":"Point","coordinates":[18.213380210982614,46.04140545284467]}},{"type":"Feature","properties":{"name":"Node","marker-size":"small","marker-color":"#666666"},"geometry":{"type":"Point","coordinates":[18.2917925,45.85587400000001]}},{"type":"Feature","properties":{"name":"Node","marker-size":"small","marker-color":"#666666"},"geometry":{"type":"Point","coordinates":[18.2191192,46.0453561]}},{"type":"Feature","properties":{"name":"Node","marker-size":"small","marker-color":"#666666"},"geometry":{"type":"Point","coordinates":[17.276275134809044,47.86164964914792]}},{"type":"Feature","properties":{"name":"Node","marker-size":"small","marker-color":"#666666"},"geometry":{"type":"Point","coordinates":[16.570746,47.685010999999996]}},{"type":"Feature","properties":{"name":"Node","marker-size":"small","marker-color":"#666666"},"geometry":{"type":"Point","coordinates":[17.7322987,47.69765839999999]}},{"type":"Feature","properties":{"name":"Node","marker-size":"small","marker-color":"#666666"},"geometry":{"type":"Point","coordinates":[17.407926883387375,46.57791684449412]}},{"type":"Feature","properties":{"name":"Node","marker-size":"small","marker-color":"#666666"},"geometry":{"type":"Point","coordinates":[16.5887,47.6776479]}},{"type":"Feature","properties":{"name":"Node","marker-size":"small","marker-color":"#666666"},"geometry":{"type":"Point","coordinates":[18.3881882,47.57775179999999]}},{"type":"Feature","properties":{"name":"Node","marker-size":"small","marker-color":"#666666"},"geometry":{"type":"Point","coordinates":[18.116398607620106,47.74342320654606]}},{"type":"Feature","properties":{"name":"Node","marker-size":"small","marker-color":"#666666"},"geometry":{"type":"Point","coordinates":[18.5649492,47.759469900000006]}},{"type":"Feature","properties":{"name":"Node","marker-size":"small","marker-color":"#666666"},"geometry":{"type":"Point","coordinates":[18.7434452,47.7883949]}},{"type":"Feature","properties":{"name":"Node","marker-size":"small","marker-color":"#666666"},"geometry":{"type":"Point","coordinates":[18.4111158,47.5602631]}},{"type":"Feature","properties":{"name":"Node","marker-size":"small","marker-color":"#666666"},"geometry":{"type":"Point","coordinates":[18.1098007,47.746462]}},{"type":"Feature","properties":{"name":"Node","marker-size":"small","marker-color":"#666666"},"geometry":{"type":"Point","coordinates":[16.8083714,47.0569388]}},{"type":"Feature","properties":{"name":"Node","marker-size":"small","marker-color":"#666666"},"geometry":{"type":"Point","coordinates":[16.60730169551718,47.01245583353084]}},{"type":"Feature","properties":{"name":"Node","marker-size":"small","marker-color":"#666666"},"geometry":{"type":"Point","coordinates":[16.6233001,47.2411289]}},{"type":"Feature","properties":{"name":"Node","marker-size":"small","marker-color":"#666666"},"geometry":{"type":"Point","coordinates":[16.5490554,47.3829936]}},{"type":"Feature","properties":{"name":"Node","marker-size":"small","marker-color":"#666666"},"geometry":{"type":"Point","coordinates":[18.40050830702473,47.1946512641965]}},{"type":"Feature","properties":{"name":"Node","marker-size":"small","marker-color":"#666666"},"geometry":{"type":"Point","coordinates":[18.443476,47.205016]}},{"type":"Feature","properties":{"name":"Node","marker-size":"small","marker-color":"#666666"},"geometry":{"type":"Point","coordinates":[18.660155158398375,47.23393864654577]}},{"type":"Feature","properties":{"name":"Node","marker-size":"small","marker-color":"#666666"},"geometry":{"type":"Point","coordinates":[17.55092299670783,47.10889867723362]}},{"type":"Feature","properties":{"name":"Node","marker-size":"small","marker-color":"#666666"},"geometry":{"type":"Point","coordinates":[16.928829,47.254335000000005]}},{"type":"Feature","properties":{"name":"Node","marker-size":"small","marker-color":"#666666"},"geometry":{"type":"Point","coordinates":[17.9106298,47.09403289999999]}},{"type":"Feature","properties":{"name":"Node","marker-size":"small","marker-color":"#666666"},"geometry":{"type":"Point","coordinates":[16.6269012,47.23214]}},{"type":"Feature","properties":{"name":"Node","marker-size":"small","marker-color":"#666666"},"geometry":{"type":"Point","coordinates":[17.1532857,47.2533975]}},{"type":"Feature","properties":{"name":"Node","marker-size":"small","marker-color":"#666666"},"geometry":{"type":"Point","coordinates":[19.0258879,47.464041599999995]}},{"type":"Feature","properties":{"name":"Node","marker-size":"small","marker-color":"#666666"},"geometry":{"type":"Point","coordinates":[17.910275981366663,47.10748195958053]}},{"type":"Feature","properties":{"name":"Node","marker-size":"small","marker-color":"#666666"},"geometry":{"type":"Point","coordinates":[18.9027377,47.45091310000001]}},{"type":"Feature","properties":{"name":"Node","marker-size":"small","marker-color":"#666666"},"geometry":{"type":"Point","coordinates":[19.1407502,47.5030973]}},{"type":"Feature","properties":{"name":"Node","marker-size":"small","marker-color":"#666666"},"geometry":{"type":"Point","coordinates":[19.2270289,47.2929726]}},{"type":"Feature","properties":{"name":"Node","marker-size":"small","marker-color":"#666666"},"geometry":{"type":"Point","coordinates":[19.0201019,47.6457075]}},{"type":"Feature","properties":{"name":"Node","marker-size":"small","marker-color":"#666666"},"geometry":{"type":"Point","coordinates":[19.0841762,47.47085939999999]}},{"type":"Feature","properties":{"name":"Node","marker-size":"small","marker-color":"#666666"},"geometry":{"type":"Point","coordinates":[19.3737573,47.5867079]}},{"type":"Feature","properties":{"name":"Node","marker-size":"small","marker-color":"#666666"},"geometry":{"type":"Point","coordinates":[19.025859758436855,47.50882080027324]}},{"type":"Feature","properties":{"name":"Node","marker-size":"small","marker-color":"#666666"},"geometry":{"type":"Point","coordinates":[19.0582668,47.512948300000005]}},{"type":"Feature","properties":{"name":"Node","marker-size":"small","marker-color":"#666666"},"geometry":{"type":"Point","coordinates":[18.9274227,47.59752]}},{"type":"Feature","properties":{"name":"Node","marker-size":"small","marker-color":"#666666"},"geometry":{"type":"Point","coordinates":[19.0239112,47.4906198]}},{"type":"Feature","properties":{"name":"Node","marker-size":"small","marker-color":"#666666"},"geometry":{"type":"Point","coordinates":[19.17825316839913,47.43304727011776]}},{"type":"Feature","properties":{"name":"Node","marker-size":"small","marker-color":"#666666"},"geometry":{"type":"Point","coordinates":[18.90138781920625,47.32185915558133]}},{"type":"Feature","properties":{"name":"Node","marker-size":"small","marker-color":"#666666"},"geometry":{"type":"Point","coordinates":[18.9928737,47.3667405]}},{"type":"Feature","properties":{"name":"Node","marker-size":"small","marker-color":"#666666"},"geometry":{"type":"Point","coordinates":[19.2719814,47.49670560000001]}},{"type":"Feature","properties":{"name":"Node","marker-size":"small","marker-color":"#666666"},"geometry":{"type":"Point","coordinates":[19.155005,47.6321893]}},{"type":"Feature","properties":{"name":"Node","marker-size":"small","marker-color":"#666666"},"geometry":{"type":"Point","coordinates":[18.963780014877543,47.32343284093679]}},{"type":"Feature","properties":{"name":"Node","marker-size":"small","marker-color":"#666666"},"geometry":{"type":"Point","coordinates":[19.1192572,47.5935875]}},{"type":"Feature","properties":{"name":"Node","marker-size":"small","marker-color":"#666666"},"geometry":{"type":"Point","coordinates":[19.094966409616863,47.55492465212225]}},{"type":"Feature","properties":{"name":"Node","marker-size":"small","marker-color":"#666666"},"geometry":{"type":"Point","coordinates":[19.2073139,47.4161659]}},{"type":"Feature","properties":{"name":"Node","marker-size":"small","marker-color":"#666666"},"geometry":{"type":"Point","coordinates":[18.9254092,47.3864378]}},{"type":"Feature","properties":{"name":"Node","marker-size":"small","marker-color":"#666666"},"geometry":{"type":"Point","coordinates":[19.071813,47.47998200000001]}},{"type":"Feature","properties":{"name":"Node","marker-size":"small","marker-color":"#666666"},"geometry":{"type":"Point","coordinates":[19.00681592251697,47.407107159937354]}},{"type":"Feature","properties":{"name":"Node","marker-size":"small","marker-color":"#666666"},"geometry":{"type":"Point","coordinates":[19.1154607,47.46192569999999]}},{"type":"Feature","properties":{"name":"Node","marker-size":"small","marker-color":"#666666"},"geometry":{"type":"Point","coordinates":[19.0379178,47.50603339999999]}},{"type":"Feature","properties":{"name":"Node","marker-size":"small","marker-color":"#666666"},"geometry":{"type":"Point","coordinates":[19.1224192,47.5426428]}},{"type":"Feature","properties":{"name":"Node","marker-size":"small","marker-color":"#666666"},"geometry":{"type":"Point","coordinates":[19.0996846,47.55715930000001]}},{"type":"Feature","properties":{"name":"Node","marker-size":"small","marker-color":"#666666"},"geometry":{"type":"Point","coordinates":[19.052222,47.5987968]}},{"type":"Feature","properties":{"name":"Node","marker-size":"small","marker-color":"#666666"},"geometry":{"type":"Point","coordinates":[20.000780552382817,47.18795706859815]}},{"type":"Feature","properties":{"name":"Node","marker-size":"small","marker-color":"#666666"},"geometry":{"type":"Point","coordinates":[19.2926623,47.6498713]}},{"type":"Feature","properties":{"name":"Node","marker-size":"small","marker-color":"#666666"},"geometry":{"type":"Point","coordinates":[19.1361423,47.70406639999999]}},{"type":"Feature","properties":{"name":"Node","marker-size":"small","marker-color":"#666666"},"geometry":{"type":"Point","coordinates":[19.0793865,47.6798441]}},{"type":"Feature","properties":{"name":"Node","marker-size":"small","marker-color":"#666666"},"geometry":{"type":"Point","coordinates":[19.343417,47.5986835]}},{"type":"Feature","properties":{"name":"Node","marker-size":"small","marker-color":"#666666"},"geometry":{"type":"Point","coordinates":[19.072407654904925,47.40798690850609]}},{"type":"Feature","properties":{"name":"Node","marker-size":"small","marker-color":"#666666"},"geometry":{"type":"Point","coordinates":[19.2448276,47.4677154]}},{"type":"Feature","properties":{"name":"Node","marker-size":"small","marker-color":"#666666"},"geometry":{"type":"Point","coordinates":[19.243954,47.480007]}},{"type":"Feature","properties":{"name":"Node","marker-size":"small","marker-color":"#666666"},"geometry":{"type":"Point","coordinates":[19.1905927,47.4471068]}},{"type":"Feature","properties":{"name":"Node","marker-size":"small","marker-color":"#666666"},"geometry":{"type":"Point","coordinates":[19.255137,47.4794569]}},{"type":"Feature","properties":{"name":"Node","marker-size":"small","marker-color":"#666666"},"geometry":{"type":"Point","coordinates":[19.0818999,47.531254999999994]}},{"type":"Feature","properties":{"name":"Node","marker-size":"small","marker-color":"#666666"},"geometry":{"type":"Point","coordinates":[19.077132,47.5496273]}},{"type":"Feature","properties":{"name":"Node","marker-size":"small","marker-color":"#666666"},"geometry":{"type":"Point","coordinates":[19.1641799,47.47126359999999]}},{"type":"Feature","properties":{"name":"Node","marker-size":"small","marker-color":"#666666"},"geometry":{"type":"Point","coordinates":[19.0070196,47.4484526]}},{"type":"Feature","properties":{"name":"Node","marker-size":"small","marker-color":"#666666"},"geometry":{"type":"Point","coordinates":[19.089303,47.5606872]}},{"type":"Feature","properties":{"name":"Node","marker-size":"small","marker-color":"#666666"},"geometry":{"type":"Point","coordinates":[19.106973472316167,47.56143808580667]}},{"type":"Feature","properties":{"name":"Node","marker-size":"small","marker-color":"#666666"},"geometry":{"type":"Point","coordinates":[19.0493589,47.57308440000001]}},{"type":"Feature","properties":{"name":"Node","marker-size":"small","marker-color":"#666666"},"geometry":{"type":"Point","coordinates":[21.630280653811933,47.51555871003887]}},{"type":"Feature","properties":{"name":"Node","marker-size":"small","marker-color":"#666666"},"geometry":{"type":"Point","coordinates":[21.5586995,48.328976600000004]}},{"type":"Feature","properties":{"name":"Node","marker-size":"small","marker-color":"#666666"},"geometry":{"type":"Point","coordinates":[21.115332822533837,46.66812429777623]}},{"type":"Feature","properties":{"name":"Node","marker-size":"small","marker-color":"#666666"},"geometry":{"type":"Point","coordinates":[19.1342858,47.5519697]}},{"type":"Feature","properties":{"name":"Node","marker-size":"small","marker-color":"#666666"},"geometry":{"type":"Point","coordinates":[16.2692888,46.9554581]}},{"type":"Feature","properties":{"name":"Node","marker-size":"small","marker-color":"#666666"},"geometry":{"type":"Point","coordinates":[21.2069518,48.1603903]}},{"type":"Feature","properties":{"name":"Node","marker-size":"small","marker-color":"#666666"},"geometry":{"type":"Point","coordinates":[19.3618721,47.44813229999999]}},{"type":"Feature","properties":{"name":"Node","marker-size":"small","marker-color":"#666666"},"geometry":{"type":"Point","coordinates":[19.1468948,47.4582823]}},{"type":"Feature","properties":{"name":"Node","marker-size":"small","marker-color":"#666666"},"geometry":{"type":"Point","coordinates":[19.100321310355884,47.43970266751812]}},{"type":"Feature","properties":{"name":"Node","marker-size":"small","marker-color":"#666666"},"geometry":{"type":"Point","coordinates":[21.7180478,47.95815229999998]}},{"type":"Feature","properties":{"name":"Node","marker-size":"small","marker-color":"#666666"},"geometry":{"type":"Point","coordinates":[20.777045031216076,48.08358935040844]}},{"type":"Feature","properties":{"name":"Node","marker-size":"small","marker-color":"#666666"},"geometry":{"type":"Point","coordinates":[21.080778,46.6812479]}},{"type":"Feature","properties":{"name":"Node","marker-size":"small","marker-color":"#666666"},"geometry":{"type":"Point","coordinates":[20.286310471924068,47.01818686470613]}},{"type":"Feature","properties":{"name":"Node","marker-size":"small","marker-color":"#666666"},"geometry":{"type":"Point","coordinates":[19.8000088,47.175891]}},{"type":"Feature","properties":{"name":"Node","marker-size":"small","marker-color":"#666666"},"geometry":{"type":"Point","coordinates":[20.1640022,46.2637697]}},{"type":"Feature","properties":{"name":"Node","marker-size":"small","marker-color":"#666666"},"geometry":{"type":"Point","coordinates":[18.783156473104842,46.42193744596411]}},{"type":"Feature","properties":{"name":"Node","marker-size":"small","marker-color":"#666666"},"geometry":{"type":"Point","coordinates":[19.0783103,47.4815658]}},{"type":"Feature","properties":{"name":"Node","marker-size":"small","marker-color":"#666666"},"geometry":{"type":"Point","coordinates":[19.186392615838205,47.439667024243086]}},{"type":"Feature","properties":{"name":"Node","marker-size":"small","marker-color":"#666666"},"geometry":{"type":"Point","coordinates":[19.1188183,47.44738299999999]}},{"type":"Feature","properties":{"name":"Node","marker-size":"small","marker-color":"#666666"},"geometry":{"type":"Point","coordinates":[19.002353811537226,47.33386057592831]}},{"type":"Feature","properties":{"name":"Node","marker-size":"small","marker-color":"#666666"},"geometry":{"type":"Point","coordinates":[19.2126929,47.3822274]}},{"type":"Feature","properties":{"name":"Node","marker-size":"small","marker-color":"#666666"},"geometry":{"type":"Point","coordinates":[19.0327459,47.54567200000001]}},{"type":"Feature","properties":{"name":"Node","marker-size":"small","marker-color":"#666666"},"geometry":{"type":"Point","coordinates":[19.107423300532975,47.43514174660801]}},{"type":"Feature","properties":{"name":"Node","marker-size":"small","marker-color":"#666666"},"geometry":{"type":"Point","coordinates":[19.071331330566384,47.434983741469914]}},{"type":"Feature","properties":{"name":"Node","marker-size":"small","marker-color":"#666666"},"geometry":{"type":"Point","coordinates":[19.0872041,47.42146369999999]}},{"type":"Feature","properties":{"name":"Node","marker-size":"small","marker-color":"#666666"},"geometry":{"type":"Point","coordinates":[19.2663792,47.47543]}},{"type":"Feature","properties":{"name":"Node","marker-size":"small","marker-color":"#666666"},"geometry":{"type":"Point","coordinates":[19.217454,47.42906599999999]}},{"type":"Feature","properties":{"name":"Node","marker-size":"small","marker-color":"#666666"},"geometry":{"type":"Point","coordinates":[19.1866627,47.520908500000004]}},{"type":"Feature","properties":{"name":"Node","marker-size":"small","marker-color":"#666666"},"geometry":{"type":"Point","coordinates":[19.1431604,47.5100954]}},{"type":"Feature","properties":{"name":"Node","marker-size":"small","marker-color":"#666666"},"geometry":{"type":"Point","coordinates":[19.1463063,47.5067186]}},{"type":"Feature","properties":{"name":"Node","marker-size":"small","marker-color":"#666666"},"geometry":{"type":"Point","coordinates":[19.0336138,47.4678953]}},{"type":"Feature","properties":{"name":"Node","marker-size":"small","marker-color":"#666666"},"geometry":{"type":"Point","coordinates":[19.054759940504713,47.47397280379331]}},{"type":"Feature","properties":{"name":"Node","marker-size":"small","marker-color":"#666666"},"geometry":{"type":"Point","coordinates":[21.2113183,47.1063664]}},{"type":"Feature","properties":{"name":"Node","marker-size":"small","marker-color":"#666666"},"geometry":{"type":"Point","coordinates":[18.203974,47.377951]}},{"type":"Feature","properties":{"name":"Node","marker-size":"small","marker-color":"#666666"},"geometry":{"type":"Point","coordinates":[19.390587504068165,47.537131412092656]}},{"type":"Feature","properties":{"name":"Node","marker-size":"small","marker-color":"#666666"},"geometry":{"type":"Point","coordinates":[20.2173612128451,47.132304751756635]}},{"type":"Feature","properties":{"name":"Node","marker-size":"small","marker-color":"#666666"},"geometry":{"type":"Point","coordinates":[19.5341165,47.450895300000006]}},{"type":"Feature","properties":{"name":"Node","marker-size":"small","marker-color":"#666666"},"geometry":{"type":"Point","coordinates":[19.0783819,47.7512109]}},{"type":"Feature","properties":{"name":"Node","marker-size":"small","marker-color":"#666666"},"geometry":{"type":"Point","coordinates":[22.320872437373453,48.12699433905011]}},{"type":"Feature","properties":{"name":"Node","marker-size":"small","marker-color":"#666666"},"geometry":{"type":"Point","coordinates":[19.40724272657604,47.418723892234254]}},{"type":"Feature","properties":{"name":"Node","marker-size":"small","marker-color":"#666666"},"geometry":{"type":"Point","coordinates":[19.012169062187265,47.201208222479984]}},{"type":"Feature","properties":{"name":"Node","marker-size":"small","marker-color":"#666666"},"geometry":{"type":"Point","coordinates":[21.3858103,46.7461627]}},{"type":"Feature","properties":{"name":"Node","marker-size":"small","marker-color":"#666666"},"geometry":{"type":"Point","coordinates":[19.111046159309648,47.0225751163938]}},{"type":"Feature","properties":{"name":"Node","marker-size":"small","marker-color":"#666666"},"geometry":{"type":"Point","coordinates":[19.23216122570715,47.29096149941636]}},{"type":"Feature","properties":{"name":"Node","marker-size":"small","marker-color":"#666666"},"geometry":{"type":"Point","coordinates":[19.540858798976824,47.29004293891152]}},{"type":"Feature","properties":{"name":"Node","marker-size":"small","marker-color":"#666666"},"geometry":{"type":"Point","coordinates":[18.74081025946892,47.71302893346404]}},{"type":"Feature","properties":{"name":"Node","marker-size":"small","marker-color":"#666666"},"geometry":{"type":"Point","coordinates":[19.353164,47.3800675]}},{"type":"Feature","properties":{"name":"Node","marker-size":"small","marker-color":"#666666"},"geometry":{"type":"Point","coordinates":[18.2161222,46.04322810000001]}},{"type":"Feature","properties":{"name":"Node","marker-size":"small","marker-color":"#666666"},"geometry":{"type":"Point","coordinates":[20.1562322,46.2719758]}},{"type":"Feature","properties":{"name":"Node","marker-size":"small","marker-color":"#666666"},"geometry":{"type":"Point","coordinates":[18.9439486,47.1729898]}},{"type":"Feature","properties":{"name":"Node","marker-size":"small","marker-color":"#666666"},"geometry":{"type":"Point","coordinates":[20.7341301,47.1100199]}},{"type":"Feature","properties":{"name":"Node","marker-size":"small","marker-color":"#666666"},"geometry":{"type":"Point","coordinates":[17.9138696,47.08430629999998]}},{"type":"Feature","properties":{"name":"Node","marker-size":"small","marker-color":"#666666"},"geometry":{"type":"Point","coordinates":[17.6408185,47.6681384]}},{"type":"Feature","properties":{"name":"Node","marker-size":"small","marker-color":"#666666"},"geometry":{"type":"Point","coordinates":[17.6446112,47.67671660000001]}},{"type":"Feature","properties":{"name":"Node","marker-size":"small","marker-color":"#666666"},"geometry":{"type":"Point","coordinates":[19.84885870181575,46.688917782999425]}},{"type":"Feature","properties":{"name":"Node","marker-size":"small","marker-color":"#666666"},"geometry":{"type":"Point","coordinates":[20.5732283,46.8543865]}},{"type":"Feature","properties":{"name":"Node","marker-size":"small","marker-color":"#666666"},"geometry":{"type":"Point","coordinates":[19.054997245578367,47.414961087729644]}},{"type":"Feature","properties":{"name":"Node","marker-size":"small","marker-color":"#666666"},"geometry":{"type":"Point","coordinates":[19.295243,46.6270412]}},{"type":"Feature","properties":{"name":"Node","marker-size":"small","marker-color":"#666666"},"geometry":{"type":"Point","coordinates":[21.0242694,47.93197379999999]}},{"type":"Feature","properties":{"name":"Node","marker-size":"small","marker-color":"#666666"},"geometry":{"type":"Point","coordinates":[18.856084814465603,46.61800961154758]}},{"type":"Feature","properties":{"name":"Node","marker-size":"small","marker-color":"#666666"},"geometry":{"type":"Point","coordinates":[20.2361495,46.6658079]}},{"type":"Feature","properties":{"name":"Node","marker-size":"small","marker-color":"#666666"},"geometry":{"type":"Point","coordinates":[18.914566273166376,47.3142071902442]}},{"type":"Feature","properties":{"name":"Node","marker-size":"small","marker-color":"#666666"},"geometry":{"type":"Point","coordinates":[19.7896771,48.0784396]}},{"type":"Feature","properties":{"name":"Node","marker-size":"small","marker-color":"#666666"},"geometry":{"type":"Point","coordinates":[17.549736,47.114794499999995]}},{"type":"Feature","properties":{"name":"Node","marker-size":"small","marker-color":"#666666"},"geometry":{"type":"Point","coordinates":[17.4471135,47.321594999999995]}},{"type":"Feature","properties":{"name":"Node","marker-size":"small","marker-color":"#666666"},"geometry":{"type":"Point","coordinates":[19.019744061048225,47.40759871498569]}},{"type":"Feature","properties":{"name":"Node","marker-size":"small","marker-color":"#666666"},"geometry":{"type":"Point","coordinates":[19.338499,47.610574]}},{"type":"Feature","properties":{"name":"Node","marker-size":"small","marker-color":"#666666"},"geometry":{"type":"Point","coordinates":[20.649462627922837,46.54786799866678]}},{"type":"Feature","properties":{"name":"Node","marker-size":"small","marker-color":"#666666"},"geometry":{"type":"Point","coordinates":[17.2571262,47.87649709999999]}},{"type":"Feature","properties":{"name":"Node","marker-size":"small","marker-color":"#666666"},"geometry":{"type":"Point","coordinates":[20.3325048,46.4123403]}},{"type":"Feature","properties":{"name":"Node","marker-size":"small","marker-color":"#666666"},"geometry":{"type":"Point","coordinates":[18.7487461,47.78023719999999]}},{"type":"Feature","properties":{"name":"Node","marker-size":"small","marker-color":"#666666"},"geometry":{"type":"Point","coordinates":[18.70578696531471,46.330265585092064]}},{"type":"Feature","properties":{"name":"Node","marker-size":"small","marker-color":"#666666"},"geometry":{"type":"Point","coordinates":[16.86077156103767,46.843019648393515]}},{"type":"Feature","properties":{"name":"Node","marker-size":"small","marker-color":"#666666"},"geometry":{"type":"Point","coordinates":[18.41129133279442,47.570838443558685]}},{"type":"Feature","properties":{"name":"Node","marker-size":"small","marker-color":"#666666"},"geometry":{"type":"Point","coordinates":[17.0130584,46.4641877]}},{"type":"Feature","properties":{"name":"Node","marker-size":"small","marker-color":"#666666"},"geometry":{"type":"Point","coordinates":[16.6518072,47.2409251]}},{"type":"Feature","properties":{"name":"Node","marker-size":"small","marker-color":"#666666"},"geometry":{"type":"Point","coordinates":[18.18426906509642,46.06345297221445]}},{"type":"Feature","properties":{"name":"Node","marker-size":"small","marker-color":"#666666"},"geometry":{"type":"Point","coordinates":[17.7814898,46.3604085]}},{"type":"Feature","properties":{"name":"Node","marker-size":"small","marker-color":"#666666"},"geometry":{"type":"Point","coordinates":[19.1670432,47.62014289999999]}},{"type":"Feature","properties":{"name":"Node","marker-size":"small","marker-color":"#666666"},"geometry":{"type":"Point","coordinates":[19.11693947268932,47.50503856671151]}},{"type":"Feature","properties":{"name":"Node","marker-size":"small","marker-color":"#666666"},"geometry":{"type":"Point","coordinates":[19.139339941191857,47.55183615946388]}},{"type":"Feature","properties":{"name":"Node","marker-size":"small","marker-color":"#666666"},"geometry":{"type":"Point","coordinates":[17.38600790085435,46.22704485509367]}},{"type":"Feature","properties":{"name":"Node","marker-size":"small","marker-color":"#666666"},"geometry":{"type":"Point","coordinates":[19.129778,47.6561616]}},{"type":"Feature","properties":{"name":"Node","marker-size":"small","marker-color":"#666666"},"geometry":{"type":"Point","coordinates":[21.192147877157684,48.153175010303364]}},{"type":"Feature","properties":{"name":"Node","marker-size":"small","marker-color":"#666666"},"geometry":{"type":"Point","coordinates":[18.9966247,47.33701249999999]}},{"type":"Feature","properties":{"name":"Node","marker-size":"small","marker-color":"#666666"},"geometry":{"type":"Point","coordinates":[21.2607738,46.641632900000005]}},{"type":"Feature","properties":{"name":"Node","marker-size":"small","marker-color":"#666666"},"geometry":{"type":"Point","coordinates":[21.37748744341235,47.43370521185405]}},{"type":"Feature","properties":{"name":"Node","marker-size":"small","marker-color":"#666666"},"geometry":{"type":"Point","coordinates":[19.6675555,47.6780772]}},{"type":"Feature","properties":{"name":"Node","marker-size":"small","marker-color":"#666666"},"geometry":{"type":"Point","coordinates":[18.3208333,47.4955556]}},{"type":"Feature","properties":{"name":"Node","marker-size":"small","marker-color":"#666666"},"geometry":{"type":"Point","coordinates":[19.0900796,47.4984131]}},{"type":"Feature","properties":{"name":"Node","marker-size":"small","marker-color":"#666666"},"geometry":{"type":"Point","coordinates":[20.90548722815634,47.30355856050988]}},{"type":"Feature","properties":{"name":"Node","marker-size":"small","marker-color":"#666666"},"geometry":{"type":"Point","coordinates":[18.3124265,47.6297228]}},{"type":"Feature","properties":{"name":"Node","marker-size":"small","marker-color":"#666666"},"geometry":{"type":"Point","coordinates":[19.051605,47.4597928]}},{"type":"Feature","properties":{"name":"Node","marker-size":"small","marker-color":"#666666"},"geometry":{"type":"Point","coordinates":[20.61836024644152,48.25976580479988]}},{"type":"Feature","properties":{"name":"Node","marker-size":"small","marker-color":"#666666"},"geometry":{"type":"Point","coordinates":[22.32384603965129,47.946295008896804]}},{"type":"Feature","properties":{"name":"Node","marker-size":"small","marker-color":"#666666"},"geometry":{"type":"Point","coordinates":[20.274210391079244,48.22473293649416]}},{"type":"Feature","properties":{"name":"Node","marker-size":"small","marker-color":"#666666"},"geometry":{"type":"Point","coordinates":[21.0317314,46.8221781]}},{"type":"Feature","properties":{"name":"Node","marker-size":"small","marker-color":"#666666"},"geometry":{"type":"Point","coordinates":[20.18214236538653,47.19352178816212]}},{"type":"Feature","properties":{"name":"Node","marker-size":"small","marker-color":"#666666"},"geometry":{"type":"Point","coordinates":[19.61121687674249,47.24347470300544]}},{"type":"Feature","properties":{"name":"Node","marker-size":"small","marker-color":"#666666"},"geometry":{"type":"Point","coordinates":[21.5781056,47.597446]}},{"type":"Feature","properties":{"name":"Node","marker-size":"small","marker-color":"#666666"},"geometry":{"type":"Point","coordinates":[21.1075862,46.669592400000006]}},{"type":"Feature","properties":{"name":"Node","marker-size":"small","marker-color":"#666666"},"geometry":{"type":"Point","coordinates":[18.270771022250873,46.08297468127441]}},{"type":"Feature","properties":{"name":"Node","marker-size":"small","marker-color":"#666666"},"geometry":{"type":"Point","coordinates":[17.243656424872643,47.60833581704307]}},{"type":"Feature","properties":{"name":"Node","marker-size":"small","marker-color":"#666666"},"geometry":{"type":"Point","coordinates":[19.895836142893472,47.48999618900243]}},{"type":"Feature","properties":{"name":"Node","marker-size":"small","marker-color":"#666666"},"geometry":{"type":"Point","coordinates":[19.4980723,46.4185283]}},{"type":"Feature","properties":{"name":"Node","marker-size":"small","marker-color":"#666666"},"geometry":{"type":"Point","coordinates":[19.9127345,47.7691334]}},{"type":"Feature","properties":{"name":"Node","marker-size":"small","marker-color":"#666666"},"geometry":{"type":"Point","coordinates":[18.057140979911328,46.892782016404176]}},{"type":"Feature","properties":{"name":"Node","marker-size":"small","marker-color":"#666666"},"geometry":{"type":"Point","coordinates":[19.228250830359418,47.48289603081225]}},{"type":"Feature","properties":{"name":"Node","marker-size":"small","marker-color":"#666666"},"geometry":{"type":"Point","coordinates":[21.07441587444714,46.680770966567245]}},{"type":"Feature","properties":{"name":"Node","marker-size":"small","marker-color":"#666666"},"geometry":{"type":"Point","coordinates":[19.1462839,47.42658369999999]}},{"type":"Feature","properties":{"name":"Node","marker-size":"small","marker-color":"#666666"},"geometry":{"type":"Point","coordinates":[20.7598416,47.6059231]}},{"type":"Feature","properties":{"name":"Node","marker-size":"small","marker-color":"#666666"},"geometry":{"type":"Point","coordinates":[18.2339907,46.037009]}},{"type":"Feature","properties":{"name":"Node","marker-size":"small","marker-color":"#666666"},"geometry":{"type":"Point","coordinates":[19.078908514558446,47.5702758122773]}},{"type":"Feature","properties":{"name":"Node","marker-size":"small","marker-color":"#666666"},"geometry":{"type":"Point","coordinates":[18.61456057463745,46.894702093189856]}},{"type":"Feature","properties":{"name":"Node","marker-size":"small","marker-color":"#666666"},"geometry":{"type":"Point","coordinates":[19.2981961,48.0847287]}},{"type":"Feature","properties":{"name":"Node","marker-size":"small","marker-color":"#666666"},"geometry":{"type":"Point","coordinates":[16.6148842,47.0167692]}},{"type":"Feature","properties":{"name":"Node","marker-size":"small","marker-color":"#666666"},"geometry":{"type":"Point","coordinates":[21.64427571609996,48.41535907325594]}},{"type":"Feature","properties":{"name":"Node","marker-size":"small","marker-color":"#666666"},"geometry":{"type":"Point","coordinates":[17.261375049237703,46.77893858674903]}},{"type":"Feature","properties":{"name":"Node","marker-size":"small","marker-color":"#666666"},"geometry":{"type":"Point","coordinates":[20.5499934782591,47.810011824848814]}},{"type":"Feature","properties":{"name":"Node","marker-size":"small","marker-color":"#666666"},"geometry":{"type":"Point","coordinates":[19.296376328907506,48.07117399364331]}},{"type":"Feature","properties":{"name":"Node","marker-size":"small","marker-color":"#666666"},"geometry":{"type":"Point","coordinates":[19.8895585,46.2157074]}},{"type":"Feature","properties":{"name":"Node","marker-size":"small","marker-color":"#666666"},"geometry":{"type":"Point","coordinates":[19.0013619,46.800244400000004]}},{"type":"Feature","properties":{"name":"Node","marker-size":"small","marker-color":"#666666"},"geometry":{"type":"Point","coordinates":[20.0351918,46.75274719999999]}},{"type":"Feature","properties":{"name":"Node","marker-size":"small","marker-color":"#666666"},"geometry":{"type":"Point","coordinates":[20.1623253,46.7083759]}},{"type":"Feature","properties":{"name":"Node","marker-size":"small","marker-color":"#666666"},"geometry":{"type":"Point","coordinates":[20.2366371,46.2183473]}},{"type":"Feature","properties":{"name":"Node","marker-size":"small","marker-color":"#666666"},"geometry":{"type":"Point","coordinates":[20.20191283112197,46.33130412311198]}},{"type":"Feature","properties":{"name":"Node","marker-size":"small","marker-color":"#666666"},"geometry":{"type":"Point","coordinates":[19.7480686,46.2888263]}},{"type":"Feature","properties":{"name":"Node","marker-size":"small","marker-color":"#666666"},"geometry":{"type":"Point","coordinates":[19.841877,46.709599]}},{"type":"Feature","properties":{"name":"Node","marker-size":"small","marker-color":"#666666"},"geometry":{"type":"Point","coordinates":[19.7535908,46.7640203]}},{"type":"Feature","properties":{"name":"Node","marker-size":"small","marker-color":"#666666"},"geometry":{"type":"Point","coordinates":[18.7889418,47.051532800000004]}},{"type":"Feature","properties":{"name":"Node","marker-size":"small","marker-color":"#666666"},"geometry":{"type":"Point","coordinates":[19.0368017,47.432839]}},{"type":"Feature","properties":{"name":"Node","marker-size":"small","marker-color":"#666666"},"geometry":{"type":"Point","coordinates":[19.1261894,47.50744679999999]}},{"type":"Feature","properties":{"name":"Node","marker-size":"small","marker-color":"#666666"},"geometry":{"type":"Point","coordinates":[19.0010543,47.181282599999996]}},{"type":"Feature","properties":{"name":"Node","marker-size":"small","marker-color":"#666666"},"geometry":{"type":"Point","coordinates":[19.8499563,46.72154429999999]}},{"type":"Feature","properties":{"name":"Node","marker-size":"small","marker-color":"#666666"},"geometry":{"type":"Point","coordinates":[19.7582242,46.5682245]}},{"type":"Feature","properties":{"name":"Node","marker-size":"small","marker-color":"#666666"},"geometry":{"type":"Point","coordinates":[19.86160755157471,46.62287173964586]}},{"type":"Feature","properties":{"name":"Node","marker-size":"small","marker-color":"#666666"},"geometry":{"type":"Point","coordinates":[17.52137667236026,46.3878121871779]}},{"type":"Feature","properties":{"name":"Node","marker-size":"small","marker-color":"#666666"},"geometry":{"type":"Point","coordinates":[20.0627209,47.0564493]}},{"type":"Feature","properties":{"name":"Node","marker-size":"small","marker-color":"#666666"},"geometry":{"type":"Point","coordinates":[19.9414526,46.6288391]}},{"type":"Feature","properties":{"name":"Node","marker-size":"small","marker-color":"#666666"},"geometry":{"type":"Point","coordinates":[16.804726123809818,46.856097274840124]}},{"type":"Feature","properties":{"name":"Node","marker-size":"small","marker-color":"#666666"},"geometry":{"type":"Point","coordinates":[18.213475,46.0471939]}},{"type":"Feature","properties":{"name":"Node","marker-size":"small","marker-color":"#666666"},"geometry":{"type":"Point","coordinates":[20.171909,46.2596693]}},{"type":"Feature","properties":{"name":"Node","marker-size":"small","marker-color":"#666666"},"geometry":{"type":"Point","coordinates":[18.6995529,46.3354005]}},{"type":"Feature","properties":{"name":"Node","marker-size":"small","marker-color":"#666666"},"geometry":{"type":"Point","coordinates":[19.1179325,47.3441389]}},{"type":"Feature","properties":{"name":"Node","marker-size":"small","marker-color":"#666666"},"geometry":{"type":"Point","coordinates":[19.141350423798933,47.77462228862658]}},{"type":"Feature","properties":{"name":"Node","marker-size":"small","marker-color":"#666666"},"geometry":{"type":"Point","coordinates":[22.300969,48.05679640000001]}},{"type":"Feature","properties":{"name":"Node","marker-size":"small","marker-color":"#666666"},"geometry":{"type":"Point","coordinates":[16.85334920883179,46.73029769708941]}},{"type":"Feature","properties":{"name":"Node","marker-size":"small","marker-color":"#666666"},"geometry":{"type":"Point","coordinates":[20.1732212,47.161095]}},{"type":"Feature","properties":{"name":"Node","marker-size":"small","marker-color":"#666666"},"geometry":{"type":"Point","coordinates":[17.748581745527996,46.88268207044159]}},{"type":"Feature","properties":{"name":"Node","marker-size":"small","marker-color":"#666666"},"geometry":{"type":"Point","coordinates":[16.54424,46.6249518]}},{"type":"Feature","properties":{"name":"Node","marker-size":"small","marker-color":"#666666"},"geometry":{"type":"Point","coordinates":[17.556420564651493,47.1120135169315]}},{"type":"Feature","properties":{"name":"Node","marker-size":"small","marker-color":"#666666"},"geometry":{"type":"Point","coordinates":[16.5899699,47.2427076]}},{"type":"Feature","properties":{"name":"Node","marker-size":"small","marker-color":"#666666"},"geometry":{"type":"Point","coordinates":[21.5355257,47.239558200000005]}},{"type":"Feature","properties":{"name":"Node","marker-size":"small","marker-color":"#666666"},"geometry":{"type":"Point","coordinates":[19.2885586,46.6205487]}},{"type":"Feature","properties":{"name":"Node","marker-size":"small","marker-color":"#666666"},"geometry":{"type":"Point","coordinates":[20.15851512469935,46.26653030000001]}},{"type":"Feature","properties":{"name":"Node","marker-size":"small","marker-color":"#666666"},"geometry":{"type":"Point","coordinates":[20.0801779,46.2196258]}},{"type":"Feature","properties":{"name":"Node","marker-size":"small","marker-color":"#666666"},"geometry":{"type":"Point","coordinates":[20.1650778,46.275406]}},{"type":"Feature","properties":{"name":"Node","marker-size":"small","marker-color":"#666666"},"geometry":{"type":"Point","coordinates":[19.675194,46.8901672]}},{"type":"Feature","properties":{"name":"Node","marker-size":"small","marker-color":"#666666"},"geometry":{"type":"Point","coordinates":[18.9763454,46.1713721]}},{"type":"Feature","properties":{"name":"Node","marker-size":"small","marker-color":"#666666"},"geometry":{"type":"Point","coordinates":[21.897164,47.52675060000001]}},{"type":"Feature","properties":{"name":"Node","marker-size":"small","marker-color":"#666666"},"geometry":{"type":"Point","coordinates":[17.1365261,47.7854853]}},{"type":"Feature","properties":{"name":"Node","marker-size":"small","marker-color":"#666666"},"geometry":{"type":"Point","coordinates":[21.9005764,47.5326146]}},{"type":"Feature","properties":{"name":"Node","marker-size":"small","marker-color":"#666666"},"geometry":{"type":"Point","coordinates":[20.3815457,47.8790452]}},{"type":"Feature","properties":{"name":"Node","marker-size":"small","marker-color":"#666666"},"geometry":{"type":"Point","coordinates":[20.3873887,48.10801679999999]}},{"type":"Feature","properties":{"name":"Node","marker-size":"small","marker-color":"#666666"},"geometry":{"type":"Point","coordinates":[19.0479611,47.5054601]}},{"type":"Feature","properties":{"name":"Node","marker-size":"small","marker-color":"#666666"},"geometry":{"type":"Point","coordinates":[17.470005154609684,47.33068272069945]}},{"type":"Feature","properties":{"name":"Node","marker-size":"small","marker-color":"#666666"},"geometry":{"type":"Point","coordinates":[19.0581369,47.495885]}},{"type":"Feature","properties":{"name":"Node","marker-size":"small","marker-color":"#666666"},"geometry":{"type":"Point","coordinates":[17.9252186,47.0912017]}},{"type":"Feature","properties":{"name":"Node","marker-size":"small","marker-color":"#666666"},"geometry":{"type":"Point","coordinates":[19.320042,47.18742]}},{"type":"Feature","properties":{"name":"Node","marker-size":"small","marker-color":"#666666"},"geometry":{"type":"Point","coordinates":[20.1849765,46.236564]}},{"type":"Feature","properties":{"name":"Node","marker-size":"small","marker-color":"#666666"},"geometry":{"type":"Point","coordinates":[20.2003658,46.25831669999998]}},{"type":"Feature","properties":{"name":"Node","marker-size":"small","marker-color":"#666666"},"geometry":{"type":"Point","coordinates":[20.2772015,46.1489701]}},{"type":"Feature","properties":{"name":"Node","marker-size":"small","marker-color":"#666666"},"geometry":{"type":"Point","coordinates":[19.956569,46.6836744]}},{"type":"Feature","properties":{"name":"Node","marker-size":"small","marker-color":"#666666"},"geometry":{"type":"Point","coordinates":[22.661724,47.8286265]}},{"type":"Feature","properties":{"name":"Node","marker-size":"small","marker-color":"#666666"},"geometry":{"type":"Point","coordinates":[20.350966,48.055028]}},{"type":"Feature","properties":{"name":"Node","marker-size":"small","marker-color":"#666666"},"geometry":{"type":"Point","coordinates":[19.0643115,47.5260081]}},{"type":"Feature","properties":{"name":"Node","marker-size":"small","marker-color":"#666666"},"geometry":{"type":"Point","coordinates":[19.0592532,47.5156755]}},{"type":"Feature","properties":{"name":"Node","marker-size":"small","marker-color":"#666666"},"geometry":{"type":"Point","coordinates":[18.419877,47.19424939999999]}},{"type":"Feature","properties":{"name":"Node","marker-size":"small","marker-color":"#666666"},"geometry":{"type":"Point","coordinates":[21.599917,47.5216253]}},{"type":"Feature","properties":{"name":"Node","marker-size":"small","marker-color":"#666666"},"geometry":{"type":"Point","coordinates":[21.6105443,47.5477208]}},{"type":"Feature","properties":{"name":"Node","marker-size":"small","marker-color":"#666666"},"geometry":{"type":"Point","coordinates":[20.0454692,46.613992]}},{"type":"Feature","properties":{"name":"Node","marker-size":"small","marker-color":"#666666"},"geometry":{"type":"Point","coordinates":[20.115451812744144,46.598085678735394]}},{"type":"Feature","properties":{"name":"Node","marker-size":"small","marker-color":"#666666"},"geometry":{"type":"Point","coordinates":[21.114036,47.871946]}},{"type":"Feature","properties":{"name":"Node","marker-size":"small","marker-color":"#666666"},"geometry":{"type":"Point","coordinates":[19.861574463276387,46.72712053209487]}},{"type":"Feature","properties":{"name":"Node","marker-size":"small","marker-color":"#666666"},"geometry":{"type":"Point","coordinates":[19.8484278,46.7175607]}},{"type":"Feature","properties":{"name":"Node","marker-size":"small","marker-color":"#666666"},"geometry":{"type":"Point","coordinates":[19.0351795,47.33870160000001]}},{"type":"Feature","properties":{"name":"Node","marker-size":"small","marker-color":"#666666"},"geometry":{"type":"Point","coordinates":[18.9243594,46.8059903]}},{"type":"Feature","properties":{"name":"Node","marker-size":"small","marker-color":"#666666"},"geometry":{"type":"Point","coordinates":[18.9446041,46.96049910000001]}},{"type":"Feature","properties":{"name":"Node","marker-size":"small","marker-color":"#666666"},"geometry":{"type":"Point","coordinates":[17.2684724,47.873290100000006]}},{"type":"Feature","properties":{"name":"Node","marker-size":"small","marker-color":"#666666"},"geometry":{"type":"Point","coordinates":[20.477678775787357,46.21955171745335]}},{"type":"Feature","properties":{"name":"Node","marker-size":"small","marker-color":"#666666"},"geometry":{"type":"Point","coordinates":[21.5155831,47.6623652]}},{"type":"Feature","properties":{"name":"Node","marker-size":"small","marker-color":"#666666"},"geometry":{"type":"Point","coordinates":[21.492253611016846,47.00424747311598]}},{"type":"Feature","properties":{"name":"Node","marker-size":"small","marker-color":"#666666"},"geometry":{"type":"Point","coordinates":[20.7516125,47.218213299999995]}},{"type":"Feature","properties":{"name":"Node","marker-size":"small","marker-color":"#666666"},"geometry":{"type":"Point","coordinates":[21.0979019,47.3303836]}},{"type":"Feature","properties":{"name":"Node","marker-size":"small","marker-color":"#666666"},"geometry":{"type":"Point","coordinates":[21.535902,47.214628999999995]}},{"type":"Feature","properties":{"name":"Node","marker-size":"small","marker-color":"#666666"},"geometry":{"type":"Point","coordinates":[21.0280244,46.8237193]}},{"type":"Feature","properties":{"name":"Node","marker-size":"small","marker-color":"#666666"},"geometry":{"type":"Point","coordinates":[19.7995381,47.1816534]}},{"type":"Feature","properties":{"name":"Node","marker-size":"small","marker-color":"#666666"},"geometry":{"type":"Point","coordinates":[19.9740225,46.4740929]}},{"type":"Feature","properties":{"name":"Node","marker-size":"small","marker-color":"#666666"},"geometry":{"type":"Point","coordinates":[18.2784214,45.8579957]}},{"type":"Feature","properties":{"name":"Node","marker-size":"small","marker-color":"#666666"},"geometry":{"type":"Point","coordinates":[17.4559858,46.8800606]}},{"type":"Feature","properties":{"name":"Node","marker-size":"small","marker-color":"#666666"},"geometry":{"type":"Point","coordinates":[19.13261854871197,47.79524729272216]}},{"type":"Feature","properties":{"name":"Node","marker-size":"small","marker-color":"#666666"},"geometry":{"type":"Point","coordinates":[16.889811940962513,47.58965585905185]}},{"type":"Feature","properties":{"name":"Node","marker-size":"small","marker-color":"#666666"},"geometry":{"type":"Point","coordinates":[17.290578795059577,46.979903852758184]}},{"type":"Feature","properties":{"name":"Node","marker-size":"small","marker-color":"#666666"},"geometry":{"type":"Point","coordinates":[16.836589822520764,46.83773945745075]}},{"type":"Feature","properties":{"name":"Node","marker-size":"small","marker-color":"#666666"},"geometry":{"type":"Point","coordinates":[16.880903870650048,47.62135710520143]}},{"type":"Feature","properties":{"name":"Node","marker-size":"small","marker-color":"#666666"},"geometry":{"type":"Point","coordinates":[18.896971518916416,47.61002438111946]}},{"type":"Feature","properties":{"name":"Node","marker-size":"small","marker-color":"#666666"},"geometry":{"type":"Point","coordinates":[19.555876550372478,46.171804872902726]}},{"type":"Feature","properties":{"name":"Node","marker-size":"small","marker-color":"#666666"},"geometry":{"type":"Point","coordinates":[18.1179569,47.7479882]}},{"type":"Feature","properties":{"name":"Node","marker-size":"small","marker-color":"#666666"},"geometry":{"type":"Point","coordinates":[18.632307849999997,47.499034599999995]}},{"type":"Feature","properties":{"name":"Node","marker-size":"small","marker-color":"#666666"},"geometry":{"type":"Point","coordinates":[21.208505630493168,48.1602745391964]}},{"type":"Feature","properties":{"name":"Node","marker-size":"small","marker-color":"#666666"},"geometry":{"type":"Point","coordinates":[16.59149151490238,47.2427933]}},{"type":"Feature","properties":{"name":"Node","marker-size":"small","marker-color":"#666666"},"geometry":{"type":"Point","coordinates":[17.634641874338225,47.66307683405461]}},{"type":"Feature","properties":{"name":"Node","marker-size":"small","marker-color":"#666666"},"geometry":{"type":"Point","coordinates":[17.57296731191459,47.74571897405795]}},{"type":"Feature","properties":{"name":"Node","marker-size":"small","marker-color":"#666666"},"geometry":{"type":"Point","coordinates":[17.65954703912941,47.66727294544132]}},{"type":"Feature","properties":{"name":"Node","marker-size":"small","marker-color":"#666666"},"geometry":{"type":"Point","coordinates":[17.46564849992262,45.962563514333425]}},{"type":"Feature","properties":{"name":"Node","marker-size":"small","marker-color":"#666666"},"geometry":{"type":"Point","coordinates":[19.15266554055685,47.45499542453902]}},{"type":"Feature","properties":{"name":"Node","marker-size":"small","marker-color":"#666666"},"geometry":{"type":"Point","coordinates":[17.87893551935906,46.961817492909994]}},{"type":"Feature","properties":{"name":"Node","marker-size":"small","marker-color":"#666666"},"geometry":{"type":"Point","coordinates":[19.004404309192992,47.33026843126289]}},{"type":"Feature","properties":{"name":"Node","marker-size":"small","marker-color":"#666666"},"geometry":{"type":"Point","coordinates":[19.07269547605496,47.55066569271423]}},{"type":"Feature","properties":{"name":"Node","marker-size":"small","marker-color":"#666666"},"geometry":{"type":"Point","coordinates":[21.574912202290413,47.599012289622785]}},{"type":"Feature","properties":{"name":"Node","marker-size":"small","marker-color":"#666666"},"geometry":{"type":"Point","coordinates":[17.028770052005207,47.59313544216417]}},{"type":"Feature","properties":{"name":"Node","marker-size":"small","marker-color":"#666666"},"geometry":{"type":"Point","coordinates":[18.213250358039602,46.07704288321961]}},{"type":"Feature","properties":{"name":"Node","marker-size":"small","marker-color":"#666666"},"geometry":{"type":"Point","coordinates":[19.297060897326165,48.08093753449815]}},{"type":"Feature","properties":{"name":"Node","marker-size":"small","marker-color":"#666666"},"geometry":{"type":"Point","coordinates":[20.13433827617068,46.712517144266194]}},{"type":"Feature","properties":{"name":"Node","marker-size":"small","marker-color":"#666666"},"geometry":{"type":"Point","coordinates":[17.41104536803399,46.58259468090076]}},{"type":"Feature","properties":{"name":"Node","marker-size":"small","marker-color":"#666666"},"geometry":{"type":"Point","coordinates":[17.371270667065662,46.225067429616736]}},{"type":"Feature","properties":{"name":"Node","marker-size":"small","marker-color":"#666666"},"geometry":{"type":"Point","coordinates":[17.803213854897834,46.043609332968536]}},{"type":"Feature","properties":{"name":"Node","marker-size":"small","marker-color":"#666666"},"geometry":{"type":"Point","coordinates":[18.204751979375548,47.37069314594941]}},{"type":"Feature","properties":{"name":"Node","marker-size":"small","marker-color":"#666666"},"geometry":{"type":"Point","coordinates":[17.466281662606814,45.958326479879275]}},{"type":"Feature","properties":{"name":"Node","marker-size":"small","marker-color":"#666666"},"geometry":{"type":"Point","coordinates":[17.095743133341763,46.26115081462617]}},{"type":"Feature","properties":{"name":"Node","marker-size":"small","marker-color":"#666666"},"geometry":{"type":"Point","coordinates":[17.898605657634505,47.10254945441656]}},{"type":"Feature","properties":{"name":"Node","marker-size":"small","marker-color":"#666666"},"geometry":{"type":"Point","coordinates":[16.617059655220263,47.22278890593901]}},{"type":"Feature","properties":{"name":"Node","marker-size":"small","marker-color":"#666666"},"geometry":{"type":"Point","coordinates":[20.68725135764958,48.10344344191959]}},{"type":"Feature","properties":{"name":"Node","marker-size":"small","marker-color":"#666666"},"geometry":{"type":"Point","coordinates":[20.757045300788537,48.10381820086693]}},{"type":"Feature","properties":{"name":"Node","marker-size":"small","marker-color":"#666666"},"geometry":{"type":"Point","coordinates":[20.789870806639577,48.11416962538206]}},{"type":"Feature","properties":{"name":"Node","marker-size":"small","marker-color":"#666666"},"geometry":{"type":"Point","coordinates":[20.77274310434015,48.09170762887211]}},{"type":"Feature","properties":{"name":"Node","marker-size":"small","marker-color":"#666666"},"geometry":{"type":"Point","coordinates":[18.214306815036743,46.06129113343116]}},{"type":"Feature","properties":{"name":"Node","marker-size":"small","marker-color":"#666666"},"geometry":{"type":"Point","coordinates":[19.488105650535523,47.63637230246987]}},{"type":"Feature","properties":{"name":"Node","marker-size":"small","marker-color":"#666666"},"geometry":{"type":"Point","coordinates":[19.512776878717265,47.56469996392155]}},{"type":"Feature","properties":{"name":"Node","marker-size":"small","marker-color":"#666666"},"geometry":{"type":"Point","coordinates":[19.608751494914767,47.54133065171335]}},{"type":"Feature","properties":{"name":"Node","marker-size":"small","marker-color":"#666666"},"geometry":{"type":"Point","coordinates":[19.534324133566855,47.57350569635672]}},{"type":"Feature","properties":{"name":"Node","marker-size":"small","marker-color":"#666666"},"geometry":{"type":"Point","coordinates":[19.444074705927918,47.65899749402113]}},{"type":"Feature","properties":{"name":"Node","marker-size":"small","marker-color":"#666666"},"geometry":{"type":"Point","coordinates":[19.519430504904435,47.62848572180011]}},{"type":"Feature","properties":{"name":"Node","marker-size":"small","marker-color":"#666666"},"geometry":{"type":"Point","coordinates":[19.388027226390676,47.691954935809186]}},{"type":"Feature","properties":{"name":"Node","marker-size":"small","marker-color":"#666666"},"geometry":{"type":"Point","coordinates":[19.55244838114634,47.622839819692494]}},{"type":"Feature","properties":{"name":"Node","marker-size":"small","marker-color":"#666666"},"geometry":{"type":"Point","coordinates":[19.534550237168283,47.67102926053105]}},{"type":"Feature","properties":{"name":"Node","marker-size":"small","marker-color":"#666666"},"geometry":{"type":"Point","coordinates":[19.12665569916815,47.641508493782744]}},{"type":"Feature","properties":{"name":"Node","marker-size":"small","marker-color":"#666666"},"geometry":{"type":"Point","coordinates":[19.48903347089341,47.65216537340202]}},{"type":"Feature","properties":{"name":"Node","marker-size":"small","marker-color":"#666666"},"geometry":{"type":"Point","coordinates":[19.603848105312327,47.59844417513525]}},{"type":"Feature","properties":{"name":"Node","marker-size":"small","marker-color":"#666666"},"geometry":{"type":"Point","coordinates":[20.7842432654347,48.082088578638086]}},{"type":"Feature","properties":{"name":"Node","marker-size":"small","marker-color":"#666666"},"geometry":{"type":"Point","coordinates":[22.13394726739063,47.8333786552434]}},{"type":"Feature","properties":{"name":"Node","marker-size":"small","marker-color":"#666666"},"geometry":{"type":"Point","coordinates":[21.08553027289886,48.320323828603975]}},{"type":"Feature","properties":{"name":"Node","marker-size":"small","marker-color":"#666666"},"geometry":{"type":"Point","coordinates":[20.96964772181281,48.21494386871017]}},{"type":"Feature","properties":{"name":"Node","marker-size":"small","marker-color":"#666666"},"geometry":{"type":"Point","coordinates":[19.840223492516344,47.291801209246515]}},{"type":"Feature","properties":{"name":"Node","marker-size":"small","marker-color":"#666666"},"geometry":{"type":"Point","coordinates":[17.281886083717684,47.87872794914466]}},{"type":"Feature","properties":{"name":"Node","marker-size":"small","marker-color":"#666666"},"geometry":{"type":"Point","coordinates":[21.562697030617123,48.32298209013357]}},{"type":"Feature","properties":{"name":"Node","marker-size":"small","marker-color":"#666666"},"geometry":{"type":"Point","coordinates":[18.150689550056832,47.20007321513692]}},{"type":"Feature","properties":{"name":"Node","marker-size":"small","marker-color":"#666666"},"geometry":{"type":"Point","coordinates":[17.405358903389043,46.60568376522727]}},{"type":"Feature","properties":{"name":"Node","marker-size":"small","marker-color":"#666666"},"geometry":{"type":"Point","coordinates":[17.183563791234054,46.778099591710095]}},{"type":"Feature","properties":{"name":"Node","marker-size":"small","marker-color":"#666666"},"geometry":{"type":"Point","coordinates":[18.927488002782848,46.97476533344491]}},{"type":"Feature","properties":{"name":"Node","marker-size":"small","marker-color":"#666666"},"geometry":{"type":"Point","coordinates":[19.14122768018698,47.50340137765287]}},{"type":"Feature","properties":{"name":"Node","marker-size":"small","marker-color":"#666666"},"geometry":{"type":"Point","coordinates":[18.935605747200466,46.19062349003566]}},{"type":"Feature","properties":{"name":"Node","marker-size":"small","marker-color":"#666666"},"geometry":{"type":"Point","coordinates":[18.979995044853304,46.51963849034377]}},{"type":"Feature","properties":{"name":"Node","marker-size":"small","marker-color":"#666666"},"geometry":{"type":"Point","coordinates":[17.285647532644735,46.984896705029534]}},{"type":"Feature","properties":{"name":"Node","marker-size":"small","marker-color":"#666666"},"geometry":{"type":"Point","coordinates":[18.538032664378992,46.29985601183198]}},{"type":"Feature","properties":{"name":"Node","marker-size":"small","marker-color":"#666666"},"geometry":{"type":"Point","coordinates":[17.697919583995326,46.78796736171462]}},{"type":"Feature","properties":{"name":"Node","marker-size":"small","marker-color":"#666666"},"geometry":{"type":"Point","coordinates":[18.944722470961644,46.184432814104625]}},{"type":"Feature","properties":{"name":"Node","marker-size":"small","marker-color":"#666666"},"geometry":{"type":"Point","coordinates":[17.648246194465244,46.775343267692676]}},{"type":"Feature","properties":{"name":"Node","marker-size":"small","marker-color":"#666666"},"geometry":{"type":"Point","coordinates":[17.796597688783297,46.04776130165156]}},{"type":"Feature","properties":{"name":"Node","marker-size":"small","marker-color":"#666666"},"geometry":{"type":"Point","coordinates":[21.378333119254584,47.43547643943546]}},{"type":"Feature","properties":{"name":"Node","marker-size":"small","marker-color":"#666666"},"geometry":{"type":"Point","coordinates":[18.924596206676487,46.97738182402694]}},{"type":"Feature","properties":{"name":"Node","marker-size":"small","marker-color":"#666666"},"geometry":{"type":"Point","coordinates":[17.87694068779956,47.26557438187248]}},{"type":"Feature","properties":{"name":"Node","marker-size":"small","marker-color":"#666666"},"geometry":{"type":"Point","coordinates":[17.27094981958106,47.8758356879028]}},{"type":"Feature","properties":{"name":"Node","marker-size":"small","marker-color":"#666666"},"geometry":{"type":"Point","coordinates":[19.11915673462235,47.39009193635009]}},{"type":"Feature","properties":{"name":"Node","marker-size":"small","marker-color":"#666666"},"geometry":{"type":"Point","coordinates":[21.08471610301181,46.669110669762595]}},{"type":"Feature","properties":{"name":"Node","marker-size":"small","marker-color":"#666666"},"geometry":{"type":"Point","coordinates":[19.15754136680523,47.468911812794424]}},{"type":"Feature","properties":{"name":"Node","marker-size":"small","marker-color":"#666666"},"geometry":{"type":"Point","coordinates":[19.06980804961609,47.42867774557213]}},{"type":"Feature","properties":{"name":"Node","marker-size":"small","marker-color":"#666666"},"geometry":{"type":"Point","coordinates":[21.033441385968068,46.81891558333017]}},{"type":"Feature","properties":{"name":"Node","marker-size":"small","marker-color":"#666666"},"geometry":{"type":"Point","coordinates":[19.13174796868443,47.46084884334121]}},{"type":"Feature","properties":{"name":"Node","marker-size":"small","marker-color":"#666666"},"geometry":{"type":"Point","coordinates":[16.925428126971077,47.25407988542208]}},{"type":"Feature","properties":{"name":"Node","marker-size":"small","marker-color":"#666666"},"geometry":{"type":"Point","coordinates":[19.34103799377056,47.60645907161343]}},{"type":"Feature","properties":{"name":"Node","marker-size":"small","marker-color":"#666666"},"geometry":{"type":"Point","coordinates":[19.107574960502642,47.49588659831133]}},{"type":"Feature","properties":{"name":"Node","marker-size":"small","marker-color":"#666666"},"geometry":{"type":"Point","coordinates":[19.282963328126254,48.07464015132065]}},{"type":"Feature","properties":{"name":"Node","marker-size":"small","marker-color":"#666666"},"geometry":{"type":"Point","coordinates":[18.622310411479067,46.88255940808871]}},{"type":"Feature","properties":{"name":"Node","marker-size":"small","marker-color":"#666666"},"geometry":{"type":"Point","coordinates":[19.087443753901525,47.53695242949439]}},{"type":"Feature","properties":{"name":"Node","marker-size":"small","marker-color":"#666666"},"geometry":{"type":"Point","coordinates":[20.180383721951223,47.193864593286406]}},{"type":"Feature","properties":{"name":"Node","marker-size":"small","marker-color":"#666666"},"geometry":{"type":"Point","coordinates":[19.005998178309873,47.4644355380958]}},{"type":"Feature","properties":{"name":"Node","marker-size":"small","marker-color":"#666666"},"geometry":{"type":"Point","coordinates":[19.13409719871675,47.69108131749476]}},{"type":"Feature","properties":{"name":"Node","marker-size":"small","marker-color":"#666666"},"geometry":{"type":"Point","coordinates":[20.173911921082254,47.16841597835753]}},{"type":"Feature","properties":{"name":"Node","marker-size":"small","marker-color":"#666666"},"geometry":{"type":"Point","coordinates":[21.127410105751444,46.77254806211648]}},{"type":"Feature","properties":{"name":"Node","marker-size":"small","marker-color":"#666666"},"geometry":{"type":"Point","coordinates":[21.536367692679597,47.21871021239266]}},{"type":"Feature","properties":{"name":"Node","marker-size":"small","marker-color":"#666666"},"geometry":{"type":"Point","coordinates":[19.26660210044178,47.548613400439656]}},{"type":"Feature","properties":{"name":"Node","marker-size":"small","marker-color":"#666666"},"geometry":{"type":"Point","coordinates":[20.748367725821875,47.621151188683264]}},{"type":"Feature","properties":{"name":"Node","marker-size":"small","marker-color":"#666666"},"geometry":{"type":"Point","coordinates":[19.82783276873098,47.98977245642873]}},{"type":"Feature","properties":{"name":"Node","marker-size":"small","marker-color":"#666666"},"geometry":{"type":"Point","coordinates":[21.373346978395396,46.738859846490165]}},{"type":"Feature","properties":{"name":"Node","marker-size":"small","marker-color":"#666666"},"geometry":{"type":"Point","coordinates":[21.231098599313214,48.41519377259998]}},{"type":"Feature","properties":{"name":"Node","marker-size":"small","marker-color":"#666666"},"geometry":{"type":"Point","coordinates":[21.170231742556194,48.3978896674562]}},{"type":"Feature","properties":{"name":"Node","marker-size":"small","marker-color":"#666666"},"geometry":{"type":"Point","coordinates":[18.89844763598971,47.614949421318556]}},{"type":"Feature","properties":{"name":"Node","marker-size":"small","marker-color":"#666666"},"geometry":{"type":"Point","coordinates":[21.169057457014283,47.028654338668055]}},{"type":"Feature","properties":{"name":"Node","marker-size":"small","marker-color":"#666666"},"geometry":{"type":"Point","coordinates":[20.999933925592376,47.20324952379294]}},{"type":"Feature","properties":{"name":"Node","marker-size":"small","marker-color":"#666666"},"geometry":{"type":"Point","coordinates":[19.350462887096388,47.38313291114785]}},{"type":"Feature","properties":{"name":"Node","marker-size":"small","marker-color":"#666666"},"geometry":{"type":"Point","coordinates":[19.399006716851876,47.41183979662799]}},{"type":"Feature","properties":{"name":"Node","marker-size":"small","marker-color":"#666666"},"geometry":{"type":"Point","coordinates":[18.198272384011926,46.064665469340746]}},{"type":"Feature","properties":{"name":"Node","marker-size":"small","marker-color":"#666666"},"geometry":{"type":"Point","coordinates":[17.36174004206003,46.230906609816394]}},{"type":"Feature","properties":{"name":"Node","marker-size":"small","marker-color":"#666666"},"geometry":{"type":"Point","coordinates":[21.088415298879738,46.667706229467434]}},{"type":"Feature","properties":{"name":"Node","marker-size":"small","marker-color":"#666666"},"geometry":{"type":"Point","coordinates":[19.0857746590385,47.50264669007343]}},{"type":"Feature","properties":{"name":"Node","marker-size":"small","marker-color":"#666666"},"geometry":{"type":"Point","coordinates":[18.936214560855788,47.35748100076386]}},{"type":"Feature","properties":{"name":"Node","marker-size":"small","marker-color":"#666666"},"geometry":{"type":"Point","coordinates":[18.972290518127085,46.91698946579377]}},{"type":"Feature","properties":{"name":"Node","marker-size":"small","marker-color":"#666666"},"geometry":{"type":"Point","coordinates":[17.457867158550737,47.83242150897771]}},{"type":"Feature","properties":{"name":"Node","marker-size":"small","marker-color":"#666666"},"geometry":{"type":"Point","coordinates":[20.90443505324606,47.82137407198498]}},{"type":"Feature","properties":{"name":"Node","marker-size":"small","marker-color":"#666666"},"geometry":{"type":"Point","coordinates":[19.528158337640658,47.452487922757825]}},{"type":"Feature","properties":{"name":"Node","marker-size":"small","marker-color":"#666666"},"geometry":{"type":"Point","coordinates":[19.329034020458007,46.12754137493366]}},{"type":"Feature","properties":{"name":"Node","marker-size":"small","marker-color":"#666666"},"geometry":{"type":"Point","coordinates":[19.319482045079678,47.19395594031443]}},{"type":"Feature","properties":{"name":"Node","marker-size":"small","marker-color":"#666666"},"geometry":{"type":"Point","coordinates":[19.021704769563282,47.5628273790512]}},{"type":"Feature","properties":{"name":"Node","marker-size":"small","marker-color":"#666666"},"geometry":{"type":"Point","coordinates":[19.442667749229066,47.352044285843924]}},{"type":"Feature","properties":{"name":"Node","marker-size":"small","marker-color":"#666666"},"geometry":{"type":"Point","coordinates":[20.097219641141056,46.942968685772534]}},{"type":"Feature","properties":{"name":"Node","marker-size":"small","marker-color":"#666666"},"geometry":{"type":"Point","coordinates":[16.986767253063363,46.81688502368036]}},{"type":"Feature","properties":{"name":"Node","marker-size":"small","marker-color":"#666666"},"geometry":{"type":"Point","coordinates":[17.244351671346955,46.776563238342945]}},{"type":"Feature","properties":{"name":"Node","marker-size":"small","marker-color":"#666666"},"geometry":{"type":"Point","coordinates":[20.323043320169372,46.41048907616633]}},{"type":"Feature","properties":{"name":"Node","marker-size":"small","marker-color":"#666666"},"geometry":{"type":"Point","coordinates":[20.770139102125107,48.10567675434038]}},{"type":"Feature","properties":{"name":"Node","marker-size":"small","marker-color":"#666666"},"geometry":{"type":"Point","coordinates":[20.55849124571802,46.85944271723083]}},{"type":"Feature","properties":{"name":"Node","marker-size":"small","marker-color":"#666666"},"geometry":{"type":"Point","coordinates":[21.038600987541958,47.93567247275521]}},{"type":"Feature","properties":{"name":"Node","marker-size":"small","marker-color":"#666666"},"geometry":{"type":"Point","coordinates":[20.614258501290003,47.002966254094574]}},{"type":"Feature","properties":{"name":"Node","marker-size":"small","marker-color":"#666666"},"geometry":{"type":"Point","coordinates":[21.66036208428632,48.39919321770322]}},{"type":"Feature","properties":{"name":"Node","marker-size":"small","marker-color":"#666666"},"geometry":{"type":"Point","coordinates":[21.68252893594594,47.796658848509516]}},{"type":"Feature","properties":{"name":"Node","marker-size":"small","marker-color":"#666666"},"geometry":{"type":"Point","coordinates":[20.287519493856447,46.841646684827474]}},{"type":"Feature","properties":{"name":"Node","marker-size":"small","marker-color":"#666666"},"geometry":{"type":"Point","coordinates":[18.24713150085392,46.926264733291326]}},{"type":"Feature","properties":{"name":"Node","marker-size":"small","marker-color":"#666666"},"geometry":{"type":"Point","coordinates":[16.83031150688588,46.84546218133422]}},{"type":"Feature","properties":{"name":"Node","marker-size":"small","marker-color":"#666666"},"geometry":{"type":"Point","coordinates":[18.944186980661396,47.15789431033457]}},{"type":"Feature","properties":{"name":"Node","marker-size":"small","marker-color":"#666666"},"geometry":{"type":"Point","coordinates":[21.672078332477145,47.69237967881052]}},{"type":"Feature","properties":{"name":"Node","marker-size":"small","marker-color":"#666666"},"geometry":{"type":"Point","coordinates":[20.920096072305835,46.405953642675065]}},{"type":"Feature","properties":{"name":"Node","marker-size":"small","marker-color":"#666666"},"geometry":{"type":"Point","coordinates":[18.933786964596074,46.958902959122355]}},{"type":"Feature","properties":{"name":"Node","marker-size":"small","marker-color":"#666666"},"geometry":{"type":"Point","coordinates":[21.167528629019248,47.01556871721204]}},{"type":"Feature","properties":{"name":"Node","marker-size":"small","marker-color":"#666666"},"geometry":{"type":"Point","coordinates":[21.430974006600163,47.84451008238802]}},{"type":"Feature","properties":{"name":"Node","marker-size":"small","marker-color":"#666666"},"geometry":{"type":"Point","coordinates":[16.612662578497652,47.67266301025681]}},{"type":"Feature","properties":{"name":"Node","marker-size":"small","marker-color":"#666666"},"geometry":{"type":"Point","coordinates":[16.83588152167947,46.831511418358765]}},{"type":"Feature","properties":{"name":"Node","marker-size":"small","marker-color":"#666666"},"geometry":{"type":"Point","coordinates":[19.97795955389245,47.643695945054816]}},{"type":"Feature","properties":{"name":"Node","marker-size":"small","marker-color":"#666666"},"geometry":{"type":"Point","coordinates":[22.168046610757745,48.40503610782664]}},{"type":"Feature","properties":{"name":"Node","marker-size":"small","marker-color":"#666666"},"geometry":{"type":"Point","coordinates":[17.637144806492735,47.66547985457351]}},{"type":"Feature","properties":{"name":"Node","marker-size":"small","marker-color":"#666666"},"geometry":{"type":"Point","coordinates":[21.459237756414407,48.12648758482329]}},{"type":"Feature","properties":{"name":"Node","marker-size":"small","marker-color":"#666666"},"geometry":{"type":"Point","coordinates":[20.07308507007941,47.29394298916607]}},{"type":"Feature","properties":{"name":"Node","marker-size":"small","marker-color":"#666666"},"geometry":{"type":"Point","coordinates":[20.599511284002787,47.47517858123178]}},{"type":"Feature","properties":{"name":"Node","marker-size":"small","marker-color":"#666666"},"geometry":{"type":"Point","coordinates":[21.109773639224674,48.33526842475533]}},{"type":"Feature","properties":{"name":"Node","marker-size":"small","marker-color":"#666666"},"geometry":{"type":"Point","coordinates":[19.02875368648808,47.47114477685056]}},{"type":"Feature","properties":{"name":"Node","marker-size":"small","marker-color":"#666666"},"geometry":{"type":"Point","coordinates":[19.21444467251394,47.38731136183904]}},{"type":"Feature","properties":{"name":"Node","marker-size":"small","marker-color":"#666666"},"geometry":{"type":"Point","coordinates":[19.041957717251776,46.69820311906154]}},{"type":"Feature","properties":{"name":"Node","marker-size":"small","marker-color":"#666666"},"geometry":{"type":"Point","coordinates":[20.747268043076794,48.102721694688064]}},{"type":"Feature","properties":{"name":"Node","marker-size":"small","marker-color":"#666666"},"geometry":{"type":"Point","coordinates":[20.807200984533726,48.0920575705181]}},{"type":"Feature","properties":{"name":"Node","marker-size":"small","marker-color":"#666666"},"geometry":{"type":"Point","coordinates":[20.788495724597023,48.05627299650511]}},{"type":"Feature","properties":{"name":"Node","marker-size":"small","marker-color":"#666666"},"geometry":{"type":"Point","coordinates":[19.890373498369332,47.828139360592516]}},{"type":"Feature","properties":{"name":"Node","marker-size":"small","marker-color":"#666666"},"geometry":{"type":"Point","coordinates":[22.11978209756298,48.30105110113279]}},{"type":"Feature","properties":{"name":"Node","marker-size":"small","marker-color":"#666666"},"geometry":{"type":"Point","coordinates":[18.827313531139264,47.27505737527872]}},{"type":"Feature","properties":{"name":"Node","marker-size":"small","marker-color":"#666666"},"geometry":{"type":"Point","coordinates":[18.45922329746972,46.281255825667955]}},{"type":"Feature","properties":{"name":"Node","marker-size":"small","marker-color":"#666666"},"geometry":{"type":"Point","coordinates":[19.548482922993124,47.52266850997348]}},{"type":"Feature","properties":{"name":"Node","marker-size":"small","marker-color":"#666666"},"geometry":{"type":"Point","coordinates":[20.420121122556626,47.7514939081636]}},{"type":"Feature","properties":{"name":"Node","marker-size":"small","marker-color":"#666666"},"geometry":{"type":"Point","coordinates":[18.465922533371355,47.195446854763745]}},{"type":"Feature","properties":{"name":"Node","marker-size":"small","marker-color":"#666666"},"geometry":{"type":"Point","coordinates":[20.00453483163168,47.18683477931617]}},{"type":"Feature","properties":{"name":"Node","marker-size":"small","marker-color":"#666666"},"geometry":{"type":"Point","coordinates":[21.796129349732002,48.31142296692854]}},{"type":"Feature","properties":{"name":"Node","marker-size":"small","marker-color":"#666666"},"geometry":{"type":"Point","coordinates":[19.502006843607465,47.26068739923776]}},{"type":"Feature","properties":{"name":"Node","marker-size":"small","marker-color":"#666666"},"geometry":{"type":"Point","coordinates":[19.509224585728003,47.26247654264815]}},{"type":"Feature","properties":{"name":"Node","marker-size":"small","marker-color":"#666666"},"geometry":{"type":"Point","coordinates":[19.948569056581835,47.336815359835526]}},{"type":"Feature","properties":{"name":"Node","marker-size":"small","marker-color":"#666666"},"geometry":{"type":"Point","coordinates":[21.078283369987066,46.66131929866719]}},{"type":"Feature","properties":{"name":"Node","marker-size":"small","marker-color":"#666666"},"geometry":{"type":"Point","coordinates":[19.032540539424087,47.5108203536355]}},{"type":"Feature","properties":{"name":"Node","marker-size":"small","marker-color":"#666666"},"geometry":{"type":"Point","coordinates":[19.784392427565205,47.09545108436033]}},{"type":"Feature","properties":{"name":"Node","marker-size":"small","marker-color":"#666666"},"geometry":{"type":"Point","coordinates":[17.70663353502883,47.566500960729435]}},{"type":"Feature","properties":{"name":"Node","marker-size":"small","marker-color":"#666666"},"geometry":{"type":"Point","coordinates":[18.100442074511115,46.84193605337485]}},{"type":"Feature","properties":{"name":"Node","marker-size":"small","marker-color":"#666666"},"geometry":{"type":"Point","coordinates":[19.079945978649434,47.466439889025125]}},{"type":"Feature","properties":{"name":"Node","marker-size":"small","marker-color":"#666666"},"geometry":{"type":"Point","coordinates":[20.37050687577905,47.92497412854779]}},{"type":"Feature","properties":{"name":"Node","marker-size":"small","marker-color":"#666666"},"geometry":{"type":"Point","coordinates":[18.258583661759253,46.191737249426275]}},{"type":"Feature","properties":{"name":"Node","marker-size":"small","marker-color":"#666666"},"geometry":{"type":"Point","coordinates":[21.084790880570527,46.67291192482936]}},{"type":"Feature","properties":{"name":"Node","marker-size":"small","marker-color":"#666666"},"geometry":{"type":"Point","coordinates":[18.974409943623876,46.52666570105468]}},{"type":"Feature","properties":{"name":"Node","marker-size":"small","marker-color":"#666666"},"geometry":{"type":"Point","coordinates":[19.802840737935142,48.09615971495141]}},{"type":"Feature","properties":{"name":"Node","marker-size":"small","marker-color":"#666666"},"geometry":{"type":"Point","coordinates":[19.808704648075583,48.102700799360164]}},{"type":"Feature","properties":{"name":"Node","marker-size":"small","marker-color":"#666666"},"geometry":{"type":"Point","coordinates":[19.476063712657144,46.75183848348597]}},{"type":"Feature","properties":{"name":"Node","marker-size":"small","marker-color":"#666666"},"geometry":{"type":"Point","coordinates":[19.37857983122406,46.21331349479986]}},{"type":"Feature","properties":{"name":"Node","marker-size":"small","marker-color":"#666666"},"geometry":{"type":"Point","coordinates":[19.688036888674176,46.899121647059445]}},{"type":"Feature","properties":{"name":"Node","marker-size":"small","marker-color":"#666666"},"geometry":{"type":"Point","coordinates":[19.650223193091467,46.89178881186463]}},{"type":"Feature","properties":{"name":"Node","marker-size":"small","marker-color":"#666666"},"geometry":{"type":"Point","coordinates":[19.66995022467769,46.88967743169817]}},{"type":"Feature","properties":{"name":"Node","marker-size":"small","marker-color":"#666666"},"geometry":{"type":"Point","coordinates":[19.875602540383245,46.85910227112094]}},{"type":"Feature","properties":{"name":"Node","marker-size":"small","marker-color":"#666666"},"geometry":{"type":"Point","coordinates":[19.328511224967944,46.12453257334418]}},{"type":"Feature","properties":{"name":"Node","marker-size":"small","marker-color":"#666666"},"geometry":{"type":"Point","coordinates":[19.60306542124556,46.76089703701059]}},{"type":"Feature","properties":{"name":"Node","marker-size":"small","marker-color":"#666666"},"geometry":{"type":"Point","coordinates":[18.370942171971528,47.12008337579136]}},{"type":"Feature","properties":{"name":"Node","marker-size":"small","marker-color":"#666666"},"geometry":{"type":"Point","coordinates":[18.4140854216722,47.195754117863686]}},{"type":"Feature","properties":{"name":"Node","marker-size":"small","marker-color":"#666666"},"geometry":{"type":"Point","coordinates":[19.758722907531293,46.81756799302025]}},{"type":"Feature","properties":{"name":"Node","marker-size":"small","marker-color":"#666666"},"geometry":{"type":"Point","coordinates":[19.72084118234529,46.89812379312634]}},{"type":"Feature","properties":{"name":"Node","marker-size":"small","marker-color":"#666666"},"geometry":{"type":"Point","coordinates":[21.168643669861723,48.439791288814824]}},{"type":"Feature","properties":{"name":"Node","marker-size":"small","marker-color":"#666666"},"geometry":{"type":"Point","coordinates":[21.98791571996912,47.96540124524359]}},{"type":"Feature","properties":{"name":"Node","marker-size":"small","marker-color":"#666666"},"geometry":{"type":"Point","coordinates":[22.05882850769508,48.1797109335813]}},{"type":"Feature","properties":{"name":"Node","marker-size":"small","marker-color":"#666666"},"geometry":{"type":"Point","coordinates":[18.386907137673496,47.60530270349429]}},{"type":"Feature","properties":{"name":"Node","marker-size":"small","marker-color":"#666666"},"geometry":{"type":"Point","coordinates":[17.281117995592215,47.85014083915757]}},{"type":"Feature","properties":{"name":"Node","marker-size":"small","marker-color":"#666666"},"geometry":{"type":"Point","coordinates":[20.192354623931188,46.5246256814177]}},{"type":"Feature","properties":{"name":"Node","marker-size":"small","marker-color":"#666666"},"geometry":{"type":"Point","coordinates":[21.62595017762252,47.53116113592885]}},{"type":"Feature","properties":{"name":"Node","marker-size":"small","marker-color":"#666666"},"geometry":{"type":"Point","coordinates":[21.63327245100432,47.54383697461375]}},{"type":"Feature","properties":{"name":"Node","marker-size":"small","marker-color":"#666666"},"geometry":{"type":"Point","coordinates":[21.634252916984707,47.5352472008661]}},{"type":"Feature","properties":{"name":"Node","marker-size":"small","marker-color":"#666666"},"geometry":{"type":"Point","coordinates":[21.617774054053385,47.55454632582401]}},{"type":"Feature","properties":{"name":"Node","marker-size":"small","marker-color":"#666666"},"geometry":{"type":"Point","coordinates":[21.61789277894891,47.55007381139294]}},{"type":"Feature","properties":{"name":"Node","marker-size":"small","marker-color":"#666666"},"geometry":{"type":"Point","coordinates":[21.654578512642562,47.54123845788067]}},{"type":"Feature","properties":{"name":"Node","marker-size":"small","marker-color":"#666666"},"geometry":{"type":"Point","coordinates":[21.47603037234756,47.39081104865692]}},{"type":"Feature","properties":{"name":"Node","marker-size":"small","marker-color":"#666666"},"geometry":{"type":"Point","coordinates":[21.634799579221106,47.44010359746844]}},{"type":"Feature","properties":{"name":"Node","marker-size":"small","marker-color":"#666666"},"geometry":{"type":"Point","coordinates":[21.846174241341544,47.87589132350184]}},{"type":"Feature","properties":{"name":"Node","marker-size":"small","marker-color":"#666666"},"geometry":{"type":"Point","coordinates":[21.333602428865884,47.625221849407275]}},{"type":"Feature","properties":{"name":"Node","marker-size":"small","marker-color":"#666666"},"geometry":{"type":"Point","coordinates":[18.230501984383732,46.049990342635475]}},{"type":"Feature","properties":{"name":"Node","marker-size":"small","marker-color":"#666666"},"geometry":{"type":"Point","coordinates":[17.99459589590866,46.03907518622583]}},{"type":"Feature","properties":{"name":"Node","marker-size":"small","marker-color":"#666666"},"geometry":{"type":"Point","coordinates":[21.393404605997816,47.44616989426543]}},{"type":"Feature","properties":{"name":"Node","marker-size":"small","marker-color":"#666666"},"geometry":{"type":"Point","coordinates":[19.524010950637845,47.66718041223514]}},{"type":"Feature","properties":{"name":"Node","marker-size":"small","marker-color":"#666666"},"geometry":{"type":"Point","coordinates":[21.364562294668595,48.01728453123924]}},{"type":"Feature","properties":{"name":"Node","marker-size":"small","marker-color":"#666666"},"geometry":{"type":"Point","coordinates":[17.55894803481695,46.74940389220449]}},{"type":"Feature","properties":{"name":"Node","marker-size":"small","marker-color":"#666666"},"geometry":{"type":"Point","coordinates":[19.079587608840477,47.40729044872575]}},{"type":"Feature","properties":{"name":"Node","marker-size":"small","marker-color":"#666666"},"geometry":{"type":"Point","coordinates":[20.411650658274045,47.172363358695065]}},{"type":"Feature","properties":{"name":"Node","marker-size":"small","marker-color":"#666666"},"geometry":{"type":"Point","coordinates":[21.646211127043273,47.52259629303756]}},{"type":"Feature","properties":{"name":"Node","marker-size":"small","marker-color":"#666666"},"geometry":{"type":"Point","coordinates":[19.99511352055864,46.871174304034156]}},{"type":"Feature","properties":{"name":"Node","marker-size":"small","marker-color":"#666666"},"geometry":{"type":"Point","coordinates":[17.444997026014118,46.083789683563595]}},{"type":"Feature","properties":{"name":"Node","marker-size":"small","marker-color":"#666666"},"geometry":{"type":"Point","coordinates":[17.46627856834116,45.96034347905173]}},{"type":"Feature","properties":{"name":"Node","marker-size":"small","marker-color":"#666666"},"geometry":{"type":"Point","coordinates":[21.977355588202037,47.41760159477024]}},{"type":"Feature","properties":{"name":"Node","marker-size":"small","marker-color":"#666666"},"geometry":{"type":"Point","coordinates":[21.732742725255783,47.3926940815057]}},{"type":"Feature","properties":{"name":"Node","marker-size":"small","marker-color":"#666666"},"geometry":{"type":"Point","coordinates":[21.894534944902823,47.3826693915949]}},{"type":"Feature","properties":{"name":"Node","marker-size":"small","marker-color":"#666666"},"geometry":{"type":"Point","coordinates":[21.232754626070403,47.212239492984054]}},{"type":"Feature","properties":{"name":"Node","marker-size":"small","marker-color":"#666666"},"geometry":{"type":"Point","coordinates":[21.643122214115504,47.53202887957163]}},{"type":"Feature","properties":{"name":"Node","marker-size":"small","marker-color":"#666666"},"geometry":{"type":"Point","coordinates":[21.92994794007499,47.858739674748755]}},{"type":"Feature","properties":{"name":"Node","marker-size":"small","marker-color":"#666666"},"geometry":{"type":"Point","coordinates":[20.280200149668932,47.01768474712536]}},{"type":"Feature","properties":{"name":"Node","marker-size":"small","marker-color":"#666666"},"geometry":{"type":"Point","coordinates":[19.071559840280432,47.426372404294504]}},{"type":"Feature","properties":{"name":"Node","marker-size":"small","marker-color":"#666666"},"geometry":{"type":"Point","coordinates":[17.144911813663185,46.20793470309683]}},{"type":"Feature","properties":{"name":"Node","marker-size":"small","marker-color":"#666666"},"geometry":{"type":"Point","coordinates":[17.908375669727143,47.087586213086574]}},{"type":"Feature","properties":{"name":"Node","marker-size":"small","marker-color":"#666666"},"geometry":{"type":"Point","coordinates":[17.732495863725795,47.114655178796625]}},{"type":"Feature","properties":{"name":"Node","marker-size":"small","marker-color":"#666666"},"geometry":{"type":"Point","coordinates":[20.73719180820691,48.29519197309354]}},{"type":"Feature","properties":{"name":"Node","marker-size":"small","marker-color":"#666666"},"geometry":{"type":"Point","coordinates":[21.89192480853423,47.38150597924309]}},{"type":"Feature","properties":{"name":"Node","marker-size":"small","marker-color":"#666666"},"geometry":{"type":"Point","coordinates":[19.472938218080923,46.61329323894837]}},{"type":"Feature","properties":{"name":"Node","marker-size":"small","marker-color":"#666666"},"geometry":{"type":"Point","coordinates":[19.78163353576363,47.046713338678934]}},{"type":"Feature","properties":{"name":"Node","marker-size":"small","marker-color":"#666666"},"geometry":{"type":"Point","coordinates":[22.11231935886136,47.83166682218458]}},{"type":"Feature","properties":{"name":"Node","marker-size":"small","marker-color":"#666666"},"geometry":{"type":"Point","coordinates":[20.167381550379563,47.17720859978499]}},{"type":"Feature","properties":{"name":"Node","marker-size":"small","marker-color":"#666666"},"geometry":{"type":"Point","coordinates":[18.24306509835717,46.075444284799914]}},{"type":"Feature","properties":{"name":"Node","marker-size":"small","marker-color":"#666666"},"geometry":{"type":"Point","coordinates":[19.577428706452245,47.616798448140386]}},{"type":"Feature","properties":{"name":"Node","marker-size":"small","marker-color":"#666666"},"geometry":{"type":"Point","coordinates":[19.391246923427122,47.52766138398469]}},{"type":"Feature","properties":{"name":"Node","marker-size":"small","marker-color":"#666666"},"geometry":{"type":"Point","coordinates":[18.293092802215078,45.85553762880175]}},{"type":"Feature","properties":{"name":"Node","marker-size":"small","marker-color":"#666666"},"geometry":{"type":"Point","coordinates":[18.857308435469292,46.619355438784716]}},{"type":"Feature","properties":{"name":"Node","marker-size":"small","marker-color":"#666666"},"geometry":{"type":"Point","coordinates":[19.15764000406359,47.345150216734794]}},{"type":"Feature","properties":{"name":"Node","marker-size":"small","marker-color":"#666666"},"geometry":{"type":"Point","coordinates":[21.353542506725017,47.5390090232341]}},{"type":"Feature","properties":{"name":"Node","marker-size":"small","marker-color":"#666666"},"geometry":{"type":"Point","coordinates":[21.152231719024385,47.584086808036325]}},{"type":"Feature","properties":{"name":"Node","marker-size":"small","marker-color":"#666666"},"geometry":{"type":"Point","coordinates":[21.010485550483057,47.70416135464314]}},{"type":"Feature","properties":{"name":"Node","marker-size":"small","marker-color":"#666666"},"geometry":{"type":"Point","coordinates":[20.781311395285584,48.10837893396915]}},{"type":"Feature","properties":{"name":"Node","marker-size":"small","marker-color":"#666666"},"geometry":{"type":"Point","coordinates":[19.812848562604888,48.128524598261876]}},{"type":"Feature","properties":{"name":"Node","marker-size":"small","marker-color":"#666666"},"geometry":{"type":"Point","coordinates":[20.836017840897576,47.99221828444711]}},{"type":"Feature","properties":{"name":"Node","marker-size":"small","marker-color":"#666666"},"geometry":{"type":"Point","coordinates":[19.006310219099234,47.868022572755265]}},{"type":"Feature","properties":{"name":"Node","marker-size":"small","marker-color":"#666666"},"geometry":{"type":"Point","coordinates":[17.731252372965262,47.25280723818208]}},{"type":"Feature","properties":{"name":"Node","marker-size":"small","marker-color":"#666666"},"geometry":{"type":"Point","coordinates":[17.937990509496736,47.307869503873754]}},{"type":"Feature","properties":{"name":"Node","marker-size":"small","marker-color":"#666666"},"geometry":{"type":"Point","coordinates":[17.872634432530887,47.26426340860647]}},{"type":"Feature","properties":{"name":"Node","marker-size":"small","marker-color":"#666666"},"geometry":{"type":"Point","coordinates":[16.95496566552053,46.24983894643376]}},{"type":"Feature","properties":{"name":"Node","marker-size":"small","marker-color":"#666666"},"geometry":{"type":"Point","coordinates":[20.621960619612324,48.31370551918043]}},{"type":"Feature","properties":{"name":"Node","marker-size":"small","marker-color":"#666666"},"geometry":{"type":"Point","coordinates":[20.819481782663164,47.509119495262944]}},{"type":"Feature","properties":{"name":"Node","marker-size":"small","marker-color":"#666666"},"geometry":{"type":"Point","coordinates":[22.07936899189759,47.9994140756947]}},{"type":"Feature","properties":{"name":"Node","marker-size":"small","marker-color":"#666666"},"geometry":{"type":"Point","coordinates":[21.265000053796353,46.640657729290375]}},{"type":"Feature","properties":{"name":"Node","marker-size":"small","marker-color":"#666666"},"geometry":{"type":"Point","coordinates":[18.504018306220694,47.60796810096949]}},{"type":"Feature","properties":{"name":"Node","marker-size":"small","marker-color":"#666666"},"geometry":{"type":"Point","coordinates":[18.843543103413534,46.61496133592528]}},{"type":"Feature","properties":{"name":"Node","marker-size":"small","marker-color":"#666666"},"geometry":{"type":"Point","coordinates":[18.405573290224353,47.57325355721128]}},{"type":"Feature","properties":{"name":"Node","marker-size":"small","marker-color":"#666666"},"geometry":{"type":"Point","coordinates":[18.368354100157628,47.59003462943627]}},{"type":"Feature","properties":{"name":"Node","marker-size":"small","marker-color":"#666666"},"geometry":{"type":"Point","coordinates":[20.370817357079837,47.90114620114118]}},{"type":"Feature","properties":{"name":"Node","marker-size":"small","marker-color":"#666666"},"geometry":{"type":"Point","coordinates":[20.76439249153049,48.261372997539354]}},{"type":"Feature","properties":{"name":"Node","marker-size":"small","marker-color":"#666666"},"geometry":{"type":"Point","coordinates":[19.54327876067954,47.88336670127648]}},{"type":"Feature","properties":{"name":"Node","marker-size":"small","marker-color":"#666666"},"geometry":{"type":"Point","coordinates":[21.63994828852454,47.53131313123569]}},{"type":"Feature","properties":{"name":"Node","marker-size":"small","marker-color":"#666666"},"geometry":{"type":"Point","coordinates":[21.632494257538198,47.52977729323186]}},{"type":"Feature","properties":{"name":"Node","marker-size":"small","marker-color":"#666666"},"geometry":{"type":"Point","coordinates":[18.080500238066445,46.02457418062742]}},{"type":"Feature","properties":{"name":"Node","marker-size":"small","marker-color":"#666666"},"geometry":{"type":"Point","coordinates":[18.903118553590417,47.248904935286156]}},{"type":"Feature","properties":{"name":"Node","marker-size":"small","marker-color":"#666666"},"geometry":{"type":"Point","coordinates":[21.620749628750566,47.54637083318881]}},{"type":"Feature","properties":{"name":"Node","marker-size":"small","marker-color":"#666666"},"geometry":{"type":"Point","coordinates":[19.6937449483517,46.90973676590455]}},{"type":"Feature","properties":{"name":"Node","marker-size":"small","marker-color":"#666666"},"geometry":{"type":"Point","coordinates":[20.247252185450737,48.12172586032346]}},{"type":"Feature","properties":{"name":"Node","marker-size":"small","marker-color":"#666666"},"geometry":{"type":"Point","coordinates":[16.9807704804589,47.58687752994128]}},{"type":"Feature","properties":{"name":"Node","marker-size":"small","marker-color":"#666666"},"geometry":{"type":"Point","coordinates":[19.07105809901845,47.48968263441365]}},{"type":"Feature","properties":{"name":"Node","marker-size":"small","marker-color":"#666666"},"geometry":{"type":"Point","coordinates":[17.010430711536845,46.722310450802375]}},{"type":"Feature","properties":{"name":"Node","marker-size":"small","marker-color":"#666666"},"geometry":{"type":"Point","coordinates":[16.786093211627538,46.76562231673015]}},{"type":"Feature","properties":{"name":"Node","marker-size":"small","marker-color":"#666666"},"geometry":{"type":"Point","coordinates":[19.846829180271126,46.724582613226694]}},{"type":"Feature","properties":{"name":"Node","marker-size":"small","marker-color":"#666666"},"geometry":{"type":"Point","coordinates":[18.02638934774985,47.50058442555533]}},{"type":"Feature","properties":{"name":"Node","marker-size":"small","marker-color":"#666666"},"geometry":{"type":"Point","coordinates":[18.95488579194457,46.18348613245226]}},{"type":"Feature","properties":{"name":"Node","marker-size":"small","marker-color":"#666666"},"geometry":{"type":"Point","coordinates":[20.9795015108905,48.07265450789151]}},{"type":"Feature","properties":{"name":"Node","marker-size":"small","marker-color":"#666666"},"geometry":{"type":"Point","coordinates":[20.828624896331398,48.07198713281188]}},{"type":"Feature","properties":{"name":"Node","marker-size":"small","marker-color":"#666666"},"geometry":{"type":"Point","coordinates":[21.532807746903153,47.22362010969782]}},{"type":"Feature","properties":{"name":"Node","marker-size":"small","marker-color":"#666666"},"geometry":{"type":"Point","coordinates":[17.673284539001866,46.78366922790236]}},{"type":"Feature","properties":{"name":"Node","marker-size":"small","marker-color":"#666666"},"geometry":{"type":"Point","coordinates":[19.054680891237034,47.51103874167835]}},{"type":"Feature","properties":{"name":"Node","marker-size":"small","marker-color":"#666666"},"geometry":{"type":"Point","coordinates":[18.93394822255778,46.96269700674622]}},{"type":"Feature","properties":{"name":"Node","marker-size":"small","marker-color":"#666666"},"geometry":{"type":"Point","coordinates":[18.62063329834536,46.88465358917522]}},{"type":"Feature","properties":{"name":"Node","marker-size":"small","marker-color":"#666666"},"geometry":{"type":"Point","coordinates":[22.185403925147934,48.322876641626465]}},{"type":"Feature","properties":{"name":"Node","marker-size":"small","marker-color":"#666666"},"geometry":{"type":"Point","coordinates":[17.48332168710978,46.71227317130741]}},{"type":"Feature","properties":{"name":"Node","marker-size":"small","marker-color":"#666666"},"geometry":{"type":"Point","coordinates":[18.988972053845373,47.49730040057667]}},{"type":"Feature","properties":{"name":"Node","marker-size":"small","marker-color":"#666666"},"geometry":{"type":"Point","coordinates":[18.701561863418235,46.34430402156059]}},{"type":"Feature","properties":{"name":"Node","marker-size":"small","marker-color":"#666666"},"geometry":{"type":"Point","coordinates":[21.43004127220033,47.847477071786194]}},{"type":"Feature","properties":{"name":"Node","marker-size":"small","marker-color":"#666666"},"geometry":{"type":"Point","coordinates":[17.039762815807393,47.59222810006188]}},{"type":"Feature","properties":{"name":"Node","marker-size":"small","marker-color":"#666666"},"geometry":{"type":"Point","coordinates":[17.241891860456132,46.775744799254724]}},{"type":"Feature","properties":{"name":"Node","marker-size":"small","marker-color":"#666666"},"geometry":{"type":"Point","coordinates":[17.881610649908826,46.949888082750824]}},{"type":"Feature","properties":{"name":"Node","marker-size":"small","marker-color":"#666666"},"geometry":{"type":"Point","coordinates":[17.65493898451102,47.669430716098475]}},{"type":"Feature","properties":{"name":"Node","marker-size":"small","marker-color":"#666666"},"geometry":{"type":"Point","coordinates":[18.658981657226306,45.996369591962456]}},{"type":"Feature","properties":{"name":"Node","marker-size":"small","marker-color":"#666666"},"geometry":{"type":"Point","coordinates":[22.063954017156362,48.231704325334]}},{"type":"Feature","properties":{"name":"Node","marker-size":"small","marker-color":"#666666"},"geometry":{"type":"Point","coordinates":[19.145869222979396,47.46284732108584]}},{"type":"Feature","properties":{"name":"Node","marker-size":"small","marker-color":"#666666"},"geometry":{"type":"Point","coordinates":[20.501748418326848,46.215468300560346]}},{"type":"Feature","properties":{"name":"Node","marker-size":"small","marker-color":"#666666"},"geometry":{"type":"Point","coordinates":[19.029904342387958,47.48186967962749]}},{"type":"Feature","properties":{"name":"Node","marker-size":"small","marker-color":"#666666"},"geometry":{"type":"Point","coordinates":[17.19621080019246,46.39405506743602]}},{"type":"Feature","properties":{"name":"Node","marker-size":"small","marker-color":"#666666"},"geometry":{"type":"Point","coordinates":[17.649781580624357,46.580130325364536]}},{"type":"Feature","properties":{"name":"Node","marker-size":"small","marker-color":"#666666"},"geometry":{"type":"Point","coordinates":[17.64391788467223,46.66768304217]}},{"type":"Feature","properties":{"name":"Node","marker-size":"small","marker-color":"#666666"},"geometry":{"type":"Point","coordinates":[20.417239796164957,47.75055024618857]}},{"type":"Feature","properties":{"name":"Node","marker-size":"small","marker-color":"#666666"},"geometry":{"type":"Point","coordinates":[21.61440259636773,47.538253774192434]}},{"type":"Feature","properties":{"name":"Node","marker-size":"small","marker-color":"#666666"},"geometry":{"type":"Point","coordinates":[20.37395429924502,47.9035658825541]}},{"type":"Feature","properties":{"name":"Node","marker-size":"small","marker-color":"#666666"},"geometry":{"type":"Point","coordinates":[21.70973195171541,47.965812384870134]}},{"type":"Feature","properties":{"name":"Node","marker-size":"small","marker-color":"#666666"},"geometry":{"type":"Point","coordinates":[21.716364424679377,47.947424410375895]}},{"type":"Feature","properties":{"name":"Node","marker-size":"small","marker-color":"#666666"},"geometry":{"type":"Point","coordinates":[21.031005254818098,46.497184961618686]}},{"type":"Feature","properties":{"name":"Node","marker-size":"small","marker-color":"#666666"},"geometry":{"type":"Point","coordinates":[21.045035658655774,46.423138775011566]}},{"type":"Feature","properties":{"name":"Node","marker-size":"small","marker-color":"#666666"},"geometry":{"type":"Point","coordinates":[19.220343429059564,46.87539407601197]}},{"type":"Feature","properties":{"name":"Node","marker-size":"small","marker-color":"#666666"},"geometry":{"type":"Point","coordinates":[20.427749732212032,47.69998441804361]}},{"type":"Feature","properties":{"name":"Node","marker-size":"small","marker-color":"#666666"},"geometry":{"type":"Point","coordinates":[20.483128378690232,47.773112139562045]}},{"type":"Feature","properties":{"name":"Node","marker-size":"small","marker-color":"#666666"},"geometry":{"type":"Point","coordinates":[20.656154301819363,47.64480735441197]}},{"type":"Feature","properties":{"name":"Node","marker-size":"small","marker-color":"#666666"},"geometry":{"type":"Point","coordinates":[20.617976380732816,48.2456378635482]}},{"type":"Feature","properties":{"name":"Node","marker-size":"small","marker-color":"#666666"},"geometry":{"type":"Point","coordinates":[20.690733729465805,48.10143851540534]}},{"type":"Feature","properties":{"name":"Node","marker-size":"small","marker-color":"#666666"},"geometry":{"type":"Point","coordinates":[17.1765697433537,46.53519535188213]}},{"type":"Feature","properties":{"name":"Node","marker-size":"small","marker-color":"#666666"},"geometry":{"type":"Point","coordinates":[21.072491676355785,46.695971656426245]}},{"type":"Feature","properties":{"name":"Node","marker-size":"small","marker-color":"#666666"},"geometry":{"type":"Point","coordinates":[18.91800502186355,45.996120408444355]}},{"type":"Feature","properties":{"name":"Node","marker-size":"small","marker-color":"#666666"},"geometry":{"type":"Point","coordinates":[18.931264550377637,45.949633354824954]}},{"type":"Feature","properties":{"name":"Node","marker-size":"small","marker-color":"#666666"},"geometry":{"type":"Point","coordinates":[21.16460903748878,47.42931589739439]}},{"type":"Feature","properties":{"name":"Node","marker-size":"small","marker-color":"#666666"},"geometry":{"type":"Point","coordinates":[17.616626669201292,47.676601286491085]}},{"type":"Feature","properties":{"name":"Node","marker-size":"small","marker-color":"#666666"},"geometry":{"type":"Point","coordinates":[22.086025408347542,48.22142143039741]}},{"type":"Feature","properties":{"name":"Node","marker-size":"small","marker-color":"#666666"},"geometry":{"type":"Point","coordinates":[22.314877350642835,47.96092903799204]}},{"type":"Feature","properties":{"name":"Node","marker-size":"small","marker-color":"#666666"},"geometry":{"type":"Point","coordinates":[18.157102977747588,46.03403296131334]}},{"type":"Feature","properties":{"name":"Node","marker-size":"small","marker-color":"#666666"},"geometry":{"type":"Point","coordinates":[17.788339096863815,46.05333135201388]}},{"type":"Feature","properties":{"name":"Node","marker-size":"small","marker-color":"#666666"},"geometry":{"type":"Point","coordinates":[20.185373316725194,48.05853506996777]}},{"type":"Feature","properties":{"name":"Node","marker-size":"small","marker-color":"#666666"},"geometry":{"type":"Point","coordinates":[18.107620143919185,47.037130067046604]}},{"type":"Feature","properties":{"name":"Node","marker-size":"small","marker-color":"#666666"},"geometry":{"type":"Point","coordinates":[17.873945945201033,46.96249882764945]}},{"type":"Feature","properties":{"name":"Node","marker-size":"small","marker-color":"#666666"},"geometry":{"type":"Point","coordinates":[17.697378337874845,46.98210620206826]}},{"type":"Feature","properties":{"name":"Node","marker-size":"small","marker-color":"#666666"},"geometry":{"type":"Point","coordinates":[17.072745401026012,46.94224453891578]}},{"type":"Feature","properties":{"name":"Node","marker-size":"small","marker-color":"#666666"},"geometry":{"type":"Point","coordinates":[19.06912070049702,47.4961875466117]}},{"type":"Feature","properties":{"name":"Node","marker-size":"small","marker-color":"#666666"},"geometry":{"type":"Point","coordinates":[19.666762340133925,46.89337809308299]}},{"type":"Feature","properties":{"name":"Node","marker-size":"small","marker-color":"#666666"},"geometry":{"type":"Point","coordinates":[19.41113211277782,47.347913819914694]}},{"type":"Feature","properties":{"name":"Node","marker-size":"small","marker-color":"#666666"},"geometry":{"type":"Point","coordinates":[18.702734134887717,46.345212774152216]}},{"type":"Feature","properties":{"name":"Node","marker-size":"small","marker-color":"#666666"},"geometry":{"type":"Point","coordinates":[17.8109055125497,46.36358488915886]}},{"type":"Feature","properties":{"name":"Node","marker-size":"small","marker-color":"#666666"},"geometry":{"type":"Point","coordinates":[19.250929480385405,47.41542428960529]}},{"type":"Feature","properties":{"name":"Node","marker-size":"small","marker-color":"#666666"},"geometry":{"type":"Point","coordinates":[16.95664372263236,47.24652378974629]}},{"type":"Feature","properties":{"name":"Node","marker-size":"small","marker-color":"#666666"},"geometry":{"type":"Point","coordinates":[18.42696995792379,47.207575274114575]}},{"type":"Feature","properties":{"name":"Node","marker-size":"small","marker-color":"#666666"},"geometry":{"type":"Point","coordinates":[17.933675961238908,47.10322910112664]}},{"type":"Feature","properties":{"name":"Node","marker-size":"small","marker-color":"#666666"},"geometry":{"type":"Point","coordinates":[18.964072210060866,47.45018404561357]}},{"type":"Feature","properties":{"name":"Node","marker-size":"small","marker-color":"#666666"},"geometry":{"type":"Point","coordinates":[19.080071166624883,47.55552293532823]}},{"type":"Feature","properties":{"name":"Node","marker-size":"small","marker-color":"#666666"},"geometry":{"type":"Point","coordinates":[17.653556921525396,47.67696216178773]}},{"type":"Feature","properties":{"name":"Node","marker-size":"small","marker-color":"#666666"},"geometry":{"type":"Point","coordinates":[20.78897520721362,48.1046567244258]}},{"type":"Feature","properties":{"name":"Node","marker-size":"small","marker-color":"#666666"},"geometry":{"type":"Point","coordinates":[17.015661107414246,47.418933976779456]}},{"type":"Feature","properties":{"name":"Node","marker-size":"small","marker-color":"#666666"},"geometry":{"type":"Point","coordinates":[19.45211701250763,46.84233369295709]}},{"type":"Feature","properties":{"name":"Node","marker-size":"small","marker-color":"#666666"},"geometry":{"type":"Point","coordinates":[18.34007714891574,47.09021907669696]}},{"type":"Feature","properties":{"name":"Node","marker-size":"small","marker-color":"#666666"},"geometry":{"type":"Point","coordinates":[19.15942772674555,46.09445589915056]}},{"type":"Feature","properties":{"name":"Node","marker-size":"small","marker-color":"#666666"},"geometry":{"type":"Point","coordinates":[21.376461913200544,48.01776823353009]}},{"type":"Feature","properties":{"name":"Node","marker-size":"small","marker-color":"#666666"},"geometry":{"type":"Point","coordinates":[21.727653562761798,47.97896758389327]}},{"type":"Feature","properties":{"name":"Node","marker-size":"small","marker-color":"#666666"},"geometry":{"type":"Point","coordinates":[16.597025591769604,47.011178932343824]}},{"type":"Feature","properties":{"name":"Node","marker-size":"small","marker-color":"#666666"},"geometry":{"type":"Point","coordinates":[17.411605900417204,46.700855468050676]}},{"type":"Feature","properties":{"name":"Node","marker-size":"small","marker-color":"#666666"},"geometry":{"type":"Point","coordinates":[21.71737359403924,47.13056742126739]}},{"type":"Feature","properties":{"name":"Node","marker-size":"small","marker-color":"#666666"},"geometry":{"type":"Point","coordinates":[19.18804517421936,47.40499268342123]}},{"type":"Feature","properties":{"name":"Node","marker-size":"small","marker-color":"#666666"},"geometry":{"type":"Point","coordinates":[16.697421970534762,47.604580746572445]}},{"type":"Feature","properties":{"name":"Node","marker-size":"small","marker-color":"#666666"},"geometry":{"type":"Point","coordinates":[20.346958138167302,47.79612679361387]}},{"type":"Feature","properties":{"name":"Node","marker-size":"small","marker-color":"#666666"},"geometry":{"type":"Point","coordinates":[19.05148302430828,47.499108388819515]}},{"type":"Feature","properties":{"name":"Node","marker-size":"small","marker-color":"#666666"},"geometry":{"type":"Point","coordinates":[19.2373620746656,47.461445638374634]}},{"type":"Feature","properties":{"name":"Node","marker-size":"small","marker-color":"#666666"},"geometry":{"type":"Point","coordinates":[19.183983709697866,47.51706205256666]}},{"type":"Feature","properties":{"name":"Node","marker-size":"small","marker-color":"#666666"},"geometry":{"type":"Point","coordinates":[20.13862656280012,47.51349246571681]}},{"type":"Feature","properties":{"name":"Node","marker-size":"small","marker-color":"#666666"},"geometry":{"type":"Point","coordinates":[20.101932921588947,48.01771132756064]}},{"type":"Feature","properties":{"name":"Node","marker-size":"small","marker-color":"#666666"},"geometry":{"type":"Point","coordinates":[20.679103091731548,48.10019579643676]}},{"type":"Feature","properties":{"name":"Node","marker-size":"small","marker-color":"#666666"},"geometry":{"type":"Point","coordinates":[19.116854964757504,47.47345924936903]}},{"type":"Feature","properties":{"name":"Node","marker-size":"small","marker-color":"#666666"},"geometry":{"type":"Point","coordinates":[21.435647704179473,48.243438902790395]}},{"type":"Feature","properties":{"name":"Node","marker-size":"small","marker-color":"#666666"},"geometry":{"type":"Point","coordinates":[21.27750299673838,48.47218619769542]}},{"type":"Feature","properties":{"name":"Node","marker-size":"small","marker-color":"#666666"},"geometry":{"type":"Point","coordinates":[21.229131181623355,48.503476877831986]}},{"type":"Feature","properties":{"name":"Node","marker-size":"small","marker-color":"#666666"},"geometry":{"type":"Point","coordinates":[19.615926094052845,46.85784677437178]}},{"type":"Feature","properties":{"name":"Node","marker-size":"small","marker-color":"#666666"},"geometry":{"type":"Point","coordinates":[19.66255982573973,46.89405227976062]}},{"type":"Feature","properties":{"name":"Node","marker-size":"small","marker-color":"#666666"},"geometry":{"type":"Point","coordinates":[20.377458752931854,47.137785765922594]}},{"type":"Feature","properties":{"name":"Node","marker-size":"small","marker-color":"#666666"},"geometry":{"type":"Point","coordinates":[19.26015344897656,46.0580622213048]}},{"type":"Feature","properties":{"name":"Node","marker-size":"small","marker-color":"#666666"},"geometry":{"type":"Point","coordinates":[21.15120815558533,48.21040496572642]}},{"type":"Feature","properties":{"name":"Node","marker-size":"small","marker-color":"#666666"},"geometry":{"type":"Point","coordinates":[21.277450875749924,48.19072795763395]}},{"type":"Feature","properties":{"name":"Node","marker-size":"small","marker-color":"#666666"},"geometry":{"type":"Point","coordinates":[20.10915354469997,46.664350540900955]}},{"type":"Feature","properties":{"name":"Node","marker-size":"small","marker-color":"#666666"},"geometry":{"type":"Point","coordinates":[19.109055653774668,47.500499630923485]}},{"type":"Feature","properties":{"name":"Node","marker-size":"small","marker-color":"#666666"},"geometry":{"type":"Point","coordinates":[20.77721268268902,48.08413745664132]}},{"type":"Feature","properties":{"name":"Node","marker-size":"small","marker-color":"#666666"},"geometry":{"type":"Point","coordinates":[17.631922125150233,46.82952439380747]}},{"type":"Feature","properties":{"name":"Node","marker-size":"small","marker-color":"#666666"},"geometry":{"type":"Point","coordinates":[20.869599241845677,48.1001014167237]}},{"type":"Feature","properties":{"name":"Node","marker-size":"small","marker-color":"#666666"},"geometry":{"type":"Point","coordinates":[20.485280941043428,48.1769127122063]}},{"type":"Feature","properties":{"name":"Node","marker-size":"small","marker-color":"#666666"},"geometry":{"type":"Point","coordinates":[19.219280543128875,46.87515323141495]}},{"type":"Feature","properties":{"name":"Node","marker-size":"small","marker-color":"#666666"},"geometry":{"type":"Point","coordinates":[19.101861090700435,47.01872174141986]}},{"type":"Feature","properties":{"name":"Node","marker-size":"small","marker-color":"#666666"},"geometry":{"type":"Point","coordinates":[19.2950190589531,46.956955320482]}},{"type":"Feature","properties":{"name":"Node","marker-size":"small","marker-color":"#666666"},"geometry":{"type":"Point","coordinates":[22.056060827862105,47.8031028862628]}},{"type":"Feature","properties":{"name":"Node","marker-size":"small","marker-color":"#666666"},"geometry":{"type":"Point","coordinates":[21.61458535210725,47.53793711749946]}},{"type":"Feature","properties":{"name":"Node","marker-size":"small","marker-color":"#666666"},"geometry":{"type":"Point","coordinates":[18.165478125901018,46.80006432844327]}},{"type":"Feature","properties":{"name":"Node","marker-size":"small","marker-color":"#666666"},"geometry":{"type":"Point","coordinates":[20.182393045982998,46.188281223506706]}},{"type":"Feature","properties":{"name":"Node","marker-size":"small","marker-color":"#666666"},"geometry":{"type":"Point","coordinates":[19.476608108109726,46.937765819453865]}},{"type":"Feature","properties":{"name":"Node","marker-size":"small","marker-color":"#666666"},"geometry":{"type":"Point","coordinates":[18.738876659490842,47.720020440963914]}},{"type":"Feature","properties":{"name":"Node","marker-size":"small","marker-color":"#666666"},"geometry":{"type":"Point","coordinates":[20.21057306376101,46.3381832304743]}},{"type":"Feature","properties":{"name":"Node","marker-size":"small","marker-color":"#666666"},"geometry":{"type":"Point","coordinates":[20.963775960345522,47.02676864447291]}},{"type":"Feature","properties":{"name":"Node","marker-size":"small","marker-color":"#666666"},"geometry":{"type":"Point","coordinates":[19.60831603075114,47.44600786839288]}},{"type":"Feature","properties":{"name":"Node","marker-size":"small","marker-color":"#666666"},"geometry":{"type":"Point","coordinates":[21.169473799536867,47.42874559205369]}},{"type":"Feature","properties":{"name":"Node","marker-size":"small","marker-color":"#666666"},"geometry":{"type":"Point","coordinates":[18.758268884747086,47.137096421069955]}},{"type":"Feature","properties":{"name":"Node","marker-size":"small","marker-color":"#666666"},"geometry":{"type":"Point","coordinates":[19.134224667158815,47.68311963128411]}},{"type":"Feature","properties":{"name":"Node","marker-size":"small","marker-color":"#666666"},"geometry":{"type":"Point","coordinates":[21.246108559114234,48.080705186718916]}},{"type":"Feature","properties":{"name":"Node","marker-size":"small","marker-color":"#666666"},"geometry":{"type":"Point","coordinates":[19.70480383670641,46.93214348855002]}},{"type":"Feature","properties":{"name":"Node","marker-size":"small","marker-color":"#666666"},"geometry":{"type":"Point","coordinates":[19.670465366532934,46.92518857243841]}},{"type":"Feature","properties":{"name":"Node","marker-size":"small","marker-color":"#666666"},"geometry":{"type":"Point","coordinates":[19.804257300175372,47.166508633822716]}},{"type":"Feature","properties":{"name":"Node","marker-size":"small","marker-color":"#666666"},"geometry":{"type":"Point","coordinates":[18.52736419728566,47.032336409870986]}},{"type":"Feature","properties":{"name":"Node","marker-size":"small","marker-color":"#666666"},"geometry":{"type":"Point","coordinates":[18.864708155264314,47.11938579059598]}},{"type":"Feature","properties":{"name":"Node","marker-size":"small","marker-color":"#666666"},"geometry":{"type":"Point","coordinates":[21.927445978973356,48.23158957956793]}},{"type":"Feature","properties":{"name":"Node","marker-size":"small","marker-color":"#666666"},"geometry":{"type":"Point","coordinates":[19.918913308567294,46.92154133366029]}},{"type":"Feature","properties":{"name":"Node","marker-size":"small","marker-color":"#666666"},"geometry":{"type":"Point","coordinates":[21.676402118940022,47.711798407861735]}},{"type":"Feature","properties":{"name":"Node","marker-size":"small","marker-color":"#666666"},"geometry":{"type":"Point","coordinates":[17.921612977871895,47.086204208718634]}},{"type":"Feature","properties":{"name":"Node","marker-size":"small","marker-color":"#666666"},"geometry":{"type":"Point","coordinates":[20.95997716446855,48.08878994646288]}},{"type":"Feature","properties":{"name":"Node","marker-size":"small","marker-color":"#666666"},"geometry":{"type":"Point","coordinates":[21.27147856551021,47.35752438611426]}},{"type":"Feature","properties":{"name":"Node","marker-size":"small","marker-color":"#666666"},"geometry":{"type":"Point","coordinates":[18.994117657763486,47.264002650963704]}},{"type":"Feature","properties":{"name":"Node","marker-size":"small","marker-color":"#666666"},"geometry":{"type":"Point","coordinates":[21.06952468045023,46.6595058460084]}},{"type":"Feature","properties":{"name":"Node","marker-size":"small","marker-color":"#666666"},"geometry":{"type":"Point","coordinates":[16.605506859754833,47.691243548680404]}},{"type":"Feature","properties":{"name":"Node","marker-size":"small","marker-color":"#666666"},"geometry":{"type":"Point","coordinates":[20.691900863703406,48.009854640186376]}},{"type":"Feature","properties":{"name":"Node","marker-size":"small","marker-color":"#666666"},"geometry":{"type":"Point","coordinates":[20.727739576846876,48.4072713751069]}},{"type":"Feature","properties":{"name":"Node","marker-size":"small","marker-color":"#666666"},"geometry":{"type":"Point","coordinates":[20.65120132623123,48.330350265250274]}},{"type":"Feature","properties":{"name":"Node","marker-size":"small","marker-color":"#666666"},"geometry":{"type":"Point","coordinates":[21.251078342748187,48.154220813256586]}},{"type":"Feature","properties":{"name":"Node","marker-size":"small","marker-color":"#666666"},"geometry":{"type":"Point","coordinates":[20.673716292735882,48.38468519609982]}},{"type":"Feature","properties":{"name":"Node","marker-size":"small","marker-color":"#666666"},"geometry":{"type":"Point","coordinates":[21.217567081589195,48.050772675337264]}},{"type":"Feature","properties":{"name":"Node","marker-size":"small","marker-color":"#666666"},"geometry":{"type":"Point","coordinates":[20.264505108108875,48.22279961755019]}},{"type":"Feature","properties":{"name":"Node","marker-size":"small","marker-color":"#666666"},"geometry":{"type":"Point","coordinates":[22.184104691328365,48.322800310485775]}},{"type":"Feature","properties":{"name":"Node","marker-size":"small","marker-color":"#666666"},"geometry":{"type":"Point","coordinates":[20.662728024643066,48.282798758745464]}},{"type":"Feature","properties":{"name":"Node","marker-size":"small","marker-color":"#666666"},"geometry":{"type":"Point","coordinates":[21.157944769947658,47.42636881400624]}},{"type":"Feature","properties":{"name":"Node","marker-size":"small","marker-color":"#666666"},"geometry":{"type":"Point","coordinates":[20.777052552731185,48.073913639922885]}},{"type":"Feature","properties":{"name":"Node","marker-size":"small","marker-color":"#666666"},"geometry":{"type":"Point","coordinates":[17.653171738366293,46.76745485533695]}},{"type":"Feature","properties":{"name":"Node","marker-size":"small","marker-color":"#666666"},"geometry":{"type":"Point","coordinates":[18.62850134424831,47.502527535440215]}},{"type":"Feature","properties":{"name":"Node","marker-size":"small","marker-color":"#666666"},"geometry":{"type":"Point","coordinates":[17.626725441585982,47.64827610841619]}},{"type":"Feature","properties":{"name":"Node","marker-size":"small","marker-color":"#666666"},"geometry":{"type":"Point","coordinates":[18.653640864006842,47.74027218461464]}},{"type":"Feature","properties":{"name":"Node","marker-size":"small","marker-color":"#666666"},"geometry":{"type":"Point","coordinates":[17.151448517779958,47.252604712652534]}},{"type":"Feature","properties":{"name":"Node","marker-size":"small","marker-color":"#666666"},"geometry":{"type":"Point","coordinates":[18.225784363453467,46.04656538489408]}},{"type":"Feature","properties":{"name":"Node","marker-size":"small","marker-color":"#666666"},"geometry":{"type":"Point","coordinates":[20.628724693035725,48.260337220075925]}},{"type":"Feature","properties":{"name":"Node","marker-size":"small","marker-color":"#666666"},"geometry":{"type":"Point","coordinates":[18.640385565081818,47.21345913278758]}},{"type":"Feature","properties":{"name":"Node","marker-size":"small","marker-color":"#666666"},"geometry":{"type":"Point","coordinates":[18.70279643634818,46.34702421089983]}},{"type":"Feature","properties":{"name":"Node","marker-size":"small","marker-color":"#666666"},"geometry":{"type":"Point","coordinates":[18.03257062745476,47.0692934167278]}},{"type":"Feature","properties":{"name":"Node","marker-size":"small","marker-color":"#666666"},"geometry":{"type":"Point","coordinates":[19.156952970663422,47.452945777792195]}},{"type":"Feature","properties":{"name":"Node","marker-size":"small","marker-color":"#666666"},"geometry":{"type":"Point","coordinates":[18.404754243212277,47.165004731721375]}},{"type":"Feature","properties":{"name":"Node","marker-size":"small","marker-color":"#666666"},"geometry":{"type":"Point","coordinates":[19.25348210459801,47.540825609960734]}},{"type":"Feature","properties":{"name":"Node","marker-size":"small","marker-color":"#666666"},"geometry":{"type":"Point","coordinates":[20.121543837745534,46.24427391438981]}},{"type":"Feature","properties":{"name":"Node","marker-size":"small","marker-color":"#666666"},"geometry":{"type":"Point","coordinates":[19.796192696056792,47.18392788903404]}},{"type":"Feature","properties":{"name":"Node","marker-size":"small","marker-color":"#666666"},"geometry":{"type":"Point","coordinates":[20.367726842122554,47.90065068985307]}},{"type":"Feature","properties":{"name":"Node","marker-size":"small","marker-color":"#666666"},"geometry":{"type":"Point","coordinates":[21.170716762144085,48.10845637438575]}},{"type":"Feature","properties":{"name":"Node","marker-size":"small","marker-color":"#666666"},"geometry":{"type":"Point","coordinates":[21.126634779914465,48.38874845368878]}},{"type":"Feature","properties":{"name":"Node","marker-size":"small","marker-color":"#666666"},"geometry":{"type":"Point","coordinates":[18.21229658289768,46.05110891690882]}},{"type":"Feature","properties":{"name":"Node","marker-size":"small","marker-color":"#666666"},"geometry":{"type":"Point","coordinates":[21.096779755072124,46.679480904783794]}},{"type":"Feature","properties":{"name":"Node","marker-size":"small","marker-color":"#666666"},"geometry":{"type":"Point","coordinates":[18.915860434655563,47.61653260679482]}},{"type":"Feature","properties":{"name":"Node","marker-size":"small","marker-color":"#666666"},"geometry":{"type":"Point","coordinates":[18.317508332727485,47.65066292682815]}},{"type":"Feature","properties":{"name":"Node","marker-size":"small","marker-color":"#666666"},"geometry":{"type":"Point","coordinates":[16.832448365814887,46.83679079470476]}},{"type":"Feature","properties":{"name":"Node","marker-size":"small","marker-color":"#666666"},"geometry":{"type":"Point","coordinates":[17.00007537796508,46.45513638213801]}},{"type":"Feature","properties":{"name":"Node","marker-size":"small","marker-color":"#666666"},"geometry":{"type":"Point","coordinates":[17.38910671639437,46.40650452928306]}},{"type":"Feature","properties":{"name":"Node","marker-size":"small","marker-color":"#666666"},"geometry":{"type":"Point","coordinates":[17.297209718651807,46.691493799538186]}},{"type":"Feature","properties":{"name":"Node","marker-size":"small","marker-color":"#666666"},"geometry":{"type":"Point","coordinates":[18.50971022649446,47.612035699980694]}},{"type":"Feature","properties":{"name":"Node","marker-size":"small","marker-color":"#666666"},"geometry":{"type":"Point","coordinates":[18.1408726708764,47.50031433895106]}},{"type":"Feature","properties":{"name":"Node","marker-size":"small","marker-color":"#666666"},"geometry":{"type":"Point","coordinates":[17.916521876007796,47.42983898960549]}},{"type":"Feature","properties":{"name":"Node","marker-size":"small","marker-color":"#666666"},"geometry":{"type":"Point","coordinates":[18.84006542732605,46.618373702241335]}},{"type":"Feature","properties":{"name":"Node","marker-size":"small","marker-color":"#666666"},"geometry":{"type":"Point","coordinates":[17.435433956103566,47.10646276033315]}},{"type":"Feature","properties":{"name":"Node","marker-size":"small","marker-color":"#666666"},"geometry":{"type":"Point","coordinates":[19.30416234032582,47.667954425318094]}},{"type":"Feature","properties":{"name":"Node","marker-size":"small","marker-color":"#666666"},"geometry":{"type":"Point","coordinates":[19.07307165451605,47.51539974662009]}},{"type":"Feature","properties":{"name":"Node","marker-size":"small","marker-color":"#666666"},"geometry":{"type":"Point","coordinates":[17.456336483437422,47.32555388299288]}},{"type":"Feature","properties":{"name":"Node","marker-size":"small","marker-color":"#666666"},"geometry":{"type":"Point","coordinates":[17.48361740335297,47.316770436662225]}},{"type":"Feature","properties":{"name":"Node","marker-size":"small","marker-color":"#666666"},"geometry":{"type":"Point","coordinates":[19.73657753258081,46.493720467517065]}},{"type":"Feature","properties":{"name":"Node","marker-size":"small","marker-color":"#666666"},"geometry":{"type":"Point","coordinates":[20.629508202533682,46.99990583392812]}},{"type":"Feature","properties":{"name":"Node","marker-size":"small","marker-color":"#666666"},"geometry":{"type":"Point","coordinates":[17.89999995829514,46.83211136546862]}},{"type":"Feature","properties":{"name":"Node","marker-size":"small","marker-color":"#666666"},"geometry":{"type":"Point","coordinates":[20.669794094484217,46.55820284415483]}},{"type":"Feature","properties":{"name":"Node","marker-size":"small","marker-color":"#666666"},"geometry":{"type":"Point","coordinates":[17.317090429269584,46.71329455754563]}},{"type":"Feature","properties":{"name":"Node","marker-size":"small","marker-color":"#666666"},"geometry":{"type":"Point","coordinates":[19.19884287087179,47.40417205566415]}},{"type":"Feature","properties":{"name":"Node","marker-size":"small","marker-color":"#666666"},"geometry":{"type":"Point","coordinates":[18.267372852988714,46.18918282741321]}},{"type":"Feature","properties":{"name":"Node","marker-size":"small","marker-color":"#666666"},"geometry":{"type":"Point","coordinates":[19.573235667258906,46.86238392736954]}},{"type":"Feature","properties":{"name":"Node","marker-size":"small","marker-color":"#666666"},"geometry":{"type":"Point","coordinates":[21.391789437868567,46.74080748029834]}},{"type":"Feature","properties":{"name":"Node","marker-size":"small","marker-color":"#666666"},"geometry":{"type":"Point","coordinates":[18.983011785144235,46.255071725068326]}},{"type":"Feature","properties":{"name":"Node","marker-size":"small","marker-color":"#666666"},"geometry":{"type":"Point","coordinates":[19.1013541188314,47.43825971013498]}},{"type":"Feature","properties":{"name":"Node","marker-size":"small","marker-color":"#666666"},"geometry":{"type":"Point","coordinates":[18.4224623468385,46.1538349660541]}},{"type":"Feature","properties":{"name":"Node","marker-size":"small","marker-color":"#666666"},"geometry":{"type":"Point","coordinates":[20.99346616258682,47.78801103926736]}},{"type":"Feature","properties":{"name":"Node","marker-size":"small","marker-color":"#666666"},"geometry":{"type":"Point","coordinates":[22.189857686269338,48.066908318364135]}},{"type":"Feature","properties":{"name":"Node","marker-size":"small","marker-color":"#666666"},"geometry":{"type":"Point","coordinates":[18.146898319448564,47.20137219806804]}},{"type":"Feature","properties":{"name":"Node","marker-size":"small","marker-color":"#666666"},"geometry":{"type":"Point","coordinates":[19.06776102520427,47.50472105354407]}},{"type":"Feature","properties":{"name":"Node","marker-size":"small","marker-color":"#666666"},"geometry":{"type":"Point","coordinates":[19.078201171528043,47.48199899951014]}},{"type":"Feature","properties":{"name":"Node","marker-size":"small","marker-color":"#666666"},"geometry":{"type":"Point","coordinates":[19.481152076924655,47.65099053526734]}},{"type":"Feature","properties":{"name":"Node","marker-size":"small","marker-color":"#666666"},"geometry":{"type":"Point","coordinates":[21.638950610314364,48.006366558457465]}},{"type":"Feature","properties":{"name":"Node","marker-size":"small","marker-color":"#666666"},"geometry":{"type":"Point","coordinates":[19.04928310830169,47.512965883302186]}},{"type":"Feature","properties":{"name":"Node","marker-size":"small","marker-color":"#666666"},"geometry":{"type":"Point","coordinates":[18.049663483064176,46.905166708573574]}},{"type":"Feature","properties":{"name":"Node","marker-size":"small","marker-color":"#666666"},"geometry":{"type":"Point","coordinates":[19.40584490927126,47.39508148878772]}},{"type":"Feature","properties":{"name":"Node","marker-size":"small","marker-color":"#666666"},"geometry":{"type":"Point","coordinates":[19.10582815532601,47.53378487070518]}},{"type":"Feature","properties":{"name":"Node","marker-size":"small","marker-color":"#666666"},"geometry":{"type":"Point","coordinates":[18.019221980960484,47.50595605146314]}},{"type":"Feature","properties":{"name":"Node","marker-size":"small","marker-color":"#666666"},"geometry":{"type":"Point","coordinates":[20.824554921039,46.63214216179056]}},{"type":"Feature","properties":{"name":"Node","marker-size":"small","marker-color":"#666666"},"geometry":{"type":"Point","coordinates":[20.74806313818582,47.10172226916205]}},{"type":"Feature","properties":{"name":"Node","marker-size":"small","marker-color":"#666666"},"geometry":{"type":"Point","coordinates":[20.175255043551555,47.16914793039197]}},{"type":"Feature","properties":{"name":"Node","marker-size":"small","marker-color":"#666666"},"geometry":{"type":"Point","coordinates":[19.547251926266878,47.21214148924901]}},{"type":"Feature","properties":{"name":"Node","marker-size":"small","marker-color":"#666666"},"geometry":{"type":"Point","coordinates":[19.08350677247071,47.501623857126944]}},{"type":"Feature","properties":{"name":"Node","marker-size":"small","marker-color":"#666666"},"geometry":{"type":"Point","coordinates":[16.833910815283055,46.828961027717355]}},{"type":"Feature","properties":{"name":"Node","marker-size":"small","marker-color":"#666666"},"geometry":{"type":"Point","coordinates":[18.214159050265962,47.605232909397905]}},{"type":"Feature","properties":{"name":"Node","marker-size":"small","marker-color":"#666666"},"geometry":{"type":"Point","coordinates":[18.262853165721317,47.698233120210055]}},{"type":"Feature","properties":{"name":"Node","marker-size":"small","marker-color":"#666666"},"geometry":{"type":"Point","coordinates":[17.106167214586197,46.727873404954714]}},{"type":"Feature","properties":{"name":"Node","marker-size":"small","marker-color":"#666666"},"geometry":{"type":"Point","coordinates":[18.565497254139153,46.41159514466136]}},{"type":"Feature","properties":{"name":"Node","marker-size":"small","marker-color":"#666666"},"geometry":{"type":"Point","coordinates":[18.631637142362727,46.85629814410852]}},{"type":"Feature","properties":{"name":"Node","marker-size":"small","marker-color":"#666666"},"geometry":{"type":"Point","coordinates":[17.152675617355836,47.249307440665696]}},{"type":"Feature","properties":{"name":"Node","marker-size":"small","marker-color":"#666666"},"geometry":{"type":"Point","coordinates":[18.86536441042203,47.38226818430998]}},{"type":"Feature","properties":{"name":"Node","marker-size":"small","marker-color":"#666666"},"geometry":{"type":"Point","coordinates":[18.538260299456965,46.29909105448138]}},{"type":"Feature","properties":{"name":"Node","marker-size":"small","marker-color":"#666666"},"geometry":{"type":"Point","coordinates":[22.3825685451945,47.938422828336755]}},{"type":"Feature","properties":{"name":"Node","marker-size":"small","marker-color":"#666666"},"geometry":{"type":"Point","coordinates":[22.45759655248455,47.97107041013629]}},{"type":"Feature","properties":{"name":"Node","marker-size":"small","marker-color":"#666666"},"geometry":{"type":"Point","coordinates":[22.51540753305925,47.985897132825336]}},{"type":"Feature","properties":{"name":"Node","marker-size":"small","marker-color":"#666666"},"geometry":{"type":"Point","coordinates":[22.622009711490975,48.08501164510559]}},{"type":"Feature","properties":{"name":"Node","marker-size":"small","marker-color":"#666666"},"geometry":{"type":"Point","coordinates":[20.814203983544047,47.9339656552474]}},{"type":"Feature","properties":{"name":"Node","marker-size":"small","marker-color":"#666666"},"geometry":{"type":"Point","coordinates":[20.85781034472698,48.11074109637881]}},{"type":"Feature","properties":{"name":"Node","marker-size":"small","marker-color":"#666666"},"geometry":{"type":"Point","coordinates":[20.708424342543697,48.21227599201848]}},{"type":"Feature","properties":{"name":"Node","marker-size":"small","marker-color":"#666666"},"geometry":{"type":"Point","coordinates":[20.832626670627484,48.180934933016886]}},{"type":"Feature","properties":{"name":"Node","marker-size":"small","marker-color":"#666666"},"geometry":{"type":"Point","coordinates":[20.861913313431312,48.13025694502769]}},{"type":"Feature","properties":{"name":"Node","marker-size":"small","marker-color":"#666666"},"geometry":{"type":"Point","coordinates":[20.742253693207655,47.9647822483542]}},{"type":"Feature","properties":{"name":"Node","marker-size":"small","marker-color":"#666666"},"geometry":{"type":"Point","coordinates":[20.96556515718118,48.10315298490586]}},{"type":"Feature","properties":{"name":"Node","marker-size":"small","marker-color":"#666666"},"geometry":{"type":"Point","coordinates":[20.823841676668206,48.01486389912401]}},{"type":"Feature","properties":{"name":"Node","marker-size":"small","marker-color":"#666666"},"geometry":{"type":"Point","coordinates":[18.209536637070798,47.37179152381541]}},{"type":"Feature","properties":{"name":"Node","marker-size":"small","marker-color":"#666666"},"geometry":{"type":"Point","coordinates":[17.80148259590108,47.390153830972245]}},{"type":"Feature","properties":{"name":"Node","marker-size":"small","marker-color":"#666666"},"geometry":{"type":"Point","coordinates":[17.99354464586103,47.31839436653884]}},{"type":"Feature","properties":{"name":"Node","marker-size":"small","marker-color":"#666666"},"geometry":{"type":"Point","coordinates":[17.909039284113803,47.2422097242252]}},{"type":"Feature","properties":{"name":"Node","marker-size":"small","marker-color":"#666666"},"geometry":{"type":"Point","coordinates":[20.13873876223177,46.268203596317534]}},{"type":"Feature","properties":{"name":"Node","marker-size":"small","marker-color":"#666666"},"geometry":{"type":"Point","coordinates":[21.738669470740245,47.97181039867966]}},{"type":"Feature","properties":{"name":"Node","marker-size":"small","marker-color":"#666666"},"geometry":{"type":"Point","coordinates":[19.66615209449891,46.93308524643163]}},{"type":"Feature","properties":{"name":"Node","marker-size":"small","marker-color":"#666666"},"geometry":{"type":"Point","coordinates":[18.937359053027073,47.376166951670776]}},{"type":"Feature","properties":{"name":"Node","marker-size":"small","marker-color":"#666666"},"geometry":{"type":"Point","coordinates":[18.40433541994936,47.19004934437762]}},{"type":"Feature","properties":{"name":"Node","marker-size":"small","marker-color":"#666666"},"geometry":{"type":"Point","coordinates":[16.554440631899496,47.37974323626978]}},{"type":"Feature","properties":{"name":"Node","marker-size":"small","marker-color":"#666666"},"geometry":{"type":"Point","coordinates":[16.612261086111367,47.66972030008065]}},{"type":"Feature","properties":{"name":"Node","marker-size":"small","marker-color":"#666666"},"geometry":{"type":"Point","coordinates":[17.904438290178156,46.86085010115257]}},{"type":"Feature","properties":{"name":"Node","marker-size":"small","marker-color":"#666666"},"geometry":{"type":"Point","coordinates":[16.98447633942124,46.47249789343825]}},{"type":"Feature","properties":{"name":"Node","marker-size":"small","marker-color":"#666666"},"geometry":{"type":"Point","coordinates":[19.14604561313315,47.75560123590008]}},{"type":"Feature","properties":{"name":"Node","marker-size":"small","marker-color":"#666666"},"geometry":{"type":"Point","coordinates":[21.609703019423538,47.531133919992584]}},{"type":"Feature","properties":{"name":"Node","marker-size":"small","marker-color":"#666666"},"geometry":{"type":"Point","coordinates":[21.62941291712619,47.50259788700075]}},{"type":"Feature","properties":{"name":"Node","marker-size":"small","marker-color":"#666666"},"geometry":{"type":"Point","coordinates":[20.317012616908247,47.2160736347015]}},{"type":"Feature","properties":{"name":"Node","marker-size":"small","marker-color":"#666666"},"geometry":{"type":"Point","coordinates":[20.50400167075672,48.23176174823049]}},{"type":"Feature","properties":{"name":"Node","marker-size":"small","marker-color":"#666666"},"geometry":{"type":"Point","coordinates":[20.902132406433825,48.042812586626454]}},{"type":"Feature","properties":{"name":"Node","marker-size":"small","marker-color":"#666666"},"geometry":{"type":"Point","coordinates":[19.822148962034312,48.11329637443298]}},{"type":"Feature","properties":{"name":"Node","marker-size":"small","marker-color":"#666666"},"geometry":{"type":"Point","coordinates":[19.832523027267623,48.00717033728497]}},{"type":"Feature","properties":{"name":"Node","marker-size":"small","marker-color":"#666666"},"geometry":{"type":"Point","coordinates":[21.664784394466942,47.391990793950654]}},{"type":"Feature","properties":{"name":"Node","marker-size":"small","marker-color":"#666666"},"geometry":{"type":"Point","coordinates":[19.177825382761437,47.8020123504932]}},{"type":"Feature","properties":{"name":"Node","marker-size":"small","marker-color":"#666666"},"geometry":{"type":"Point","coordinates":[19.220144506035016,47.79451146413751]}},{"type":"Feature","properties":{"name":"Node","marker-size":"small","marker-color":"#666666"},"geometry":{"type":"Point","coordinates":[21.924052035330003,47.859388852621315]}},{"type":"Feature","properties":{"name":"Node","marker-size":"small","marker-color":"#666666"},"geometry":{"type":"Point","coordinates":[21.869639034800766,47.945269775483396]}},{"type":"Feature","properties":{"name":"Node","marker-size":"small","marker-color":"#666666"},"geometry":{"type":"Point","coordinates":[20.621955752827784,46.41422622301451]}},{"type":"Feature","properties":{"name":"Node","marker-size":"small","marker-color":"#666666"},"geometry":{"type":"Point","coordinates":[19.230017481890453,47.29962849930654]}},{"type":"Feature","properties":{"name":"Node","marker-size":"small","marker-color":"#666666"},"geometry":{"type":"Point","coordinates":[19.93610963492551,47.7824279500516]}},{"type":"Feature","properties":{"name":"Node","marker-size":"small","marker-color":"#666666"},"geometry":{"type":"Point","coordinates":[21.38365432550639,46.746053086889404]}},{"type":"Feature","properties":{"name":"Node","marker-size":"small","marker-color":"#666666"},"geometry":{"type":"Point","coordinates":[21.26403611840846,46.92519390519017]}},{"type":"Feature","properties":{"name":"Node","marker-size":"small","marker-color":"#666666"},"geometry":{"type":"Point","coordinates":[20.811032822512217,46.93345425906001]}},{"type":"Feature","properties":{"name":"Node","marker-size":"small","marker-color":"#666666"},"geometry":{"type":"Point","coordinates":[20.625877792624955,47.009623647282226]}},{"type":"Feature","properties":{"name":"Node","marker-size":"small","marker-color":"#666666"},"geometry":{"type":"Point","coordinates":[19.153437344709236,47.479493846719464]}},{"type":"Feature","properties":{"name":"Node","marker-size":"small","marker-color":"#666666"},"geometry":{"type":"Point","coordinates":[17.288881937846757,47.96708459541652]}},{"type":"Feature","properties":{"name":"Node","marker-size":"small","marker-color":"#666666"},"geometry":{"type":"Point","coordinates":[20.096299545191815,46.937577574603026]}},{"type":"Feature","properties":{"name":"Node","marker-size":"small","marker-color":"#666666"},"geometry":{"type":"Point","coordinates":[20.145337653799192,46.71099296638755]}},{"type":"Feature","properties":{"name":"Node","marker-size":"small","marker-color":"#666666"},"geometry":{"type":"Point","coordinates":[18.994248535530424,47.39564302085182]}},{"type":"Feature","properties":{"name":"Node","marker-size":"small","marker-color":"#666666"},"geometry":{"type":"Point","coordinates":[20.781920594023653,48.126688463343065]}},{"type":"Feature","properties":{"name":"Node","marker-size":"small","marker-color":"#666666"},"geometry":{"type":"Point","coordinates":[18.183625130676457,46.69404149646359]}},{"type":"Feature","properties":{"name":"Node","marker-size":"small","marker-color":"#666666"},"geometry":{"type":"Point","coordinates":[21.90390123341977,47.68999332718801]}},{"type":"Feature","properties":{"name":"Node","marker-size":"small","marker-color":"#666666"},"geometry":{"type":"Point","coordinates":[19.72241348525178,46.911384586447475]}},{"type":"Feature","properties":{"name":"Node","marker-size":"small","marker-color":"#666666"},"geometry":{"type":"Point","coordinates":[20.2676391951954,46.64189907899233]}},{"type":"Feature","properties":{"name":"Node","marker-size":"small","marker-color":"#666666"},"geometry":{"type":"Point","coordinates":[20.490479828356865,46.58215675136805]}},{"type":"Feature","properties":{"name":"Node","marker-size":"small","marker-color":"#666666"},"geometry":{"type":"Point","coordinates":[20.233787197534078,46.47226272957731]}},{"type":"Feature","properties":{"name":"Node","marker-size":"small","marker-color":"#666666"},"geometry":{"type":"Point","coordinates":[17.2476917,47.6911821]}},{"type":"Feature","properties":{"name":"Node","marker-size":"small","marker-color":"#666666"},"geometry":{"type":"Point","coordinates":[20.343621459235184,46.26737353234874]}},{"type":"Feature","properties":{"name":"Node","marker-size":"small","marker-color":"#666666"},"geometry":{"type":"Point","coordinates":[18.919767008893785,46.52745167878404]}},{"type":"Feature","properties":{"name":"Node","marker-size":"small","marker-color":"#666666"},"geometry":{"type":"Point","coordinates":[20.358521684886952,46.58239392399393]}},{"type":"Feature","properties":{"name":"Node","marker-size":"small","marker-color":"#666666"},"geometry":{"type":"Point","coordinates":[20.723483742604802,46.24362787498674]}},{"type":"Feature","properties":{"name":"Node","marker-size":"small","marker-color":"#666666"},"geometry":{"type":"Point","coordinates":[18.72477984900782,46.19129948841605]}},{"type":"Feature","properties":{"name":"Node","marker-size":"small","marker-color":"#666666"},"geometry":{"type":"Point","coordinates":[18.757062312564766,46.287373060665374]}},{"type":"Feature","properties":{"name":"Node","marker-size":"small","marker-color":"#666666"},"geometry":{"type":"Point","coordinates":[18.757845411061776,46.31321225910212]}},{"type":"Feature","properties":{"name":"Node","marker-size":"small","marker-color":"#666666"},"geometry":{"type":"Point","coordinates":[20.623961842441368,48.259932546305905]}},{"type":"Feature","properties":{"name":"Node","marker-size":"small","marker-color":"#666666"},"geometry":{"type":"Point","coordinates":[21.8485036878524,47.87633121110232]}},{"type":"Feature","properties":{"name":"Node","marker-size":"small","marker-color":"#666666"},"geometry":{"type":"Point","coordinates":[20.468697574081418,46.2115956648977]}},{"type":"Feature","properties":{"name":"Node","marker-size":"small","marker-color":"#666666"},"geometry":{"type":"Point","coordinates":[20.674123755934264,46.564756204849786]}},{"type":"Feature","properties":{"name":"Node","marker-size":"small","marker-color":"#666666"},"geometry":{"type":"Point","coordinates":[21.03514078273507,46.28676095402034]}},{"type":"Feature","properties":{"name":"Node","marker-size":"small","marker-color":"#666666"},"geometry":{"type":"Point","coordinates":[21.257286663777602,46.64313702653882]}},{"type":"Feature","properties":{"name":"Node","marker-size":"small","marker-color":"#666666"},"geometry":{"type":"Point","coordinates":[21.02878811279581,46.49628692650909]}},{"type":"Feature","properties":{"name":"Node","marker-size":"small","marker-color":"#666666"},"geometry":{"type":"Point","coordinates":[20.551606619273546,46.86296887594271]}},{"type":"Feature","properties":{"name":"Node","marker-size":"small","marker-color":"#666666"},"geometry":{"type":"Point","coordinates":[20.93044278133506,47.319302025556105]}},{"type":"Feature","properties":{"name":"Node","marker-size":"small","marker-color":"#666666"},"geometry":{"type":"Point","coordinates":[21.251081604148585,46.525438209533064]}},{"type":"Feature","properties":{"name":"Node","marker-size":"small","marker-color":"#666666"},"geometry":{"type":"Point","coordinates":[16.61852647793756,47.0904319352666]}},{"type":"Feature","properties":{"name":"Node","marker-size":"small","marker-color":"#666666"},"geometry":{"type":"Point","coordinates":[21.072172447547196,46.6824735583649]}},{"type":"Feature","properties":{"name":"Node","marker-size":"small","marker-color":"#666666"},"geometry":{"type":"Point","coordinates":[18.40742027634557,47.184469476735174]}},{"type":"Feature","properties":{"name":"Node","marker-size":"small","marker-color":"#666666"},"geometry":{"type":"Point","coordinates":[21.51128415299525,47.66896426892242]}},{"type":"Feature","properties":{"name":"Node","marker-size":"small","marker-color":"#666666"},"geometry":{"type":"Point","coordinates":[18.051454147929526,46.905006833579904]}},{"type":"Feature","properties":{"name":"Node","marker-size":"small","marker-color":"#666666"},"geometry":{"type":"Point","coordinates":[18.915772146804095,47.50012777296233]}},{"type":"Feature","properties":{"name":"Node","marker-size":"small","marker-color":"#666666"},"geometry":{"type":"Point","coordinates":[19.32279693559255,47.188298562351896]}},{"type":"Feature","properties":{"name":"Node","marker-size":"small","marker-color":"#666666"},"geometry":{"type":"Point","coordinates":[19.578626,47.485862]}},{"type":"Feature","properties":{"name":"Node","marker-size":"small","marker-color":"#666666"},"geometry":{"type":"Point","coordinates":[17.87714644389568,46.94801337821568]}},{"type":"Feature","properties":{"name":"Node","marker-size":"small","marker-color":"#666666"},"geometry":{"type":"Point","coordinates":[18.9229379484097,47.51582279588925]}},{"type":"Feature","properties":{"name":"Node","marker-size":"small","marker-color":"#666666"},"geometry":{"type":"Point","coordinates":[16.877562184160535,46.360029549949154]}},{"type":"Feature","properties":{"name":"Node","marker-size":"small","marker-color":"#666666"},"geometry":{"type":"Point","coordinates":[16.79328604099597,46.86904028188619]}},{"type":"Feature","properties":{"name":"Node","marker-size":"small","marker-color":"#666666"},"geometry":{"type":"Point","coordinates":[19.074420756273227,47.48617133010167]}},{"type":"Feature","properties":{"name":"Node","marker-size":"small","marker-color":"#666666"},"geometry":{"type":"Point","coordinates":[20.10779692949105,46.55136662268081]}},{"type":"Feature","properties":{"name":"Node","marker-size":"small","marker-color":"#666666"},"geometry":{"type":"Point","coordinates":[20.577122156976436,46.17464112314279]}},{"type":"Feature","properties":{"name":"Node","marker-size":"small","marker-color":"#666666"},"geometry":{"type":"Point","coordinates":[19.784310038156644,46.201236826853005]}},{"type":"Feature","properties":{"name":"Node","marker-size":"small","marker-color":"#666666"},"geometry":{"type":"Point","coordinates":[20.181527369535715,46.242613087684205]}},{"type":"Feature","properties":{"name":"Node","marker-size":"small","marker-color":"#666666"},"geometry":{"type":"Point","coordinates":[20.097887634554798,46.362533732601975]}},{"type":"Feature","properties":{"name":"Node","marker-size":"small","marker-color":"#666666"},"geometry":{"type":"Point","coordinates":[20.931626327662013,48.19744705022087]}},{"type":"Feature","properties":{"name":"Node","marker-size":"small","marker-color":"#666666"},"geometry":{"type":"Point","coordinates":[20.5806664030151,48.28451869189904]}},{"type":"Feature","properties":{"name":"Node","marker-size":"small","marker-color":"#666666"},"geometry":{"type":"Point","coordinates":[20.839287331750224,48.040486715361155]}},{"type":"Feature","properties":{"name":"Node","marker-size":"small","marker-color":"#666666"},"geometry":{"type":"Point","coordinates":[20.79733414237275,48.15124373927603]}},{"type":"Feature","properties":{"name":"Node","marker-size":"small","marker-color":"#666666"},"geometry":{"type":"Point","coordinates":[20.95125276866792,48.00262738223453]}},{"type":"Feature","properties":{"name":"Node","marker-size":"small","marker-color":"#666666"},"geometry":{"type":"Point","coordinates":[20.14123322840606,47.097964084187765]}},{"type":"Feature","properties":{"name":"Node","marker-size":"small","marker-color":"#666666"},"geometry":{"type":"Point","coordinates":[19.446647144030553,47.350691893572076]}},{"type":"Feature","properties":{"name":"Node","marker-size":"small","marker-color":"#666666"},"geometry":{"type":"Point","coordinates":[19.39337347525474,47.42248673304872]}},{"type":"Feature","properties":{"name":"Node","marker-size":"small","marker-color":"#666666"},"geometry":{"type":"Point","coordinates":[21.6181780897566,47.53840765633278]}},{"type":"Feature","properties":{"name":"Node","marker-size":"small","marker-color":"#666666"},"geometry":{"type":"Point","coordinates":[21.63733716071448,47.53727235531937]}},{"type":"Feature","properties":{"name":"Node","marker-size":"small","marker-color":"#666666"},"geometry":{"type":"Point","coordinates":[21.60430155115606,47.52304514101641]}},{"type":"Feature","properties":{"name":"Node","marker-size":"small","marker-color":"#666666"},"geometry":{"type":"Point","coordinates":[21.62179853736848,47.53501135984405]}},{"type":"Feature","properties":{"name":"Node","marker-size":"small","marker-color":"#666666"},"geometry":{"type":"Point","coordinates":[21.602559010134257,47.52697655409603]}},{"type":"Feature","properties":{"name":"Node","marker-size":"small","marker-color":"#666666"},"geometry":{"type":"Point","coordinates":[20.12636501196259,47.266269180808685]}},{"type":"Feature","properties":{"name":"Node","marker-size":"small","marker-color":"#666666"},"geometry":{"type":"Point","coordinates":[19.78168371046006,46.20051745738835]}},{"type":"Feature","properties":{"name":"Node","marker-size":"small","marker-color":"#666666"},"geometry":{"type":"Point","coordinates":[22.1885877993955,48.06747170572843]}},{"type":"Feature","properties":{"name":"Node","marker-size":"small","marker-color":"#666666"},"geometry":{"type":"Point","coordinates":[18.830866204064716,46.832596058212346]}},{"type":"Feature","properties":{"name":"Node","marker-size":"small","marker-color":"#666666"},"geometry":{"type":"Point","coordinates":[17.607429579644283,47.35988429973706]}},{"type":"Feature","properties":{"name":"Node","marker-size":"small","marker-color":"#666666"},"geometry":{"type":"Point","coordinates":[17.864709314541553,47.206335186466035]}},{"type":"Feature","properties":{"name":"Node","marker-size":"small","marker-color":"#666666"},"geometry":{"type":"Point","coordinates":[20.17086790451766,47.582008948187]}},{"type":"Feature","properties":{"name":"Node","marker-size":"small","marker-color":"#666666"},"geometry":{"type":"Point","coordinates":[18.137634910023166,46.38676086184764]}},{"type":"Feature","properties":{"name":"Node","marker-size":"small","marker-color":"#666666"},"geometry":{"type":"Point","coordinates":[21.431122030629773,47.85521377727561]}},{"type":"Feature","properties":{"name":"Node","marker-size":"small","marker-color":"#666666"},"geometry":{"type":"Point","coordinates":[17.902331382457408,47.274764982348074]}},{"type":"Feature","properties":{"name":"Node","marker-size":"small","marker-color":"#666666"},"geometry":{"type":"Point","coordinates":[17.884161216356645,47.36339945154178]}},{"type":"Feature","properties":{"name":"Node","marker-size":"small","marker-color":"#666666"},"geometry":{"type":"Point","coordinates":[19.019365873317792,47.49562081215711]}},{"type":"Feature","properties":{"name":"Node","marker-size":"small","marker-color":"#666666"},"geometry":{"type":"Point","coordinates":[19.031356183498957,47.50710304347423]}},{"type":"Feature","properties":{"name":"Node","marker-size":"small","marker-color":"#666666"},"geometry":{"type":"Point","coordinates":[19.03221614295076,47.49267632772666]}},{"type":"Feature","properties":{"name":"Node","marker-size":"small","marker-color":"#666666"},"geometry":{"type":"Point","coordinates":[18.994356947640206,47.51277793373143]}},{"type":"Feature","properties":{"name":"Node","marker-size":"small","marker-color":"#666666"},"geometry":{"type":"Point","coordinates":[18.582556556880135,47.10929494209936]}},{"type":"Feature","properties":{"name":"Node","marker-size":"small","marker-color":"#666666"},"geometry":{"type":"Point","coordinates":[21.904597098874014,47.52428079342268]}},{"type":"Feature","properties":{"name":"Node","marker-size":"small","marker-color":"#666666"},"geometry":{"type":"Point","coordinates":[17.360754325441476,47.63035969899383]}},{"type":"Feature","properties":{"name":"Node","marker-size":"small","marker-color":"#666666"},"geometry":{"type":"Point","coordinates":[18.668367809664748,47.22406526118207]}},{"type":"Feature","properties":{"name":"Node","marker-size":"small","marker-color":"#666666"},"geometry":{"type":"Point","coordinates":[19.667495914776897,47.51227439368402]}},{"type":"Feature","properties":{"name":"Node","marker-size":"small","marker-color":"#666666"},"geometry":{"type":"Point","coordinates":[19.02382512782436,47.52533508064996]}},{"type":"Feature","properties":{"name":"Node","marker-size":"small","marker-color":"#666666"},"geometry":{"type":"Point","coordinates":[17.39507729259246,46.64393719176714]}},{"type":"Feature","properties":{"name":"Node","marker-size":"small","marker-color":"#666666"},"geometry":{"type":"Point","coordinates":[16.603872615537423,47.01075844728586]}},{"type":"Feature","properties":{"name":"Node","marker-size":"small","marker-color":"#666666"},"geometry":{"type":"Point","coordinates":[19.13728977956451,47.927103353438085]}},{"type":"Feature","properties":{"name":"Node","marker-size":"small","marker-color":"#666666"},"geometry":{"type":"Point","coordinates":[19.234137500431835,47.49655152611003]}},{"type":"Feature","properties":{"name":"Node","marker-size":"small","marker-color":"#666666"},"geometry":{"type":"Point","coordinates":[18.90392004234524,46.49340011860772]}},{"type":"Feature","properties":{"name":"Node","marker-size":"small","marker-color":"#666666"},"geometry":{"type":"Point","coordinates":[18.655692564027696,46.62106812104657]}},{"type":"Feature","properties":{"name":"Node","marker-size":"small","marker-color":"#666666"},"geometry":{"type":"Point","coordinates":[18.71165205851669,46.528683179286354]}},{"type":"Feature","properties":{"name":"Node","marker-size":"small","marker-color":"#666666"},"geometry":{"type":"Point","coordinates":[19.349942625879624,46.80762013435188]}},{"type":"Feature","properties":{"name":"Node","marker-size":"small","marker-color":"#666666"},"geometry":{"type":"Point","coordinates":[20.0527648194239,47.59539070323014]}},{"type":"Feature","properties":{"name":"Node","marker-size":"small","marker-color":"#666666"},"geometry":{"type":"Point","coordinates":[21.797770452746494,47.28683014986993]}},{"type":"Feature","properties":{"name":"Node","marker-size":"small","marker-color":"#666666"},"geometry":{"type":"Point","coordinates":[19.02034046367414,47.49493737280987]}},{"type":"Feature","properties":{"name":"Node","marker-size":"small","marker-color":"#666666"},"geometry":{"type":"Point","coordinates":[19.70092134366619,47.76601118010052]}},{"type":"Feature","properties":{"name":"Node","marker-size":"small","marker-color":"#666666"},"geometry":{"type":"Point","coordinates":[21.616698883705993,47.5408910259217]}},{"type":"Feature","properties":{"name":"Node","marker-size":"small","marker-color":"#666666"},"geometry":{"type":"Point","coordinates":[19.787921662193824,47.691450817302176]}},{"type":"Feature","properties":{"name":"Node","marker-size":"small","marker-color":"#666666"},"geometry":{"type":"Point","coordinates":[20.910420479710197,48.11784359772775]}},{"type":"Feature","properties":{"name":"Node","marker-size":"small","marker-color":"#666666"},"geometry":{"type":"Point","coordinates":[21.23767030394677,48.030822554222176]}},{"type":"Feature","properties":{"name":"Node","marker-size":"small","marker-color":"#666666"},"geometry":{"type":"Point","coordinates":[19.067424758262213,47.52020352788745]}},{"type":"Feature","properties":{"name":"Node","marker-size":"small","marker-color":"#666666"},"geometry":{"type":"Point","coordinates":[18.035176367831937,47.31720141606885]}},{"type":"Feature","properties":{"name":"Node","marker-size":"small","marker-color":"#666666"},"geometry":{"type":"Point","coordinates":[17.830460622799958,47.42932840135307]}},{"type":"Feature","properties":{"name":"Node","marker-size":"small","marker-color":"#666666"},"geometry":{"type":"Point","coordinates":[16.847110224832832,46.83275131790051]}},{"type":"Feature","properties":{"name":"Node","marker-size":"small","marker-color":"#666666"},"geometry":{"type":"Point","coordinates":[18.76935610233921,46.41954059606248]}},{"type":"Feature","properties":{"name":"Node","marker-size":"small","marker-color":"#666666"},"geometry":{"type":"Point","coordinates":[18.819765133635457,46.52672449733764]}},{"type":"Feature","properties":{"name":"Node","marker-size":"small","marker-color":"#666666"},"geometry":{"type":"Point","coordinates":[18.6842720162212,46.473534920135734]}},{"type":"Feature","properties":{"name":"Node","marker-size":"small","marker-color":"#666666"},"geometry":{"type":"Point","coordinates":[18.82656548350741,46.46487832898572]}},{"type":"Feature","properties":{"name":"Node","marker-size":"small","marker-color":"#666666"},"geometry":{"type":"Point","coordinates":[20.066833662019558,46.495489591163825]}},{"type":"Feature","properties":{"name":"Node","marker-size":"small","marker-color":"#666666"},"geometry":{"type":"Point","coordinates":[18.550019978944565,46.75381932558782]}},{"type":"Feature","properties":{"name":"Node","marker-size":"small","marker-color":"#666666"},"geometry":{"type":"Point","coordinates":[16.898984382937545,46.43341778746546]}},{"type":"Feature","properties":{"name":"Node","marker-size":"small","marker-color":"#666666"},"geometry":{"type":"Point","coordinates":[19.152032853235973,47.22370131870605]}},{"type":"Feature","properties":{"name":"Node","marker-size":"small","marker-color":"#666666"},"geometry":{"type":"Point","coordinates":[21.63630949857069,47.52649183148969]}},{"type":"Feature","properties":{"name":"Node","marker-size":"small","marker-color":"#666666"},"geometry":{"type":"Point","coordinates":[22.02507940207181,47.875770183353524]}},{"type":"Feature","properties":{"name":"Node","marker-size":"small","marker-color":"#666666"},"geometry":{"type":"Point","coordinates":[18.825338677966684,46.384313901184115]}},{"type":"Feature","properties":{"name":"Node","marker-size":"small","marker-color":"#666666"},"geometry":{"type":"Point","coordinates":[20.84747256888067,47.998358098758665]}},{"type":"Feature","properties":{"name":"Node","marker-size":"small","marker-color":"#666666"},"geometry":{"type":"Point","coordinates":[19.69744668537699,47.92009065792556]}},{"type":"Feature","properties":{"name":"Node","marker-size":"small","marker-color":"#666666"},"geometry":{"type":"Point","coordinates":[21.600622833287336,47.55534354636671]}},{"type":"Feature","properties":{"name":"Node","marker-size":"small","marker-color":"#666666"},"geometry":{"type":"Point","coordinates":[19.503705948575504,47.308302567878734]}},{"type":"Feature","properties":{"name":"Node","marker-size":"small","marker-color":"#666666"},"geometry":{"type":"Point","coordinates":[17.055241096832447,46.48785933935538]}},{"type":"Feature","properties":{"name":"Node","marker-size":"small","marker-color":"#666666"},"geometry":{"type":"Point","coordinates":[16.76941056160069,47.374967610467735]}},{"type":"Feature","properties":{"name":"Node","marker-size":"small","marker-color":"#666666"},"geometry":{"type":"Point","coordinates":[16.59355395436551,47.2888333561506]}},{"type":"Feature","properties":{"name":"Node","marker-size":"small","marker-color":"#666666"},"geometry":{"type":"Point","coordinates":[16.70568794507335,47.402791375679094]}},{"type":"Feature","properties":{"name":"Node","marker-size":"small","marker-color":"#666666"},"geometry":{"type":"Point","coordinates":[21.18557852315193,46.541277097015325]}},{"type":"Feature","properties":{"name":"Node","marker-size":"small","marker-color":"#666666"},"geometry":{"type":"Point","coordinates":[17.82855489512619,47.73299224563284]}},{"type":"Feature","properties":{"name":"Node","marker-size":"small","marker-color":"#666666"},"geometry":{"type":"Point","coordinates":[22.221773035974014,48.05627085024346]}},{"type":"Feature","properties":{"name":"Node","marker-size":"small","marker-color":"#666666"},"geometry":{"type":"Point","coordinates":[21.511078832989995,47.66986329454139]}},{"type":"Feature","properties":{"name":"Node","marker-size":"small","marker-color":"#666666"},"geometry":{"type":"Point","coordinates":[21.71276404885464,48.12979232416067]}},{"type":"Feature","properties":{"name":"Node","marker-size":"small","marker-color":"#666666"},"geometry":{"type":"Point","coordinates":[21.062653144178356,48.03646537056795]}},{"type":"Feature","properties":{"name":"Node","marker-size":"small","marker-color":"#666666"},"geometry":{"type":"Point","coordinates":[19.187238856909822,46.1972189521942]}},{"type":"Feature","properties":{"name":"Node","marker-size":"small","marker-color":"#666666"},"geometry":{"type":"Point","coordinates":[19.37857000713907,46.21367968326599]}},{"type":"Feature","properties":{"name":"Node","marker-size":"small","marker-color":"#666666"},"geometry":{"type":"Point","coordinates":[19.366802170503135,47.77554126725887]}},{"type":"Feature","properties":{"name":"Node","marker-size":"small","marker-color":"#666666"},"geometry":{"type":"Point","coordinates":[18.373307875394882,46.01487709732938]}},{"type":"Feature","properties":{"name":"Node","marker-size":"small","marker-color":"#666666"},"geometry":{"type":"Point","coordinates":[19.008981601056878,47.194702115381425]}},{"type":"Feature","properties":{"name":"Node","marker-size":"small","marker-color":"#666666"},"geometry":{"type":"Point","coordinates":[22.826958154440803,48.092084012573885]}},{"type":"Feature","properties":{"name":"Node","marker-size":"small","marker-color":"#666666"},"geometry":{"type":"Point","coordinates":[19.98059082859755,46.4689914911346]}},{"type":"Feature","properties":{"name":"Node","marker-size":"small","marker-color":"#666666"},"geometry":{"type":"Point","coordinates":[21.027121304404922,46.595751105654514]}},{"type":"Feature","properties":{"name":"Node","marker-size":"small","marker-color":"#666666"},"geometry":{"type":"Point","coordinates":[20.283879738359545,46.839899461109866]}},{"type":"Feature","properties":{"name":"Node","marker-size":"small","marker-color":"#666666"},"geometry":{"type":"Point","coordinates":[20.456500326622734,47.44597373419586]}},{"type":"Feature","properties":{"name":"Node","marker-size":"small","marker-color":"#666666"},"geometry":{"type":"Point","coordinates":[19.6331757125722,47.7070646583705]}},{"type":"Feature","properties":{"name":"Node","marker-size":"small","marker-color":"#666666"},"geometry":{"type":"Point","coordinates":[19.674197823739426,47.7626289933509]}},{"type":"Feature","properties":{"name":"Node","marker-size":"small","marker-color":"#666666"},"geometry":{"type":"Point","coordinates":[19.667510119922305,47.77426622078089]}},{"type":"Feature","properties":{"name":"Node","marker-size":"small","marker-color":"#666666"},"geometry":{"type":"Point","coordinates":[19.739250523219322,47.789297470131096]}},{"type":"Feature","properties":{"name":"Node","marker-size":"small","marker-color":"#666666"},"geometry":{"type":"Point","coordinates":[19.67889796769995,47.82988913153489]}},{"type":"Feature","properties":{"name":"Node","marker-size":"small","marker-color":"#666666"},"geometry":{"type":"Point","coordinates":[19.76556733445476,47.73087576142073]}},{"type":"Feature","properties":{"name":"Node","marker-size":"small","marker-color":"#666666"},"geometry":{"type":"Point","coordinates":[19.8441372298682,47.76754672105793]}},{"type":"Feature","properties":{"name":"Node","marker-size":"small","marker-color":"#666666"},"geometry":{"type":"Point","coordinates":[18.676687857662618,47.239992617276236]}},{"type":"Feature","properties":{"name":"Node","marker-size":"small","marker-color":"#666666"},"geometry":{"type":"Point","coordinates":[19.070519551843574,47.49062056720384]}},{"type":"Feature","properties":{"name":"Node","marker-size":"small","marker-color":"#666666"},"geometry":{"type":"Point","coordinates":[20.314965167734258,48.22873096286163]}},{"type":"Feature","properties":{"name":"Node","marker-size":"small","marker-color":"#666666"},"geometry":{"type":"Point","coordinates":[20.878287725951854,48.072236052268515]}},{"type":"Feature","properties":{"name":"Node","marker-size":"small","marker-color":"#666666"},"geometry":{"type":"Point","coordinates":[20.72841939755157,48.40612907626536]}},{"type":"Feature","properties":{"name":"Node","marker-size":"small","marker-color":"#666666"},"geometry":{"type":"Point","coordinates":[20.255507497763663,48.17176548733461]}},{"type":"Feature","properties":{"name":"Node","marker-size":"small","marker-color":"#666666"},"geometry":{"type":"Point","coordinates":[17.52531019222863,47.6515790980512]}},{"type":"Feature","properties":{"name":"Node","marker-size":"small","marker-color":"#666666"},"geometry":{"type":"Point","coordinates":[20.174220269874787,47.17452024966785]}},{"type":"Feature","properties":{"name":"Node","marker-size":"small","marker-color":"#666666"},"geometry":{"type":"Point","coordinates":[20.161732470053035,47.176089705664396]}},{"type":"Feature","properties":{"name":"Node","marker-size":"small","marker-color":"#666666"},"geometry":{"type":"Point","coordinates":[16.64304934764389,47.63860487008184]}},{"type":"Feature","properties":{"name":"Node","marker-size":"small","marker-color":"#666666"},"geometry":{"type":"Point","coordinates":[16.989107986094428,46.60064549676705]}},{"type":"Feature","properties":{"name":"Node","marker-size":"small","marker-color":"#666666"},"geometry":{"type":"Point","coordinates":[20.58247631785385,46.172692387593735]}},{"type":"Feature","properties":{"name":"Node","marker-size":"small","marker-color":"#666666"},"geometry":{"type":"Point","coordinates":[19.987842049379204,46.82280021434222]}},{"type":"Feature","properties":{"name":"Node","marker-size":"small","marker-color":"#666666"},"geometry":{"type":"Point","coordinates":[17.202662655621296,47.60560637859761]}},{"type":"Feature","properties":{"name":"Node","marker-size":"small","marker-color":"#666666"},"geometry":{"type":"Point","coordinates":[21.02024029517534,46.28672138315866]}},{"type":"Feature","properties":{"name":"Node","marker-size":"small","marker-color":"#666666"},"geometry":{"type":"Point","coordinates":[16.69666148552028,47.19687036635535]}},{"type":"Feature","properties":{"name":"Node","marker-size":"small","marker-color":"#666666"},"geometry":{"type":"Point","coordinates":[20.21629993204544,47.46002853366912]}},{"type":"Feature","properties":{"name":"Node","marker-size":"small","marker-color":"#666666"},"geometry":{"type":"Point","coordinates":[21.60461635343211,47.51442866926563]}},{"type":"Feature","properties":{"name":"Node","marker-size":"small","marker-color":"#666666"},"geometry":{"type":"Point","coordinates":[19.079954915392054,47.49928275207839]}},{"type":"Feature","properties":{"name":"Node","marker-size":"small","marker-color":"#666666"},"geometry":{"type":"Point","coordinates":[19.047544150754742,47.618939587245656]}},{"type":"Feature","properties":{"name":"Node","marker-size":"small","marker-color":"#666666"},"geometry":{"type":"Point","coordinates":[19.05880704110819,47.617291180556265]}},{"type":"Feature","properties":{"name":"Node","marker-size":"small","marker-color":"#666666"},"geometry":{"type":"Point","coordinates":[19.10321016183987,47.51432104247687]}},{"type":"Feature","properties":{"name":"Node","marker-size":"small","marker-color":"#666666"},"geometry":{"type":"Point","coordinates":[21.88803091490578,47.38948767974462]}},{"type":"Feature","properties":{"name":"Node","marker-size":"small","marker-color":"#666666"},"geometry":{"type":"Point","coordinates":[21.898430624730416,47.377426498382775]}},{"type":"Feature","properties":{"name":"Node","marker-size":"small","marker-color":"#666666"},"geometry":{"type":"Point","coordinates":[21.8727145975114,47.391532175224064]}},{"type":"Feature","properties":{"name":"Node","marker-size":"small","marker-color":"#666666"},"geometry":{"type":"Point","coordinates":[17.49240300521398,46.570448602901386]}},{"type":"Feature","properties":{"name":"Node","marker-size":"small","marker-color":"#666666"},"geometry":{"type":"Point","coordinates":[17.402682718257118,46.59595551604969]}},{"type":"Feature","properties":{"name":"Node","marker-size":"small","marker-color":"#666666"},"geometry":{"type":"Point","coordinates":[19.584325383109352,47.77487874427792]}},{"type":"Feature","properties":{"name":"Node","marker-size":"small","marker-color":"#666666"},"geometry":{"type":"Point","coordinates":[19.077198267567848,47.48463200256027]}},{"type":"Feature","properties":{"name":"Node","marker-size":"small","marker-color":"#666666"},"geometry":{"type":"Point","coordinates":[21.561353071551927,47.59615395481931]}},{"type":"Feature","properties":{"name":"Node","marker-size":"small","marker-color":"#666666"},"geometry":{"type":"Point","coordinates":[20.886368163648932,48.07452668897376]}},{"type":"Feature","properties":{"name":"Node","marker-size":"small","marker-color":"#666666"},"geometry":{"type":"Point","coordinates":[20.16837026666441,47.364778609699215]}},{"type":"Feature","properties":{"name":"Node","marker-size":"small","marker-color":"#666666"},"geometry":{"type":"Point","coordinates":[17.6417915530135,47.081532315206175]}},{"type":"Feature","properties":{"name":"Node","marker-size":"small","marker-color":"#666666"},"geometry":{"type":"Point","coordinates":[16.534057793699407,46.62277800091437]}},{"type":"Feature","properties":{"name":"Node","marker-size":"small","marker-color":"#666666"},"geometry":{"type":"Point","coordinates":[19.308387618457935,47.44848685088056]}},{"type":"Feature","properties":{"name":"Node","marker-size":"small","marker-color":"#666666"},"geometry":{"type":"Point","coordinates":[21.65916292590553,47.64286717720775]}},{"type":"Feature","properties":{"name":"Node","marker-size":"small","marker-color":"#666666"},"geometry":{"type":"Point","coordinates":[21.672306056514355,47.49196218038668]}},{"type":"Feature","properties":{"name":"Node","marker-size":"small","marker-color":"#666666"},"geometry":{"type":"Point","coordinates":[21.6148565190061,47.53669624821237]}},{"type":"Feature","properties":{"name":"Node","marker-size":"small","marker-color":"#666666"},"geometry":{"type":"Point","coordinates":[21.575422044196944,47.530055796615045]}},{"type":"Feature","properties":{"name":"Node","marker-size":"small","marker-color":"#666666"},"geometry":{"type":"Point","coordinates":[21.61073123902981,47.55218762595221]}},{"type":"Feature","properties":{"name":"Node","marker-size":"small","marker-color":"#666666"},"geometry":{"type":"Point","coordinates":[21.588001391560088,47.60247934962263]}},{"type":"Feature","properties":{"name":"Node","marker-size":"small","marker-color":"#666666"},"geometry":{"type":"Point","coordinates":[21.75913535605909,47.80959629330675]}},{"type":"Feature","properties":{"name":"Node","marker-size":"small","marker-color":"#666666"},"geometry":{"type":"Point","coordinates":[21.776279021763372,47.2835228130456]}},{"type":"Feature","properties":{"name":"Node","marker-size":"small","marker-color":"#666666"},"geometry":{"type":"Point","coordinates":[21.502464068559462,47.74945014081763]}},{"type":"Feature","properties":{"name":"Node","marker-size":"small","marker-color":"#666666"},"geometry":{"type":"Point","coordinates":[21.499231803537693,47.8163889135967]}},{"type":"Feature","properties":{"name":"Node","marker-size":"small","marker-color":"#666666"},"geometry":{"type":"Point","coordinates":[21.726990222202037,47.58140296675475]}},{"type":"Feature","properties":{"name":"Node","marker-size":"small","marker-color":"#666666"},"geometry":{"type":"Point","coordinates":[21.273554886590812,47.3570874875134]}},{"type":"Feature","properties":{"name":"Node","marker-size":"small","marker-color":"#666666"},"geometry":{"type":"Point","coordinates":[21.825278842397555,47.24814332370395]}},{"type":"Feature","properties":{"name":"Node","marker-size":"small","marker-color":"#666666"},"geometry":{"type":"Point","coordinates":[21.93344445278347,47.40600073632676]}},{"type":"Feature","properties":{"name":"Node","marker-size":"small","marker-color":"#666666"},"geometry":{"type":"Point","coordinates":[21.673082249301114,47.32019390676126]}},{"type":"Feature","properties":{"name":"Node","marker-size":"small","marker-color":"#666666"},"geometry":{"type":"Point","coordinates":[21.772202803022235,47.39714365755844]}},{"type":"Feature","properties":{"name":"Node","marker-size":"small","marker-color":"#666666"},"geometry":{"type":"Point","coordinates":[21.773708374277298,47.388477567392215]}},{"type":"Feature","properties":{"name":"Node","marker-size":"small","marker-color":"#666666"},"geometry":{"type":"Point","coordinates":[21.79586462049323,47.18652834417676]}},{"type":"Feature","properties":{"name":"Node","marker-size":"small","marker-color":"#666666"},"geometry":{"type":"Point","coordinates":[21.868219394553698,47.93762344405623]}},{"type":"Feature","properties":{"name":"Node","marker-size":"small","marker-color":"#666666"},"geometry":{"type":"Point","coordinates":[22.021383786362236,47.54969659133806]}},{"type":"Feature","properties":{"name":"Node","marker-size":"small","marker-color":"#666666"},"geometry":{"type":"Point","coordinates":[21.900771102701572,47.58203524747408]}},{"type":"Feature","properties":{"name":"Node","marker-size":"small","marker-color":"#666666"},"geometry":{"type":"Point","coordinates":[21.81542716826811,47.285417924692105]}},{"type":"Feature","properties":{"name":"Node","marker-size":"small","marker-color":"#666666"},"geometry":{"type":"Point","coordinates":[21.629377622914117,47.40592155496464]}},{"type":"Feature","properties":{"name":"Node","marker-size":"small","marker-color":"#666666"},"geometry":{"type":"Point","coordinates":[20.150134969028052,47.1032228260531]}},{"type":"Feature","properties":{"name":"Node","marker-size":"small","marker-color":"#666666"},"geometry":{"type":"Point","coordinates":[20.129934601135137,47.10071973248013]}},{"type":"Feature","properties":{"name":"Node","marker-size":"small","marker-color":"#666666"},"geometry":{"type":"Point","coordinates":[16.90506713757488,46.37375630540473]}},{"type":"Feature","properties":{"name":"Node","marker-size":"small","marker-color":"#666666"},"geometry":{"type":"Point","coordinates":[16.9468531724466,46.60279220475464]}},{"type":"Feature","properties":{"name":"Node","marker-size":"small","marker-color":"#666666"},"geometry":{"type":"Point","coordinates":[16.800873040248828,46.39943005599404]}},{"type":"Feature","properties":{"name":"Node","marker-size":"small","marker-color":"#666666"},"geometry":{"type":"Point","coordinates":[21.508875571385808,47.6760290415706]}},{"type":"Feature","properties":{"name":"Node","marker-size":"small","marker-color":"#666666"},"geometry":{"type":"Point","coordinates":[21.60868238851308,47.63299616412421]}},{"type":"Feature","properties":{"name":"Node","marker-size":"small","marker-color":"#666666"},"geometry":{"type":"Point","coordinates":[20.217911288717833,47.033314506605066]}},{"type":"Feature","properties":{"name":"Node","marker-size":"small","marker-color":"#666666"},"geometry":{"type":"Point","coordinates":[18.246329107124325,46.08420423620312]}},{"type":"Feature","properties":{"name":"Node","marker-size":"small","marker-color":"#666666"},"geometry":{"type":"Point","coordinates":[19.1863384544307,47.4034490707577]}},{"type":"Feature","properties":{"name":"Node","marker-size":"small","marker-color":"#666666"},"geometry":{"type":"Point","coordinates":[19.737467420348498,46.49548504475408]}},{"type":"Feature","properties":{"name":"Node","marker-size":"small","marker-color":"#666666"},"geometry":{"type":"Point","coordinates":[20.13258099720515,48.193414559274785]}},{"type":"Feature","properties":{"name":"Node","marker-size":"small","marker-color":"#666666"},"geometry":{"type":"Point","coordinates":[18.912270523233325,45.996740891712065]}},{"type":"Feature","properties":{"name":"Node","marker-size":"small","marker-color":"#666666"},"geometry":{"type":"Point","coordinates":[18.90615531209258,46.044299933547315]}},{"type":"Feature","properties":{"name":"Node","marker-size":"small","marker-color":"#666666"},"geometry":{"type":"Point","coordinates":[17.34729913501201,46.03790607798801]}},{"type":"Feature","properties":{"name":"Node","marker-size":"small","marker-color":"#666666"},"geometry":{"type":"Point","coordinates":[17.908651118992374,47.08559055046075]}},{"type":"Feature","properties":{"name":"Node","marker-size":"small","marker-color":"#666666"},"geometry":{"type":"Point","coordinates":[17.893231409506324,47.10077789576831]}},{"type":"Feature","properties":{"name":"Node","marker-size":"small","marker-color":"#666666"},"geometry":{"type":"Point","coordinates":[21.272040149635693,47.358296690268766]}},{"type":"Feature","properties":{"name":"Node","marker-size":"small","marker-color":"#666666"},"geometry":{"type":"Point","coordinates":[19.145580317844196,47.52564378014823]}},{"type":"Feature","properties":{"name":"Node","marker-size":"small","marker-color":"#666666"},"geometry":{"type":"Point","coordinates":[19.081246262162544,47.56306445818475]}},{"type":"Feature","properties":{"name":"Node","marker-size":"small","marker-color":"#666666"},"geometry":{"type":"Point","coordinates":[19.25316255680381,47.40926160932627]}},{"type":"Feature","properties":{"name":"Node","marker-size":"small","marker-color":"#666666"},"geometry":{"type":"Point","coordinates":[19.263631699821325,47.395116842688196]}},{"type":"Feature","properties":{"name":"Node","marker-size":"small","marker-color":"#666666"},"geometry":{"type":"Point","coordinates":[19.64049423556407,48.182196338346834]}},{"type":"Feature","properties":{"name":"Node","marker-size":"small","marker-color":"#666666"},"geometry":{"type":"Point","coordinates":[19.750463095855977,48.132638388815444]}},{"type":"Feature","properties":{"name":"Node","marker-size":"small","marker-color":"#666666"},"geometry":{"type":"Point","coordinates":[19.711592410131374,48.1633269123339]}},{"type":"Feature","properties":{"name":"Node","marker-size":"small","marker-color":"#666666"},"geometry":{"type":"Point","coordinates":[21.343170076533465,46.89632995375303]}},{"type":"Feature","properties":{"name":"Node","marker-size":"small","marker-color":"#666666"},"geometry":{"type":"Point","coordinates":[21.717530127077957,47.963578456816784]}},{"type":"Feature","properties":{"name":"Node","marker-size":"small","marker-color":"#666666"},"geometry":{"type":"Point","coordinates":[20.16334916331308,46.17565050481202]}},{"type":"Feature","properties":{"name":"Node","marker-size":"small","marker-color":"#666666"},"geometry":{"type":"Point","coordinates":[18.13707562956465,46.893489769011424]}},{"type":"Feature","properties":{"name":"Node","marker-size":"small","marker-color":"#666666"},"geometry":{"type":"Point","coordinates":[20.889495709908697,46.72129260339916]}},{"type":"Feature","properties":{"name":"Node","marker-size":"small","marker-color":"#666666"},"geometry":{"type":"Point","coordinates":[17.9911219110147,46.104409652522264]}},{"type":"Feature","properties":{"name":"Node","marker-size":"small","marker-color":"#666666"},"geometry":{"type":"Point","coordinates":[20.3806465934565,47.90747820011454]}},{"type":"Feature","properties":{"name":"Node","marker-size":"small","marker-color":"#666666"},"geometry":{"type":"Point","coordinates":[21.342101297217425,47.62278945214757]}},{"type":"Feature","properties":{"name":"Node","marker-size":"small","marker-color":"#666666"},"geometry":{"type":"Point","coordinates":[21.112985246876036,47.87511828530846]}},{"type":"Feature","properties":{"name":"Node","marker-size":"small","marker-color":"#666666"},"geometry":{"type":"Point","coordinates":[21.110562684019023,47.861448301457564]}},{"type":"Feature","properties":{"name":"Node","marker-size":"small","marker-color":"#666666"},"geometry":{"type":"Point","coordinates":[21.10548414701754,47.87096514947463]}},{"type":"Feature","properties":{"name":"Node","marker-size":"small","marker-color":"#666666"},"geometry":{"type":"Point","coordinates":[21.108583949391953,47.86728667333896]}},{"type":"Feature","properties":{"name":"Node","marker-size":"small","marker-color":"#666666"},"geometry":{"type":"Point","coordinates":[21.10810636170409,47.87031227251984]}},{"type":"Feature","properties":{"name":"Node","marker-size":"small","marker-color":"#666666"},"geometry":{"type":"Point","coordinates":[20.972809600884577,47.70161504326295]}},{"type":"Feature","properties":{"name":"Node","marker-size":"small","marker-color":"#666666"},"geometry":{"type":"Point","coordinates":[21.002304203007867,47.69367185134894]}},{"type":"Feature","properties":{"name":"Node","marker-size":"small","marker-color":"#666666"},"geometry":{"type":"Point","coordinates":[21.10015070391269,47.722588045528454]}},{"type":"Feature","properties":{"name":"Node","marker-size":"small","marker-color":"#666666"},"geometry":{"type":"Point","coordinates":[21.175818449628142,47.91856575336302]}},{"type":"Feature","properties":{"name":"Node","marker-size":"small","marker-color":"#666666"},"geometry":{"type":"Point","coordinates":[21.236237646500573,47.818730923561695]}},{"type":"Feature","properties":{"name":"Node","marker-size":"small","marker-color":"#666666"},"geometry":{"type":"Point","coordinates":[21.239852514964067,47.81534360202341]}},{"type":"Feature","properties":{"name":"Node","marker-size":"small","marker-color":"#666666"},"geometry":{"type":"Point","coordinates":[21.23311001709822,47.82574042964951]}},{"type":"Feature","properties":{"name":"Node","marker-size":"small","marker-color":"#666666"},"geometry":{"type":"Point","coordinates":[21.11355338121439,47.87249354875533]}},{"type":"Feature","properties":{"name":"Node","marker-size":"small","marker-color":"#666666"},"geometry":{"type":"Point","coordinates":[21.120393352303353,47.86809571706459]}},{"type":"Feature","properties":{"name":"Node","marker-size":"small","marker-color":"#666666"},"geometry":{"type":"Point","coordinates":[19.599535463012913,48.21061445274999]}},{"type":"Feature","properties":{"name":"Node","marker-size":"small","marker-color":"#666666"},"geometry":{"type":"Point","coordinates":[21.61724134604294,47.23392669197108]}},{"type":"Feature","properties":{"name":"Node","marker-size":"small","marker-color":"#666666"},"geometry":{"type":"Point","coordinates":[21.6174119972959,47.24244804398737]}},{"type":"Feature","properties":{"name":"Node","marker-size":"small","marker-color":"#666666"},"geometry":{"type":"Point","coordinates":[20.883639082562933,46.53336079678041]}},{"type":"Feature","properties":{"name":"Node","marker-size":"small","marker-color":"#666666"},"geometry":{"type":"Point","coordinates":[20.860840501930234,46.596217927225155]}},{"type":"Feature","properties":{"name":"Node","marker-size":"small","marker-color":"#666666"},"geometry":{"type":"Point","coordinates":[20.961805653558084,46.517424586561916]}},{"type":"Feature","properties":{"name":"Node","marker-size":"small","marker-color":"#666666"},"geometry":{"type":"Point","coordinates":[20.92488088779328,46.52596727771531]}},{"type":"Feature","properties":{"name":"Node","marker-size":"small","marker-color":"#666666"},"geometry":{"type":"Point","coordinates":[21.0231100186973,46.50058194315422]}},{"type":"Feature","properties":{"name":"Node","marker-size":"small","marker-color":"#666666"},"geometry":{"type":"Point","coordinates":[21.027696962923315,46.4923745998753]}},{"type":"Feature","properties":{"name":"Node","marker-size":"small","marker-color":"#666666"},"geometry":{"type":"Point","coordinates":[20.901327017850015,46.460431469025515]}},{"type":"Feature","properties":{"name":"Node","marker-size":"small","marker-color":"#666666"},"geometry":{"type":"Point","coordinates":[21.11754498779491,46.46977034741966]}},{"type":"Feature","properties":{"name":"Node","marker-size":"small","marker-color":"#666666"},"geometry":{"type":"Point","coordinates":[18.041436576650433,46.89815057691521]}},{"type":"Feature","properties":{"name":"Node","marker-size":"small","marker-color":"#666666"},"geometry":{"type":"Point","coordinates":[17.943023287516485,46.88099768569353]}},{"type":"Feature","properties":{"name":"Node","marker-size":"small","marker-color":"#666666"},"geometry":{"type":"Point","coordinates":[17.36335582034918,47.815998081288136]}},{"type":"Feature","properties":{"name":"Node","marker-size":"small","marker-color":"#666666"},"geometry":{"type":"Point","coordinates":[19.134677485235215,47.68969948473314]}},{"type":"Feature","properties":{"name":"Node","marker-size":"small","marker-color":"#666666"},"geometry":{"type":"Point","coordinates":[18.77578442985556,46.12954136681192]}},{"type":"Feature","properties":{"name":"Node","marker-size":"small","marker-color":"#666666"},"geometry":{"type":"Point","coordinates":[20.160279264480444,47.64719035593228]}},{"type":"Feature","properties":{"name":"Node","marker-size":"small","marker-color":"#666666"},"geometry":{"type":"Point","coordinates":[17.31866383058052,47.858016768749806]}},{"type":"Feature","properties":{"name":"Node","marker-size":"small","marker-color":"#666666"},"geometry":{"type":"Point","coordinates":[17.326815954368815,47.89026427411221]}},{"type":"Feature","properties":{"name":"Node","marker-size":"small","marker-color":"#666666"},"geometry":{"type":"Point","coordinates":[17.34686261850244,47.949956933009965]}},{"type":"Feature","properties":{"name":"Node","marker-size":"small","marker-color":"#666666"},"geometry":{"type":"Point","coordinates":[18.314752190371852,47.48029406559809]}},{"type":"Feature","properties":{"name":"Node","marker-size":"small","marker-color":"#666666"},"geometry":{"type":"Point","coordinates":[16.489929339370654,47.323459399446726]}},{"type":"Feature","properties":{"name":"Node","marker-size":"small","marker-color":"#666666"},"geometry":{"type":"Point","coordinates":[16.62579376656453,47.23183524137353]}},{"type":"Feature","properties":{"name":"Node","marker-size":"small","marker-color":"#666666"},"geometry":{"type":"Point","coordinates":[20.80044803251015,47.4344272612259]}},{"type":"Feature","properties":{"name":"Node","marker-size":"small","marker-color":"#666666"},"geometry":{"type":"Point","coordinates":[20.532666708325067,47.94698892947544]}},{"type":"Feature","properties":{"name":"Node","marker-size":"small","marker-color":"#666666"},"geometry":{"type":"Point","coordinates":[21.230297362633415,47.295564977733704]}},{"type":"Feature","properties":{"name":"Node","marker-size":"small","marker-color":"#666666"},"geometry":{"type":"Point","coordinates":[20.598081355337733,46.66621242167013]}},{"type":"Feature","properties":{"name":"Node","marker-size":"small","marker-color":"#666666"},"geometry":{"type":"Point","coordinates":[20.23580441770317,46.218485401823564]}},{"type":"Feature","properties":{"name":"Node","marker-size":"small","marker-color":"#666666"},"geometry":{"type":"Point","coordinates":[20.70215064747019,47.43213957674559]}},{"type":"Feature","properties":{"name":"Node","marker-size":"small","marker-color":"#666666"},"geometry":{"type":"Point","coordinates":[20.926066432941962,47.3203445637316]}},{"type":"Feature","properties":{"name":"Node","marker-size":"small","marker-color":"#666666"},"geometry":{"type":"Point","coordinates":[17.811715442898894,47.185364222189484]}},{"type":"Feature","properties":{"name":"Node","marker-size":"small","marker-color":"#666666"},"geometry":{"type":"Point","coordinates":[19.127359854266803,47.456195561852255]}},{"type":"Feature","properties":{"name":"Node","marker-size":"small","marker-color":"#666666"},"geometry":{"type":"Point","coordinates":[18.75926308944967,47.14201935379464]}},{"type":"Feature","properties":{"name":"Node","marker-size":"small","marker-color":"#666666"},"geometry":{"type":"Point","coordinates":[18.810342521701003,47.46299625082525]}},{"type":"Feature","properties":{"name":"Node","marker-size":"small","marker-color":"#666666"},"geometry":{"type":"Point","coordinates":[18.282262844472864,46.82368745570498]}},{"type":"Feature","properties":{"name":"Node","marker-size":"small","marker-color":"#666666"},"geometry":{"type":"Point","coordinates":[18.739930811263108,47.803002314735565]}},{"type":"Feature","properties":{"name":"Node","marker-size":"small","marker-color":"#666666"},"geometry":{"type":"Point","coordinates":[18.219425604807387,46.07495620414593]}},{"type":"Feature","properties":{"name":"Node","marker-size":"small","marker-color":"#666666"},"geometry":{"type":"Point","coordinates":[19.97213777983062,46.32654879750516]}},{"type":"Feature","properties":{"name":"Node","marker-size":"small","marker-color":"#666666"},"geometry":{"type":"Point","coordinates":[20.037809975820185,46.34360026877196]}},{"type":"Feature","properties":{"name":"Node","marker-size":"small","marker-color":"#666666"},"geometry":{"type":"Point","coordinates":[19.919747252807383,46.32000062615603]}},{"type":"Feature","properties":{"name":"Node","marker-size":"small","marker-color":"#666666"},"geometry":{"type":"Point","coordinates":[21.120409323366374,47.868087715160094]}},{"type":"Feature","properties":{"name":"Node","marker-size":"small","marker-color":"#666666"},"geometry":{"type":"Point","coordinates":[21.689193785867158,48.34252258233553]}},{"type":"Feature","properties":{"name":"Node","marker-size":"small","marker-color":"#666666"},"geometry":{"type":"Point","coordinates":[20.261260781434245,46.66098589244159]}},{"type":"Feature","properties":{"name":"Node","marker-size":"small","marker-color":"#666666"},"geometry":{"type":"Point","coordinates":[16.260674666248573,46.944741032443254]}},{"type":"Feature","properties":{"name":"Node","marker-size":"small","marker-color":"#666666"},"geometry":{"type":"Point","coordinates":[19.216347759148665,47.373690342167905]}},{"type":"Feature","properties":{"name":"Node","marker-size":"small","marker-color":"#666666"},"geometry":{"type":"Point","coordinates":[21.18457638756064,46.5485814686881]}},{"type":"Feature","properties":{"name":"Node","marker-size":"small","marker-color":"#666666"},"geometry":{"type":"Point","coordinates":[20.787116727879575,48.21612744470758]}},{"type":"Feature","properties":{"name":"Node","marker-size":"small","marker-color":"#666666"},"geometry":{"type":"Point","coordinates":[20.831724067584513,48.182276363775486]}},{"type":"Feature","properties":{"name":"Node","marker-size":"small","marker-color":"#666666"},"geometry":{"type":"Point","coordinates":[19.267222868643245,47.412945831057485]}},{"type":"Feature","properties":{"name":"Node","marker-size":"small","marker-color":"#666666"},"geometry":{"type":"Point","coordinates":[19.08848682890275,47.754589241949475]}},{"type":"Feature","properties":{"name":"Node","marker-size":"small","marker-color":"#666666"},"geometry":{"type":"Point","coordinates":[17.93390402483386,46.88041426847952]}},{"type":"Feature","properties":{"name":"Node","marker-size":"small","marker-color":"#666666"},"geometry":{"type":"Point","coordinates":[17.374880272228214,47.477256942769905]}},{"type":"Feature","properties":{"name":"Node","marker-size":"small","marker-color":"#666666"},"geometry":{"type":"Point","coordinates":[19.298876228374464,47.4614975058818]}},{"type":"Feature","properties":{"name":"Node","marker-size":"small","marker-color":"#666666"},"geometry":{"type":"Point","coordinates":[21.362525211530222,47.95390569892479]}},{"type":"Feature","properties":{"name":"Node","marker-size":"small","marker-color":"#666666"},"geometry":{"type":"Point","coordinates":[19.918783872939912,46.91681610268857]}},{"type":"Feature","properties":{"name":"Node","marker-size":"small","marker-color":"#666666"},"geometry":{"type":"Point","coordinates":[16.93732007488689,46.396733193890505]}},{"type":"Feature","properties":{"name":"Node","marker-size":"small","marker-color":"#666666"},"geometry":{"type":"Point","coordinates":[22.107421395251585,47.88712488642234]}},{"type":"Feature","properties":{"name":"Node","marker-size":"small","marker-color":"#666666"},"geometry":{"type":"Point","coordinates":[18.377181144333633,46.27296003746245]}},{"type":"Feature","properties":{"name":"Node","marker-size":"small","marker-color":"#666666"},"geometry":{"type":"Point","coordinates":[18.228420749667837,46.350152359976484]}},{"type":"Feature","properties":{"name":"Node","marker-size":"small","marker-color":"#666666"},"geometry":{"type":"Point","coordinates":[18.315616284957038,46.447676070231616]}},{"type":"Feature","properties":{"name":"Node","marker-size":"small","marker-color":"#666666"},"geometry":{"type":"Point","coordinates":[18.295261999194768,46.505556626388916]}},{"type":"Feature","properties":{"name":"Node","marker-size":"small","marker-color":"#666666"},"geometry":{"type":"Point","coordinates":[21.249602632370568,46.53053222328804]}},{"type":"Feature","properties":{"name":"Node","marker-size":"small","marker-color":"#666666"},"geometry":{"type":"Point","coordinates":[18.906522497330467,47.6192507734095]}},{"type":"Feature","properties":{"name":"Node","marker-size":"small","marker-color":"#666666"},"geometry":{"type":"Point","coordinates":[22.18450807420505,47.815765556268936]}},{"type":"Feature","properties":{"name":"Node","marker-size":"small","marker-color":"#666666"},"geometry":{"type":"Point","coordinates":[19.53222793515262,46.20592289876905]}},{"type":"Feature","properties":{"name":"Node","marker-size":"small","marker-color":"#666666"},"geometry":{"type":"Point","coordinates":[20.532684707871166,47.94700249762483]}},{"type":"Feature","properties":{"name":"Node","marker-size":"small","marker-color":"#666666"},"geometry":{"type":"Point","coordinates":[19.150649074390408,47.44734623243009]}},{"type":"Feature","properties":{"name":"Node","marker-size":"small","marker-color":"#666666"},"geometry":{"type":"Point","coordinates":[17.242159326417962,46.76084001509902]}},{"type":"Feature","properties":{"name":"Node","marker-size":"small","marker-color":"#666666"},"geometry":{"type":"Point","coordinates":[19.109490790891304,47.435794873714485]}},{"type":"Feature","properties":{"name":"Node","marker-size":"small","marker-color":"#666666"},"geometry":{"type":"Point","coordinates":[18.444708072154402,46.867402899401085]}},{"type":"Feature","properties":{"name":"Node","marker-size":"small","marker-color":"#666666"},"geometry":{"type":"Point","coordinates":[18.335757453232706,46.84139139819558]}},{"type":"Feature","properties":{"name":"Node","marker-size":"small","marker-color":"#666666"},"geometry":{"type":"Point","coordinates":[18.978971823336373,47.44087857404843]}},{"type":"Feature","properties":{"name":"Node","marker-size":"small","marker-color":"#666666"},"geometry":{"type":"Point","coordinates":[20.120403188824366,47.93167511394281]}},{"type":"Feature","properties":{"name":"Node","marker-size":"small","marker-color":"#666666"},"geometry":{"type":"Point","coordinates":[21.3850840969191,48.01807321208362]}},{"type":"Feature","properties":{"name":"Node","marker-size":"small","marker-color":"#666666"},"geometry":{"type":"Point","coordinates":[21.37582167373744,48.0170277264978]}},{"type":"Feature","properties":{"name":"Node","marker-size":"small","marker-color":"#666666"},"geometry":{"type":"Point","coordinates":[20.183400211619194,46.237284802627194]}},{"type":"Feature","properties":{"name":"Node","marker-size":"small","marker-color":"#666666"},"geometry":{"type":"Point","coordinates":[20.168035957772044,46.266244198230794]}},{"type":"Feature","properties":{"name":"Node","marker-size":"small","marker-color":"#666666"},"geometry":{"type":"Point","coordinates":[20.165478105872893,46.26695428515815]}},{"type":"Feature","properties":{"name":"Node","marker-size":"small","marker-color":"#666666"},"geometry":{"type":"Point","coordinates":[20.418845460523194,47.75086303571194]}},{"type":"Feature","properties":{"name":"Node","marker-size":"small","marker-color":"#666666"},"geometry":{"type":"Point","coordinates":[22.58591832022769,47.917689462240105]}},{"type":"Feature","properties":{"name":"Node","marker-size":"small","marker-color":"#666666"},"geometry":{"type":"Point","coordinates":[17.76256333562772,46.62053523789968]}},{"type":"Feature","properties":{"name":"Node","marker-size":"small","marker-color":"#666666"},"geometry":{"type":"Point","coordinates":[17.094969666170233,46.34012646594188]}},{"type":"Feature","properties":{"name":"Node","marker-size":"small","marker-color":"#666666"},"geometry":{"type":"Point","coordinates":[17.1196750503283,46.36805217820251]}},{"type":"Feature","properties":{"name":"Node","marker-size":"small","marker-color":"#666666"},"geometry":{"type":"Point","coordinates":[17.063626404532744,46.38587574058861]}},{"type":"Feature","properties":{"name":"Node","marker-size":"small","marker-color":"#666666"},"geometry":{"type":"Point","coordinates":[17.03430239224667,46.28727434802857]}},{"type":"Feature","properties":{"name":"Node","marker-size":"small","marker-color":"#666666"},"geometry":{"type":"Point","coordinates":[17.040315503865884,46.27452636011164]}},{"type":"Feature","properties":{"name":"Node","marker-size":"small","marker-color":"#666666"},"geometry":{"type":"Point","coordinates":[17.188479024471757,46.18258733767198]}},{"type":"Feature","properties":{"name":"Node","marker-size":"small","marker-color":"#666666"},"geometry":{"type":"Point","coordinates":[20.260843943351595,46.663830356255865]}},{"type":"Feature","properties":{"name":"Node","marker-size":"small","marker-color":"#666666"},"geometry":{"type":"Point","coordinates":[17.747318162224367,47.42973941729006]}},{"type":"Feature","properties":{"name":"Node","marker-size":"small","marker-color":"#666666"},"geometry":{"type":"Point","coordinates":[19.14388992121112,48.01857340322148]}},{"type":"Feature","properties":{"name":"Node","marker-size":"small","marker-color":"#666666"},"geometry":{"type":"Point","coordinates":[19.015090080053138,47.4253789668946]}},{"type":"Feature","properties":{"name":"Node","marker-size":"small","marker-color":"#666666"},"geometry":{"type":"Point","coordinates":[19.036333364151258,47.422316287459324]}},{"type":"Feature","properties":{"name":"Node","marker-size":"small","marker-color":"#666666"},"geometry":{"type":"Point","coordinates":[16.758167572024817,47.379762271082775]}},{"type":"Feature","properties":{"name":"Node","marker-size":"small","marker-color":"#666666"},"geometry":{"type":"Point","coordinates":[17.24929328413033,47.60284095476534]}},{"type":"Feature","properties":{"name":"Node","marker-size":"small","marker-color":"#666666"},"geometry":{"type":"Point","coordinates":[18.921762781939965,47.02738309807766]}},{"type":"Feature","properties":{"name":"Node","marker-size":"small","marker-color":"#666666"},"geometry":{"type":"Point","coordinates":[22.185290242801667,48.201469045451915]}},{"type":"Feature","properties":{"name":"Node","marker-size":"small","marker-color":"#666666"},"geometry":{"type":"Point","coordinates":[22.143194442129044,48.221739744425044]}},{"type":"Feature","properties":{"name":"Node","marker-size":"small","marker-color":"#666666"},"geometry":{"type":"Point","coordinates":[19.036564714600008,46.61868444641645]}},{"type":"Feature","properties":{"name":"Node","marker-size":"small","marker-color":"#666666"},"geometry":{"type":"Point","coordinates":[20.224507699170598,47.686221367387816]}},{"type":"Feature","properties":{"name":"Node","marker-size":"small","marker-color":"#666666"},"geometry":{"type":"Point","coordinates":[19.011695864277634,46.97897863707722]}},{"type":"Feature","properties":{"name":"Node","marker-size":"small","marker-color":"#666666"},"geometry":{"type":"Point","coordinates":[17.211440252753533,47.44836684400527]}},{"type":"Feature","properties":{"name":"Node","marker-size":"small","marker-color":"#666666"},"geometry":{"type":"Point","coordinates":[20.167423983104253,47.582933832450024]}},{"type":"Feature","properties":{"name":"Node","marker-size":"small","marker-color":"#666666"},"geometry":{"type":"Point","coordinates":[18.44627006007781,47.549541423553144]}},{"type":"Feature","properties":{"name":"Node","marker-size":"small","marker-color":"#666666"},"geometry":{"type":"Point","coordinates":[19.053185773544847,47.47642468489286]}},{"type":"Feature","properties":{"name":"Node","marker-size":"small","marker-color":"#666666"},"geometry":{"type":"Point","coordinates":[18.99419669382873,47.39584231628008]}},{"type":"Feature","properties":{"name":"Node","marker-size":"small","marker-color":"#666666"},"geometry":{"type":"Point","coordinates":[19.06373591771017,47.50475861100727]}},{"type":"Feature","properties":{"name":"Node","marker-size":"small","marker-color":"#666666"},"geometry":{"type":"Point","coordinates":[19.05163526057759,47.495214811203326]}},{"type":"Feature","properties":{"name":"Node","marker-size":"small","marker-color":"#666666"},"geometry":{"type":"Point","coordinates":[19.047096416048735,47.46690284501981]}},{"type":"Feature","properties":{"name":"Node","marker-size":"small","marker-color":"#666666"},"geometry":{"type":"Point","coordinates":[19.019982917164636,47.49205671736694]}},{"type":"Feature","properties":{"name":"Node","marker-size":"small","marker-color":"#666666"},"geometry":{"type":"Point","coordinates":[16.648756850730113,47.20712205190781]}},{"type":"Feature","properties":{"name":"Node","marker-size":"small","marker-color":"#666666"},"geometry":{"type":"Point","coordinates":[19.076603445594422,46.55553690966695]}},{"type":"Feature","properties":{"name":"Node","marker-size":"small","marker-color":"#666666"},"geometry":{"type":"Point","coordinates":[19.05799651419585,47.598229478795645]}},{"type":"Feature","properties":{"name":"Node","marker-size":"small","marker-color":"#666666"},"geometry":{"type":"Point","coordinates":[19.053550945268107,47.478316123088646]}},{"type":"Feature","properties":{"name":"Node","marker-size":"small","marker-color":"#666666"},"geometry":{"type":"Point","coordinates":[17.649958995427205,46.776284229582984]}},{"type":"Feature","properties":{"name":"Node","marker-size":"small","marker-color":"#666666"},"geometry":{"type":"Point","coordinates":[20.335965948272683,46.41348360724037]}},{"type":"Feature","properties":{"name":"Node","marker-size":"small","marker-color":"#666666"},"geometry":{"type":"Point","coordinates":[21.163376890191554,47.016765893233575]}},{"type":"Feature","properties":{"name":"Node","marker-size":"small","marker-color":"#666666"},"geometry":{"type":"Point","coordinates":[20.958039158205462,47.027951846101374]}},{"type":"Feature","properties":{"name":"Node","marker-size":"small","marker-color":"#666666"},"geometry":{"type":"Point","coordinates":[20.827978037111464,46.934784289343625]}},{"type":"Feature","properties":{"name":"Node","marker-size":"small","marker-color":"#666666"},"geometry":{"type":"Point","coordinates":[20.32531768239824,46.419668833882575]}},{"type":"Feature","properties":{"name":"Node","marker-size":"small","marker-color":"#666666"},"geometry":{"type":"Point","coordinates":[20.139057747988463,46.711677754347605]}},{"type":"Feature","properties":{"name":"Node","marker-size":"small","marker-color":"#666666"},"geometry":{"type":"Point","coordinates":[19.701988110872573,46.92903086478339]}},{"type":"Feature","properties":{"name":"Node","marker-size":"small","marker-color":"#666666"},"geometry":{"type":"Point","coordinates":[19.48104071931835,46.43098941001096]}},{"type":"Feature","properties":{"name":"Node","marker-size":"small","marker-color":"#666666"},"geometry":{"type":"Point","coordinates":[20.1106007460358,46.237198825504684]}},{"type":"Feature","properties":{"name":"Node","marker-size":"small","marker-color":"#666666"},"geometry":{"type":"Point","coordinates":[20.668070641740393,46.55968660702612]}},{"type":"Feature","properties":{"name":"Node","marker-size":"small","marker-color":"#666666"},"geometry":{"type":"Point","coordinates":[19.84883478564887,46.71691521798334]}},{"type":"Feature","properties":{"name":"Node","marker-size":"small","marker-color":"#666666"},"geometry":{"type":"Point","coordinates":[18.491209012670286,47.521192118967114]}},{"type":"Feature","properties":{"name":"Node","marker-size":"small","marker-color":"#666666"},"geometry":{"type":"Point","coordinates":[19.143665570190798,47.54021224290544]}},{"type":"Feature","properties":{"name":"Node","marker-size":"small","marker-color":"#666666"},"geometry":{"type":"Point","coordinates":[18.92393287067726,47.378200820381544]}},{"type":"Feature","properties":{"name":"Node","marker-size":"small","marker-color":"#666666"},"geometry":{"type":"Point","coordinates":[19.081525071908885,47.501581212228174]}},{"type":"Feature","properties":{"name":"Node","marker-size":"small","marker-color":"#666666"},"geometry":{"type":"Point","coordinates":[16.79496236480367,47.62197968417609]}},{"type":"Feature","properties":{"name":"Node","marker-size":"small","marker-color":"#666666"},"geometry":{"type":"Point","coordinates":[18.758725388520848,46.08576836165415]}},{"type":"Feature","properties":{"name":"Node","marker-size":"small","marker-color":"#666666"},"geometry":{"type":"Point","coordinates":[17.778374893809264,46.66909976600013]}},{"type":"Feature","properties":{"name":"Node","marker-size":"small","marker-color":"#666666"},"geometry":{"type":"Point","coordinates":[21.459370467032816,48.12315159469256]}},{"type":"Feature","properties":{"name":"Node","marker-size":"small","marker-color":"#666666"},"geometry":{"type":"Point","coordinates":[17.25623518356277,47.21589873663161]}},{"type":"Feature","properties":{"name":"Node","marker-size":"small","marker-color":"#666666"},"geometry":{"type":"Point","coordinates":[18.11691478933081,46.07874839056211]}},{"type":"Feature","properties":{"name":"Node","marker-size":"small","marker-color":"#666666"},"geometry":{"type":"Point","coordinates":[18.906600751200795,46.0468425347154]}},{"type":"Feature","properties":{"name":"Node","marker-size":"small","marker-color":"#666666"},"geometry":{"type":"Point","coordinates":[17.269800861692488,47.311901901594354]}},{"type":"Feature","properties":{"name":"Node","marker-size":"small","marker-color":"#666666"},"geometry":{"type":"Point","coordinates":[21.86928178502368,48.195307958269325]}},{"type":"Feature","properties":{"name":"Node","marker-size":"small","marker-color":"#666666"},"geometry":{"type":"Point","coordinates":[18.953337257916708,46.19512331633519]}},{"type":"Feature","properties":{"name":"Node","marker-size":"small","marker-color":"#666666"},"geometry":{"type":"Point","coordinates":[21.652442958758336,47.54182314944491]}},{"type":"Feature","properties":{"name":"Node","marker-size":"small","marker-color":"#666666"},"geometry":{"type":"Point","coordinates":[21.6529567366126,47.53360037482316]}},{"type":"Feature","properties":{"name":"Node","marker-size":"small","marker-color":"#666666"},"geometry":{"type":"Point","coordinates":[21.662762214424372,47.52732512417313]}},{"type":"Feature","properties":{"name":"Node","marker-size":"small","marker-color":"#666666"},"geometry":{"type":"Point","coordinates":[20.122602879038812,47.9296225511239]}},{"type":"Feature","properties":{"name":"Node","marker-size":"small","marker-color":"#666666"},"geometry":{"type":"Point","coordinates":[21.87857196759584,47.99996899315332]}},{"type":"Feature","properties":{"name":"Node","marker-size":"small","marker-color":"#666666"},"geometry":{"type":"Point","coordinates":[22.0375186541592,47.65914617333519]}},{"type":"Feature","properties":{"name":"Node","marker-size":"small","marker-color":"#666666"},"geometry":{"type":"Point","coordinates":[20.804471777837506,48.10214686959352]}},{"type":"Feature","properties":{"name":"Node","marker-size":"small","marker-color":"#666666"},"geometry":{"type":"Point","coordinates":[17.48766850134899,47.20977485882461]}},{"type":"Feature","properties":{"name":"Node","marker-size":"small","marker-color":"#666666"},"geometry":{"type":"Point","coordinates":[20.126573168108546,46.25815437383569]}},{"type":"Feature","properties":{"name":"Node","marker-size":"small","marker-color":"#666666"},"geometry":{"type":"Point","coordinates":[21.428150673870896,47.842060030292096]}},{"type":"Feature","properties":{"name":"Node","marker-size":"small","marker-color":"#666666"},"geometry":{"type":"Point","coordinates":[21.368208591195444,47.2892458751897]}},{"type":"Feature","properties":{"name":"Node","marker-size":"small","marker-color":"#666666"},"geometry":{"type":"Point","coordinates":[19.142546023935093,47.7053785325116]}},{"type":"Feature","properties":{"name":"Node","marker-size":"small","marker-color":"#666666"},"geometry":{"type":"Point","coordinates":[18.521998197772263,46.30130960099363]}},{"type":"Feature","properties":{"name":"Node","marker-size":"small","marker-color":"#666666"},"geometry":{"type":"Point","coordinates":[19.79962671718711,47.811817504618624]}},{"type":"Feature","properties":{"name":"Node","marker-size":"small","marker-color":"#666666"},"geometry":{"type":"Point","coordinates":[19.525505314682515,48.182172319293585]}},{"type":"Feature","properties":{"name":"Node","marker-size":"small","marker-color":"#666666"},"geometry":{"type":"Point","coordinates":[17.637727127400012,46.66621014816614]}},{"type":"Feature","properties":{"name":"Node","marker-size":"small","marker-color":"#666666"},"geometry":{"type":"Point","coordinates":[17.225901669753604,47.01678546514582]}},{"type":"Feature","properties":{"name":"Node","marker-size":"small","marker-color":"#666666"},"geometry":{"type":"Point","coordinates":[17.222281757542643,47.09762003540289]}},{"type":"Feature","properties":{"name":"Node","marker-size":"small","marker-color":"#666666"},"geometry":{"type":"Point","coordinates":[17.32520199255614,47.044337460471574]}},{"type":"Feature","properties":{"name":"Node","marker-size":"small","marker-color":"#666666"},"geometry":{"type":"Point","coordinates":[17.273664688740052,46.939943504843605]}},{"type":"Feature","properties":{"name":"Node","marker-size":"small","marker-color":"#666666"},"geometry":{"type":"Point","coordinates":[21.360511181423107,47.28751890472117]}},{"type":"Feature","properties":{"name":"Node","marker-size":"small","marker-color":"#666666"},"geometry":{"type":"Point","coordinates":[21.891624194443114,47.52540979337166]}},{"type":"Feature","properties":{"name":"Node","marker-size":"small","marker-color":"#666666"},"geometry":{"type":"Point","coordinates":[18.191543213139003,47.312975626303576]}},{"type":"Feature","properties":{"name":"Node","marker-size":"small","marker-color":"#666666"},"geometry":{"type":"Point","coordinates":[21.757067013574254,47.60064049897789]}},{"type":"Feature","properties":{"name":"Node","marker-size":"small","marker-color":"#666666"},"geometry":{"type":"Point","coordinates":[21.67454448749263,47.712601610400775]}},{"type":"Feature","properties":{"name":"Node","marker-size":"small","marker-color":"#666666"},"geometry":{"type":"Point","coordinates":[18.31390951761442,47.490374714331466]}},{"type":"Feature","properties":{"name":"Node","marker-size":"small","marker-color":"#666666"},"geometry":{"type":"Point","coordinates":[19.440968809025325,47.94554431179187]}},{"type":"Feature","properties":{"name":"Node","marker-size":"small","marker-color":"#666666"},"geometry":{"type":"Point","coordinates":[20.12948654412053,46.265200976011926]}},{"type":"Feature","properties":{"name":"Node","marker-size":"small","marker-color":"#666666"},"geometry":{"type":"Point","coordinates":[19.299255675506142,46.17634603491825]}},{"type":"Feature","properties":{"name":"Node","marker-size":"small","marker-color":"#666666"},"geometry":{"type":"Point","coordinates":[20.187827952525375,47.06414716630276]}},{"type":"Feature","properties":{"name":"Node","marker-size":"small","marker-color":"#666666"},"geometry":{"type":"Point","coordinates":[20.26621414538782,46.65112552834875]}},{"type":"Feature","properties":{"name":"Node","marker-size":"small","marker-color":"#666666"},"geometry":{"type":"Point","coordinates":[20.600492593340086,47.47298792858902]}},{"type":"Feature","properties":{"name":"Node","marker-size":"small","marker-color":"#666666"},"geometry":{"type":"Point","coordinates":[20.598994089549894,47.482080687484554]}},{"type":"Feature","properties":{"name":"Node","marker-size":"small","marker-color":"#666666"},"geometry":{"type":"Point","coordinates":[22.148496142888003,47.932863288947125]}},{"type":"Feature","properties":{"name":"Node","marker-size":"small","marker-color":"#666666"},"geometry":{"type":"Point","coordinates":[22.183766904781205,47.977050633653086]}},{"type":"Feature","properties":{"name":"Node","marker-size":"small","marker-color":"#666666"},"geometry":{"type":"Point","coordinates":[22.16766405124289,47.99777952999266]}},{"type":"Feature","properties":{"name":"Node","marker-size":"small","marker-color":"#666666"},"geometry":{"type":"Point","coordinates":[22.15945472595386,47.99423036272393]}},{"type":"Feature","properties":{"name":"Node","marker-size":"small","marker-color":"#666666"},"geometry":{"type":"Point","coordinates":[20.635252888594998,48.06821331044379]}},{"type":"Feature","properties":{"name":"Node","marker-size":"small","marker-color":"#666666"},"geometry":{"type":"Point","coordinates":[18.27622256001496,47.28528516731576]}},{"type":"Feature","properties":{"name":"Node","marker-size":"small","marker-color":"#666666"},"geometry":{"type":"Point","coordinates":[19.053225337527216,47.49929478808757]}},{"type":"Feature","properties":{"name":"Node","marker-size":"small","marker-color":"#666666"},"geometry":{"type":"Point","coordinates":[19.887168370621005,46.22083337806716]}},{"type":"Feature","properties":{"name":"Node","marker-size":"small","marker-color":"#666666"},"geometry":{"type":"Point","coordinates":[18.00188460776537,46.513886972094916]}},{"type":"Feature","properties":{"name":"Node","marker-size":"small","marker-color":"#666666"},"geometry":{"type":"Point","coordinates":[17.9783372456785,47.643820283173056]}},{"type":"Feature","properties":{"name":"Node","marker-size":"small","marker-color":"#666666"},"geometry":{"type":"Point","coordinates":[20.02697111644164,47.78252685675914]}},{"type":"Feature","properties":{"name":"Node","marker-size":"small","marker-color":"#666666"},"geometry":{"type":"Point","coordinates":[21.049851297270436,46.42498800783637]}},{"type":"Feature","properties":{"name":"Node","marker-size":"small","marker-color":"#666666"},"geometry":{"type":"Point","coordinates":[18.757846577276457,46.085828751173715]}},{"type":"Feature","properties":{"name":"Node","marker-size":"small","marker-color":"#666666"},"geometry":{"type":"Point","coordinates":[19.94749654767337,47.33740431904365]}},{"type":"Feature","properties":{"name":"Node","marker-size":"small","marker-color":"#666666"},"geometry":{"type":"Point","coordinates":[20.436936498642833,46.29680570285386]}},{"type":"Feature","properties":{"name":"Node","marker-size":"small","marker-color":"#666666"},"geometry":{"type":"Point","coordinates":[21.87088732834005,48.05123248076621]}},{"type":"Feature","properties":{"name":"Node","marker-size":"small","marker-color":"#666666"},"geometry":{"type":"Point","coordinates":[19.071704810770953,46.48868670042903]}},{"type":"Feature","properties":{"name":"Node","marker-size":"small","marker-color":"#666666"},"geometry":{"type":"Point","coordinates":[20.03908225270083,46.61673380823303]}},{"type":"Feature","properties":{"name":"Node","marker-size":"small","marker-color":"#666666"},"geometry":{"type":"Point","coordinates":[19.173660060653248,46.42069886241191]}},{"type":"Feature","properties":{"name":"Node","marker-size":"small","marker-color":"#666666"},"geometry":{"type":"Point","coordinates":[18.777600485506188,47.04518817221287]}},{"type":"Feature","properties":{"name":"Node","marker-size":"small","marker-color":"#666666"},"geometry":{"type":"Point","coordinates":[21.103992091807747,47.32225006807664]}},{"type":"Feature","properties":{"name":"Node","marker-size":"small","marker-color":"#666666"},"geometry":{"type":"Point","coordinates":[21.110676413830088,47.31130920060511]}},{"type":"Feature","properties":{"name":"Node","marker-size":"small","marker-color":"#666666"},"geometry":{"type":"Point","coordinates":[19.173937428823184,47.41284339030721]}},{"type":"Feature","properties":{"name":"Node","marker-size":"small","marker-color":"#666666"},"geometry":{"type":"Point","coordinates":[19.47522270158011,46.440363777370024]}},{"type":"Feature","properties":{"name":"Node","marker-size":"small","marker-color":"#666666"},"geometry":{"type":"Point","coordinates":[19.48725207615654,46.432557327148565]}},{"type":"Feature","properties":{"name":"Node","marker-size":"small","marker-color":"#666666"},"geometry":{"type":"Point","coordinates":[19.415792032851858,46.36097416986225]}},{"type":"Feature","properties":{"name":"Node","marker-size":"small","marker-color":"#666666"},"geometry":{"type":"Point","coordinates":[18.186854052372382,47.148525444333934]}},{"type":"Feature","properties":{"name":"Node","marker-size":"small","marker-color":"#666666"},"geometry":{"type":"Point","coordinates":[20.4405694887554,47.39721004826018]}},{"type":"Feature","properties":{"name":"Node","marker-size":"small","marker-color":"#666666"},"geometry":{"type":"Point","coordinates":[19.075751454738256,47.4947873611663]}},{"type":"Feature","properties":{"name":"Node","marker-size":"small","marker-color":"#666666"},"geometry":{"type":"Point","coordinates":[19.15050969057399,47.732756864919295]}},{"type":"Feature","properties":{"name":"Node","marker-size":"small","marker-color":"#666666"},"geometry":{"type":"Point","coordinates":[19.922295509798783,47.00195065468284]}},{"type":"Feature","properties":{"name":"Node","marker-size":"small","marker-color":"#666666"},"geometry":{"type":"Point","coordinates":[18.91944362733033,46.104856091440546]}},{"type":"Feature","properties":{"name":"Node","marker-size":"small","marker-color":"#666666"},"geometry":{"type":"Point","coordinates":[18.88022610896534,46.14303335926644]}},{"type":"Feature","properties":{"name":"Node","marker-size":"small","marker-color":"#666666"},"geometry":{"type":"Point","coordinates":[18.222799510326546,46.02832373917461]}},{"type":"Feature","properties":{"name":"Node","marker-size":"small","marker-color":"#666666"},"geometry":{"type":"Point","coordinates":[21.982974661173984,47.44797355622437]}},{"type":"Feature","properties":{"name":"Node","marker-size":"small","marker-color":"#666666"},"geometry":{"type":"Point","coordinates":[19.423688031183655,46.088948025937114]}},{"type":"Feature","properties":{"name":"Node","marker-size":"small","marker-color":"#666666"},"geometry":{"type":"Point","coordinates":[20.608080424793414,46.16968539827643]}},{"type":"Feature","properties":{"name":"Node","marker-size":"small","marker-color":"#666666"},"geometry":{"type":"Point","coordinates":[18.41769672547092,47.560176583068575]}},{"type":"Feature","properties":{"name":"Node","marker-size":"small","marker-color":"#666666"},"geometry":{"type":"Point","coordinates":[17.371444384743647,47.33014995415737]}},{"type":"Feature","properties":{"name":"Node","marker-size":"small","marker-color":"#666666"},"geometry":{"type":"Point","coordinates":[19.08027948433649,47.50645970542189]}},{"type":"Feature","properties":{"name":"Node","marker-size":"small","marker-color":"#666666"},"geometry":{"type":"Point","coordinates":[21.986245575597458,48.041062149601174]}},{"type":"Feature","properties":{"name":"Node","marker-size":"small","marker-color":"#666666"},"geometry":{"type":"Point","coordinates":[18.486774773598427,47.75017750399041]}},{"type":"Feature","properties":{"name":"Node","marker-size":"small","marker-color":"#666666"},"geometry":{"type":"Point","coordinates":[18.003819915344824,46.27257110514419]}},{"type":"Feature","properties":{"name":"Node","marker-size":"small","marker-color":"#666666"},"geometry":{"type":"Point","coordinates":[17.724336861490904,46.183733151533794]}},{"type":"Feature","properties":{"name":"Node","marker-size":"small","marker-color":"#666666"},"geometry":{"type":"Point","coordinates":[16.537938076609244,47.24061914821842]}},{"type":"Feature","properties":{"name":"Node","marker-size":"small","marker-color":"#666666"},"geometry":{"type":"Point","coordinates":[19.176851600784907,47.458032801232974]}},{"type":"Feature","properties":{"name":"Node","marker-size":"small","marker-color":"#666666"},"geometry":{"type":"Point","coordinates":[19.39321038132092,47.21365626222887]}},{"type":"Feature","properties":{"name":"Node","marker-size":"small","marker-color":"#666666"},"geometry":{"type":"Point","coordinates":[21.68641752767614,47.58110552669783]}},{"type":"Feature","properties":{"name":"Node","marker-size":"small","marker-color":"#666666"},"geometry":{"type":"Point","coordinates":[18.91688543865371,45.99481362862156]}},{"type":"Feature","properties":{"name":"Node","marker-size":"small","marker-color":"#666666"},"geometry":{"type":"Point","coordinates":[20.11163278888983,46.22712436175111]}},{"type":"Feature","properties":{"name":"Node","marker-size":"small","marker-color":"#666666"},"geometry":{"type":"Point","coordinates":[21.76773154484419,47.597992367161645]}},{"type":"Feature","properties":{"name":"Node","marker-size":"small","marker-color":"#666666"},"geometry":{"type":"Point","coordinates":[20.805949078700753,48.09301928843411]}},{"type":"Feature","properties":{"name":"Node","marker-size":"small","marker-color":"#666666"},"geometry":{"type":"Point","coordinates":[21.116242037483136,48.32995889977551]}},{"type":"Feature","properties":{"name":"Node","marker-size":"small","marker-color":"#666666"},"geometry":{"type":"Point","coordinates":[21.09013636910259,48.32537178912947]}},{"type":"Feature","properties":{"name":"Node","marker-size":"small","marker-color":"#666666"},"geometry":{"type":"Point","coordinates":[21.970709078964315,48.32627099225778]}},{"type":"Feature","properties":{"name":"Node","marker-size":"small","marker-color":"#666666"},"geometry":{"type":"Point","coordinates":[20.207399234218112,46.26358735962301]}},{"type":"Feature","properties":{"name":"Node","marker-size":"small","marker-color":"#666666"},"geometry":{"type":"Point","coordinates":[20.34083428150395,46.27375426771131]}},{"type":"Feature","properties":{"name":"Node","marker-size":"small","marker-color":"#666666"},"geometry":{"type":"Point","coordinates":[16.42226019452,46.94175732821256]}},{"type":"Feature","properties":{"name":"Node","marker-size":"small","marker-color":"#666666"},"geometry":{"type":"Point","coordinates":[18.07284233715457,47.16021728601209]}},{"type":"Feature","properties":{"name":"Node","marker-size":"small","marker-color":"#666666"},"geometry":{"type":"Point","coordinates":[17.293517238382513,47.351871873491625]}},{"type":"Feature","properties":{"name":"Node","marker-size":"small","marker-color":"#666666"},"geometry":{"type":"Point","coordinates":[17.853675307520867,46.55180987387817]}},{"type":"Feature","properties":{"name":"Node","marker-size":"small","marker-color":"#666666"},"geometry":{"type":"Point","coordinates":[19.166480999797134,47.22036177242768]}},{"type":"Feature","properties":{"name":"Node","marker-size":"small","marker-color":"#666666"},"geometry":{"type":"Point","coordinates":[19.062626208428977,47.253254048342434]}},{"type":"Feature","properties":{"name":"Node","marker-size":"small","marker-color":"#666666"},"geometry":{"type":"Point","coordinates":[19.00708817944124,47.09346256319247]}},{"type":"Feature","properties":{"name":"Node","marker-size":"small","marker-color":"#666666"},"geometry":{"type":"Point","coordinates":[18.985967194470422,47.36226547623603]}},{"type":"Feature","properties":{"name":"Node","marker-size":"small","marker-color":"#666666"},"geometry":{"type":"Point","coordinates":[19.231278762987806,47.300799489249115]}},{"type":"Feature","properties":{"name":"Node","marker-size":"small","marker-color":"#666666"},"geometry":{"type":"Point","coordinates":[18.958744300903003,47.23036831640962]}},{"type":"Feature","properties":{"name":"Node","marker-size":"small","marker-color":"#666666"},"geometry":{"type":"Point","coordinates":[18.927772579021084,47.23372814211825]}},{"type":"Feature","properties":{"name":"Node","marker-size":"small","marker-color":"#666666"},"geometry":{"type":"Point","coordinates":[20.143569281705776,47.03479716583991]}},{"type":"Feature","properties":{"name":"Node","marker-size":"small","marker-color":"#666666"},"geometry":{"type":"Point","coordinates":[16.848292444239135,46.39738561447218]}},{"type":"Feature","properties":{"name":"Node","marker-size":"small","marker-color":"#666666"},"geometry":{"type":"Point","coordinates":[19.97912972734927,48.03926711833271]}},{"type":"Feature","properties":{"name":"Node","marker-size":"small","marker-color":"#666666"},"geometry":{"type":"Point","coordinates":[17.7016412842799,47.48317187178153]}},{"type":"Feature","properties":{"name":"Node","marker-size":"small","marker-color":"#666666"},"geometry":{"type":"Point","coordinates":[19.295189581411858,47.84553919380696]}},{"type":"Feature","properties":{"name":"Node","marker-size":"small","marker-color":"#666666"},"geometry":{"type":"Point","coordinates":[16.64866144409799,47.20413186421461]}},{"type":"Feature","properties":{"name":"Node","marker-size":"small","marker-color":"#666666"},"geometry":{"type":"Point","coordinates":[16.942072256925282,46.255276097542485]}},{"type":"Feature","properties":{"name":"Node","marker-size":"small","marker-color":"#666666"},"geometry":{"type":"Point","coordinates":[19.012724089074784,47.82993579127605]}},{"type":"Feature","properties":{"name":"Node","marker-size":"small","marker-color":"#666666"},"geometry":{"type":"Point","coordinates":[20.41914131717956,47.71973610391764]}},{"type":"Feature","properties":{"name":"Node","marker-size":"small","marker-color":"#666666"},"geometry":{"type":"Point","coordinates":[20.363855308219005,47.89904092005644]}},{"type":"Feature","properties":{"name":"Node","marker-size":"small","marker-color":"#666666"},"geometry":{"type":"Point","coordinates":[20.535971348729415,47.71922530455638]}},{"type":"Feature","properties":{"name":"Node","marker-size":"small","marker-color":"#666666"},"geometry":{"type":"Point","coordinates":[20.52065434806669,47.74616342151531]}},{"type":"Feature","properties":{"name":"Node","marker-size":"small","marker-color":"#666666"},"geometry":{"type":"Point","coordinates":[18.163206216558198,46.85904752851853]}},{"type":"Feature","properties":{"name":"Node","marker-size":"small","marker-color":"#666666"},"geometry":{"type":"Point","coordinates":[17.51479518723266,46.803916302260404]}},{"type":"Feature","properties":{"name":"Node","marker-size":"small","marker-color":"#666666"},"geometry":{"type":"Point","coordinates":[17.51101341654105,46.811961958771526]}},{"type":"Feature","properties":{"name":"Node","marker-size":"small","marker-color":"#666666"},"geometry":{"type":"Point","coordinates":[17.472626535654133,46.80953502883903]}},{"type":"Feature","properties":{"name":"Node","marker-size":"small","marker-color":"#666666"},"geometry":{"type":"Point","coordinates":[17.38176233888331,46.803942848576554]}},{"type":"Feature","properties":{"name":"Node","marker-size":"small","marker-color":"#666666"},"geometry":{"type":"Point","coordinates":[17.972756508192315,46.83967707058375]}},{"type":"Feature","properties":{"name":"Node","marker-size":"small","marker-color":"#666666"},"geometry":{"type":"Point","coordinates":[17.3847860035458,46.67315876080651]}},{"type":"Feature","properties":{"name":"Node","marker-size":"small","marker-color":"#666666"},"geometry":{"type":"Point","coordinates":[17.45623733339694,46.007183629953374]}},{"type":"Feature","properties":{"name":"Node","marker-size":"small","marker-color":"#666666"},"geometry":{"type":"Point","coordinates":[17.452792204725096,45.96182075162938]}},{"type":"Feature","properties":{"name":"Node","marker-size":"small","marker-color":"#666666"},"geometry":{"type":"Point","coordinates":[17.448204030302122,45.95397380628278]}},{"type":"Feature","properties":{"name":"Node","marker-size":"small","marker-color":"#666666"},"geometry":{"type":"Point","coordinates":[17.420551627565477,45.99745804946882]}},{"type":"Feature","properties":{"name":"Node","marker-size":"small","marker-color":"#666666"},"geometry":{"type":"Point","coordinates":[16.773659510954676,46.44693406489765]}},{"type":"Feature","properties":{"name":"Node","marker-size":"small","marker-color":"#666666"},"geometry":{"type":"Point","coordinates":[18.4307087368176,45.79211629940364]}},{"type":"Feature","properties":{"name":"Node","marker-size":"small","marker-color":"#666666"},"geometry":{"type":"Point","coordinates":[18.51204713321994,45.96456142410436]}},{"type":"Feature","properties":{"name":"Node","marker-size":"small","marker-color":"#666666"},"geometry":{"type":"Point","coordinates":[18.967339762217616,46.73895947066136]}},{"type":"Feature","properties":{"name":"Node","marker-size":"small","marker-color":"#666666"},"geometry":{"type":"Point","coordinates":[18.765076895827686,46.28397774664163]}},{"type":"Feature","properties":{"name":"Node","marker-size":"small","marker-color":"#666666"},"geometry":{"type":"Point","coordinates":[18.75872316967571,46.08295855516613]}},{"type":"Feature","properties":{"name":"Node","marker-size":"small","marker-color":"#666666"},"geometry":{"type":"Point","coordinates":[17.54643733254857,46.74264625726374]}},{"type":"Feature","properties":{"name":"Node","marker-size":"small","marker-color":"#666666"},"geometry":{"type":"Point","coordinates":[16.98873292723155,46.60262940643742]}},{"type":"Feature","properties":{"name":"Node","marker-size":"small","marker-color":"#666666"},"geometry":{"type":"Point","coordinates":[18.13623335199527,45.97011021557791]}},{"type":"Feature","properties":{"name":"Node","marker-size":"small","marker-color":"#666666"},"geometry":{"type":"Point","coordinates":[17.68810012294773,46.6469077460446]}},{"type":"Feature","properties":{"name":"Node","marker-size":"small","marker-color":"#666666"},"geometry":{"type":"Point","coordinates":[18.619394516437357,46.40363675060649]}},{"type":"Feature","properties":{"name":"Node","marker-size":"small","marker-color":"#666666"},"geometry":{"type":"Point","coordinates":[18.513267081677604,47.64555243221484]}},{"type":"Feature","properties":{"name":"Node","marker-size":"small","marker-color":"#666666"},"geometry":{"type":"Point","coordinates":[17.56673292485888,46.11652819771279]}},{"type":"Feature","properties":{"name":"Node","marker-size":"small","marker-color":"#666666"},"geometry":{"type":"Point","coordinates":[17.112045073030792,46.36321107114114]}},{"type":"Feature","properties":{"name":"Node","marker-size":"small","marker-color":"#666666"},"geometry":{"type":"Point","coordinates":[17.163330185783156,47.12118670088906]}},{"type":"Feature","properties":{"name":"Node","marker-size":"small","marker-color":"#666666"},"geometry":{"type":"Point","coordinates":[17.09787289573489,46.84400648755028]}},{"type":"Feature","properties":{"name":"Node","marker-size":"small","marker-color":"#666666"},"geometry":{"type":"Point","coordinates":[18.70675293931349,45.9487664267637]}},{"type":"Feature","properties":{"name":"Node","marker-size":"small","marker-color":"#666666"},"geometry":{"type":"Point","coordinates":[17.645153368777564,46.14016129063647]}},{"type":"Feature","properties":{"name":"Node","marker-size":"small","marker-color":"#666666"},"geometry":{"type":"Point","coordinates":[17.69177067695185,45.896358967567586]}},{"type":"Feature","properties":{"name":"Node","marker-size":"small","marker-color":"#666666"},"geometry":{"type":"Point","coordinates":[18.62532771903963,46.00542407422362]}},{"type":"Feature","properties":{"name":"Node","marker-size":"small","marker-color":"#666666"},"geometry":{"type":"Point","coordinates":[16.54152887760205,46.62291665300839]}},{"type":"Feature","properties":{"name":"Node","marker-size":"small","marker-color":"#666666"},"geometry":{"type":"Point","coordinates":[16.55626399916422,46.5560064637336]}},{"type":"Feature","properties":{"name":"Node","marker-size":"small","marker-color":"#666666"},"geometry":{"type":"Point","coordinates":[18.598829902438986,45.906471549215496]}},{"type":"Feature","properties":{"name":"Node","marker-size":"small","marker-color":"#666666"},"geometry":{"type":"Point","coordinates":[18.462109568663582,46.026473033049406]}},{"type":"Feature","properties":{"name":"Node","marker-size":"small","marker-color":"#666666"},"geometry":{"type":"Point","coordinates":[18.64367582505394,46.47465161677657]}},{"type":"Feature","properties":{"name":"Node","marker-size":"small","marker-color":"#666666"},"geometry":{"type":"Point","coordinates":[16.86946878512957,47.1639105879607]}},{"type":"Feature","properties":{"name":"Node","marker-size":"small","marker-color":"#666666"},"geometry":{"type":"Point","coordinates":[17.55288735724978,46.92468225366626]}},{"type":"Feature","properties":{"name":"Node","marker-size":"small","marker-color":"#666666"},"geometry":{"type":"Point","coordinates":[18.65788054822017,46.61744174128413]}},{"type":"Feature","properties":{"name":"Node","marker-size":"small","marker-color":"#666666"},"geometry":{"type":"Point","coordinates":[16.962496610968373,46.449634448080324]}},{"type":"Feature","properties":{"name":"Node","marker-size":"small","marker-color":"#666666"},"geometry":{"type":"Point","coordinates":[16.994584405661634,46.44402965462597]}},{"type":"Feature","properties":{"name":"Node","marker-size":"small","marker-color":"#666666"},"geometry":{"type":"Point","coordinates":[17.483258667521735,46.83104659149615]}},{"type":"Feature","properties":{"name":"Node","marker-size":"small","marker-color":"#666666"},"geometry":{"type":"Point","coordinates":[17.873891171565404,47.053726697000414]}},{"type":"Feature","properties":{"name":"Node","marker-size":"small","marker-color":"#666666"},"geometry":{"type":"Point","coordinates":[17.623980451015733,46.74352792630506]}},{"type":"Feature","properties":{"name":"Node","marker-size":"small","marker-color":"#666666"},"geometry":{"type":"Point","coordinates":[18.758592909073005,46.3147539126611]}},{"type":"Feature","properties":{"name":"Node","marker-size":"small","marker-color":"#666666"},"geometry":{"type":"Point","coordinates":[18.073268000985735,47.160288175289104]}},{"type":"Feature","properties":{"name":"Node","marker-size":"small","marker-color":"#666666"},"geometry":{"type":"Point","coordinates":[17.009481913012557,46.72158440375954]}},{"type":"Feature","properties":{"name":"Node","marker-size":"small","marker-color":"#666666"},"geometry":{"type":"Point","coordinates":[18.08166280777121,47.08173566018097]}},{"type":"Feature","properties":{"name":"Node","marker-size":"small","marker-color":"#666666"},"geometry":{"type":"Point","coordinates":[18.103479385679087,46.83410008170778]}},{"type":"Feature","properties":{"name":"Node","marker-size":"small","marker-color":"#666666"},"geometry":{"type":"Point","coordinates":[18.65071919563247,46.39237913429531]}},{"type":"Feature","properties":{"name":"Node","marker-size":"small","marker-color":"#666666"},"geometry":{"type":"Point","coordinates":[17.29683473035385,46.58805009268519]}},{"type":"Feature","properties":{"name":"Node","marker-size":"small","marker-color":"#666666"},"geometry":{"type":"Point","coordinates":[17.187037462374356,46.16859545202442]}},{"type":"Feature","properties":{"name":"Node","marker-size":"small","marker-color":"#666666"},"geometry":{"type":"Point","coordinates":[18.0298223498163,47.37070134346258]}},{"type":"Feature","properties":{"name":"Node","marker-size":"small","marker-color":"#666666"},"geometry":{"type":"Point","coordinates":[18.237854652409855,45.94917502794956]}},{"type":"Feature","properties":{"name":"Node","marker-size":"small","marker-color":"#666666"},"geometry":{"type":"Point","coordinates":[18.693166006702317,46.35222817625616]}},{"type":"Feature","properties":{"name":"Node","marker-size":"small","marker-color":"#666666"},"geometry":{"type":"Point","coordinates":[17.807468538961352,46.04636009326482]}},{"type":"Feature","properties":{"name":"Node","marker-size":"small","marker-color":"#666666"},"geometry":{"type":"Point","coordinates":[17.430662735551476,46.798831483819]}},{"type":"Feature","properties":{"name":"Node","marker-size":"small","marker-color":"#666666"},"geometry":{"type":"Point","coordinates":[18.663380630564884,47.59197258293242]}},{"type":"Feature","properties":{"name":"Node","marker-size":"small","marker-color":"#666666"},"geometry":{"type":"Point","coordinates":[17.54994315837286,46.05332999086522]}},{"type":"Feature","properties":{"name":"Node","marker-size":"small","marker-color":"#666666"},"geometry":{"type":"Point","coordinates":[17.568317823682566,46.9801564468398]}},{"type":"Feature","properties":{"name":"Node","marker-size":"small","marker-color":"#666666"},"geometry":{"type":"Point","coordinates":[17.523638280272458,46.61804139793212]}},{"type":"Feature","properties":{"name":"Node","marker-size":"small","marker-color":"#666666"},"geometry":{"type":"Point","coordinates":[18.048913967667325,46.60092315681352]}},{"type":"Feature","properties":{"name":"Node","marker-size":"small","marker-color":"#666666"},"geometry":{"type":"Point","coordinates":[17.10548519916193,46.98277691600131]}},{"type":"Feature","properties":{"name":"Node","marker-size":"small","marker-color":"#666666"},"geometry":{"type":"Point","coordinates":[18.6167520334144,46.15674285819532]}},{"type":"Feature","properties":{"name":"Node","marker-size":"small","marker-color":"#666666"},"geometry":{"type":"Point","coordinates":[18.36700404285759,47.50966711212983]}},{"type":"Feature","properties":{"name":"Node","marker-size":"small","marker-color":"#666666"},"geometry":{"type":"Point","coordinates":[17.949098763898046,47.143694708667574]}},{"type":"Feature","properties":{"name":"Node","marker-size":"small","marker-color":"#666666"},"geometry":{"type":"Point","coordinates":[17.228464666660738,46.09010695790435]}},{"type":"Feature","properties":{"name":"Node","marker-size":"small","marker-color":"#666666"},"geometry":{"type":"Point","coordinates":[17.26840923703175,46.66445561567787]}},{"type":"Feature","properties":{"name":"Node","marker-size":"small","marker-color":"#666666"},"geometry":{"type":"Point","coordinates":[16.946994183445696,46.27966583391421]}},{"type":"Feature","properties":{"name":"Node","marker-size":"small","marker-color":"#666666"},"geometry":{"type":"Point","coordinates":[17.027363217373495,46.976974523768554]}},{"type":"Feature","properties":{"name":"Node","marker-size":"small","marker-color":"#666666"},"geometry":{"type":"Point","coordinates":[16.800517716877458,46.8630783108491]}},{"type":"Feature","properties":{"name":"Node","marker-size":"small","marker-color":"#666666"},"geometry":{"type":"Point","coordinates":[18.413477696648556,47.31803205429198]}},{"type":"Feature","properties":{"name":"Node","marker-size":"small","marker-color":"#666666"},"geometry":{"type":"Point","coordinates":[17.35703724909865,47.63333637371616]}},{"type":"Feature","properties":{"name":"Node","marker-size":"small","marker-color":"#666666"},"geometry":{"type":"Point","coordinates":[18.288613393266168,46.37596443184232]}},{"type":"Feature","properties":{"name":"Node","marker-size":"small","marker-color":"#666666"},"geometry":{"type":"Point","coordinates":[17.388578377463773,46.406479791192915]}},{"type":"Feature","properties":{"name":"Node","marker-size":"small","marker-color":"#666666"},"geometry":{"type":"Point","coordinates":[21.607829643430236,47.514528009449315]}},{"type":"Feature","properties":{"name":"Node","marker-size":"small","marker-color":"#666666"},"geometry":{"type":"Point","coordinates":[19.037500080329874,47.51237880530569]}},{"type":"Feature","properties":{"name":"Node","marker-size":"small","marker-color":"#666666"},"geometry":{"type":"Point","coordinates":[17.837006703219444,46.82344051601202]}},{"type":"Feature","properties":{"name":"Node","marker-size":"small","marker-color":"#666666"},"geometry":{"type":"Point","coordinates":[19.138848438594152,47.6296605743099]}},{"type":"Feature","properties":{"name":"Node","marker-size":"small","marker-color":"#666666"},"geometry":{"type":"Point","coordinates":[18.97860949183452,47.53094921928193]}},{"type":"Feature","properties":{"name":"Node","marker-size":"small","marker-color":"#666666"},"geometry":{"type":"Point","coordinates":[19.34885865385835,47.4430358927423]}},{"type":"Feature","properties":{"name":"Node","marker-size":"small","marker-color":"#666666"},"geometry":{"type":"Point","coordinates":[18.478533810006784,46.555377451479856]}},{"type":"Feature","properties":{"name":"Node","marker-size":"small","marker-color":"#666666"},"geometry":{"type":"Point","coordinates":[19.063576762350003,47.53241648079492]}},{"type":"Feature","properties":{"name":"Node","marker-size":"small","marker-color":"#666666"},"geometry":{"type":"Point","coordinates":[19.212412262799482,47.53105118625579]}},{"type":"Feature","properties":{"name":"Node","marker-size":"small","marker-color":"#666666"},"geometry":{"type":"Point","coordinates":[19.07253085204859,47.54587580310369]}},{"type":"Feature","properties":{"name":"Node","marker-size":"small","marker-color":"#666666"},"geometry":{"type":"Point","coordinates":[21.398680422344015,47.448210315651295]}},{"type":"Feature","properties":{"name":"Node","marker-size":"small","marker-color":"#666666"},"geometry":{"type":"Point","coordinates":[18.82967193061256,47.63773586553439]}},{"type":"Feature","properties":{"name":"Node","marker-size":"small","marker-color":"#666666"},"geometry":{"type":"Point","coordinates":[16.801744226353538,46.45043414080519]}},{"type":"Feature","properties":{"name":"Node","marker-size":"small","marker-color":"#666666"},"geometry":{"type":"Point","coordinates":[19.072208065527622,47.473221417335374]}},{"type":"Feature","properties":{"name":"Node","marker-size":"small","marker-color":"#666666"},"geometry":{"type":"Point","coordinates":[19.136502225877166,47.927329386077425]}},{"type":"Feature","properties":{"name":"Node","marker-size":"small","marker-color":"#666666"},"geometry":{"type":"Point","coordinates":[20.964149341811016,47.02888031182232]}},{"type":"Feature","properties":{"name":"Node","marker-size":"small","marker-color":"#666666"},"geometry":{"type":"Point","coordinates":[17.646059489372984,47.60810707629274]}},{"type":"Feature","properties":{"name":"Node","marker-size":"small","marker-color":"#666666"},"geometry":{"type":"Point","coordinates":[18.59171355870753,46.34556638861563]}},{"type":"Feature","properties":{"name":"Node","marker-size":"small","marker-color":"#666666"},"geometry":{"type":"Point","coordinates":[19.062836018702644,47.48947172998696]}},{"type":"Feature","properties":{"name":"Node","marker-size":"small","marker-color":"#666666"},"geometry":{"type":"Point","coordinates":[17.424189465116314,46.50198418768592]}},{"type":"Feature","properties":{"name":"Node","marker-size":"small","marker-color":"#666666"},"geometry":{"type":"Point","coordinates":[17.627876506787796,46.6033398187296]}},{"type":"Feature","properties":{"name":"Node","marker-size":"small","marker-color":"#666666"},"geometry":{"type":"Point","coordinates":[17.19957490913188,47.99818425345753]}},{"type":"Feature","properties":{"name":"Node","marker-size":"small","marker-color":"#666666"},"geometry":{"type":"Point","coordinates":[19.0761765472454,47.34350467483079]}},{"type":"Feature","properties":{"name":"Node","marker-size":"small","marker-color":"#666666"},"geometry":{"type":"Point","coordinates":[16.542991391170197,47.389576071145854]}},{"type":"Feature","properties":{"name":"Node","marker-size":"small","marker-color":"#666666"},"geometry":{"type":"Point","coordinates":[16.835640626298552,47.615573726329984]}},{"type":"Feature","properties":{"name":"Country Boundary","stroke":"#000000","stroke-width":5},"geometry":{"type":"MultiLineString","coordinates":[[[22.877600546000053,47.94673858700013],[22.861167440000088,47.93381947800002],[22.836052693000084,47.902451884000094],[22.819722941000123,47.89232330400005],[22.779622029000052,47.88229807500004],[22.763602335000087,47.87475331700007],[22.752853637000072,47.86123993000011],[22.75326705000009,47.852687480000085],[22.75833134000007,47.846227926000026],[22.760295044000088,47.83891571100004],[22.75182010900008,47.82767608600007],[22.745825643000046,47.824988912000045],[22.724224894000088,47.82349029500004],[22.70386438000014,47.817185771000126],[22.691668741000058,47.81070037900007],[22.66696740700013,47.788789570999995],[22.637718547000077,47.77155548100005],[22.601234985000076,47.760935975000045],[22.562994426000074,47.75721527200004],[22.52847456900011,47.76103932700006],[22.454370565000147,47.78739430800003],[22.42367476400011,47.78256256200002],[22.407345012000093,47.74308176699999],[22.395872843000063,47.73569203699999],[22.38264367700009,47.732023011000095],[22.368277628000072,47.73117034900007],[22.322078898000115,47.73587290500006],[22.309366495000063,47.73504608200001],[22.291589803000136,47.73070526100004],[22.27308964000011,47.723754782000064],[22.26172082500011,47.71584828800009],[22.23981001800007,47.69347239200003],[22.2321619060001,47.6882530730001],[22.215212036000082,47.679933166000055],[22.20787398200008,47.67373199500007],[22.20415327900008,47.66629058900012],[22.20074263500007,47.647945455000055],[22.19764204900011,47.639315491000005],[22.172837361000063,47.6153893030001],[22.16984012900005,47.60877472],[22.169116658000064,47.60138498999999],[22.167608011000112,47.59486230700008],[22.167359660000074,47.59378855400003],[22.162088663000134,47.586243795000065],[22.154177334000053,47.582212640000066],[22.14854943800006,47.5793449910001],[22.099560180000054,47.57094757200013],[22.03744510900009,47.53932159400004],[22.007886189000146,47.51741078700009],[21.988869263000083,47.49294199700005],[21.991453084000085,47.46180694600007],[22.00023807800008,47.42718373600006],[22.00158166500003,47.39382659900009],[21.9815312100001,47.36610219400008],[21.93698612500009,47.357162171000034],[21.919002726000087,47.349669088],[21.900812622000075,47.33574228900003],[21.862158651000072,47.29742421500002],[21.856060831000093,47.28574534100003],[21.84458866400007,47.24993357300009],[21.839317668000064,47.24083852200004],[21.827742147000095,47.226007386],[21.823608033000085,47.214922791000085],[21.82329797300011,47.20332143200004],[21.82567508900013,47.19427805600007],[21.825985148000115,47.18505381300007],[21.819887329000068,47.172728984000045],[21.8115157470001,47.16469329800005],[21.78939823400009,47.15030141300004],[21.779889770000096,47.14074127200003],[21.77544559800009,47.13167205800006],[21.770484659000147,47.114024557000064],[21.76376672400002,47.105213726000095],[21.743509562000014,47.091596985000095],[21.694210246000125,47.0691694130001],[21.67188602700014,47.054725851000065],[21.632818644000054,47.022686463000056],[21.634269538000098,47.01942195100005],[21.636642700000095,47.01408233700003],[21.64522098800012,47.011240133000044],[21.654832805000126,47.009948222],[21.66175744600011,47.00607249000005],[21.67074914600005,46.99439361600007],[21.671369262000013,46.993360087],[21.667545207000074,46.99237823500004],[21.648528279000118,46.9429755660001],[21.64005334400011,46.93568918900003],[21.59437137800009,46.91000600200006],[21.589927206000084,46.908869120000034],[21.588686971000044,46.9061819460001],[21.587136678000036,46.89439971900002],[21.58806685400009,46.8822040810001],[21.591477498000103,46.871532899],[21.59178755700009,46.86070668600006],[21.583415975000037,46.8479426070001],[21.573080689000108,46.841767273000094],[21.536597128000096,46.83502349900005],[21.515719848000117,46.82158762700003],[21.502904094000144,46.805309551],[21.481510051000043,46.76497609500005],[21.477065877000115,46.76022186300004],[21.473655232000084,46.754873353000086],[21.47138146900008,46.74903391500003],[21.470451294000043,46.74301361100008],[21.47262170400012,46.74019724600002],[21.47520552600011,46.73784596800006],[21.478202759000027,46.73593394000003],[21.505177856000074,46.72324737600009],[21.501767212000033,46.70350697900004],[21.483577108000105,46.68485178600007],[21.46352665200004,46.677048645000056],[21.436241495000047,46.67374135300003],[21.425492797000118,46.66201080300006],[21.42353891400009,46.65823096900006],[21.41681115700007,46.6452159630001],[21.396037231,46.626354066000076],[21.374436483000125,46.61844757100003],[21.337642863000042,46.620411275000045],[21.316248820000027,46.616638896000026],[21.300952596000087,46.60392649400008],[21.295268188000136,46.58503875800004],[21.291340779000052,46.54672068300003],[21.27893843600009,46.52840138800007],[21.261678508000102,46.513337707000076],[21.24762251800007,46.497473043000056],[21.245142049,46.47687998500005],[21.27439091000005,46.43835520500009],[21.28069543400008,46.41639272100012],[21.257544393000074,46.404171245],[21.215169718000055,46.402905172000075],[21.19563602700015,46.39809926400007],[21.178789510000087,46.38445668600007],[21.168660929000026,46.36275258500005],[21.1645268150001,46.31825917600006],[21.155948527000078,46.29893219000011],[21.144476359000066,46.283739320000095],[21.13486454200006,46.27852],[21.105615682000092,46.27867502900001],[21.09920780400006,46.27634958900007],[21.051458781000093,46.23609364900004],[21.03347538200009,46.231339417000065],[21.0139416910001,46.24306996700004],[21.007017049000098,46.2488577270001],[20.99916223200009,46.25159657800005],[20.990583944000036,46.25159657800005],[20.981488891000083,46.2488577270001],[20.96174849500011,46.24834096300008],[20.924438110000068,46.2595547480001],[20.906558065000098,46.26219024700003],[20.899736775000065,46.26069163000004],[20.88506066900007,46.25500722300007],[20.875138794000065,46.25438710500002],[20.866973917000053,46.25712595700004],[20.84899051900007,46.26777130200005],[20.839688762000037,46.27107859400006],[20.819638306000087,46.27169871000011],[20.7986576750001,46.267616272000005],[20.7873693330001,46.26339038000005],[20.778503866000108,46.26007151300006],[20.73933313000009,46.237488913000035],[20.73499231000011,46.2319078580001],[20.73550907400005,46.222502747000036],[20.74481083200007,46.200281881000095],[20.744707479000056,46.19227203400003],[20.736645955000142,46.18669097900003],[20.727137492000054,46.187724508000095],[20.717835734000033,46.18999827100002],[20.710290975000078,46.188086243],[20.705330037000124,46.18064483700005],[20.70436755600008,46.16852631600004],[20.704193156000116,46.16633046500009],[20.698818807000066,46.15646026600011],[20.683522583000098,46.1446780400001],[20.663988892000106,46.1377533980001],[20.607558227000084,46.12948516900006],[20.600116821000142,46.12964019800002],[20.588024536000148,46.13284413700008],[20.57810266100006,46.13754669200007],[20.54895715300006,46.15615020800003],[20.50937300600009,46.16767405200004],[20.468548625000096,46.17413360600001],[20.44415734900008,46.146900126],[20.283236938000044,46.143799540000074],[20.24282596900008,46.10809112600005],[20.18846236100009,46.14038889600003],[20.17047896400001,46.14550486200004],[20.145364217000093,46.137081604000045],[20.13802616400011,46.13646148700006],[20.130378051000037,46.13935536800007],[20.120146118000036,46.14922556600003],[20.114771769000072,46.15222279900006],[20.09844201700014,46.15496165000009],[20.088623495000064,46.15413482700007],[20.06340539600012,46.145298157000056],[20.0349833570001,46.14297271800005],[19.993125447000125,46.15940582299999],[19.929150024000137,46.16353993800002],[19.888945760000126,46.15739044200005],[19.873648872000103,46.15299238600003],[19.79045048000006,46.12907175800005],[19.772983846000102,46.13155222600003],[19.711888678000065,46.15870986600007],[19.690094848000086,46.168397522000035],[19.669320923000043,46.17310007700003],[19.6478235270001,46.17387522400012],[19.589739217000044,46.165968730000074],[19.568448527000044,46.1664338180001],[19.5499483640001,46.1641600550001],[19.5252470290001,46.15640859000008],[19.50199263500008,46.14560821500005],[19.487523234000065,46.134239401000066],[19.489280233000045,46.12602284800004],[19.496721639000043,46.11687612000004],[19.499305461000063,46.1086078900001],[19.472950480000094,46.098686015999995],[19.46592248500008,46.09196807900007],[19.4608581950001,46.084474996000054],[19.45372684700007,46.07755035500007],[19.436880330000093,46.06799021400006],[19.428302043000144,46.06550974600007],[19.417243286000144,46.064321188000086],[19.404737590000053,46.06023875000007],[19.396572713000126,46.0515571080001],[19.389131307000127,46.04153188100007],[19.378899373000138,46.03367706400003],[19.36215620900009,46.02964630100006],[19.32515588400014,46.02949127300009],[19.30696577900008,46.02664906900013],[19.298314567000062,46.022122790000076],[19.286915324000063,46.016158753000084],[19.27947391800012,46.003808086000035],[19.27482303900007,45.99161244800011],[19.263454223000082,45.98143219000004],[19.23565230300011,45.977711487000036],[19.1480090740001,45.98406768800005],[19.125788208000074,45.99311106400002],[19.125788208000074,45.99326609300006],[19.111008748000046,46.01295481400011],[19.088477824000023,46.0188459270001],[19.06543013500007,46.01202463800006],[19.04972050000009,45.99311106400002],[19.048583618000094,45.96344879200005],[19.030910279000096,45.96003814700005],[19.00558882700011,45.96257029300001],[18.981817668000133,45.9507880660001],[18.9787170810001,45.94717071600003],[18.977683553000134,45.94350168900004],[18.978820434000028,45.93978098600003],[18.9864685470001,45.93125437500002],[18.988742310000134,45.927016907000066],[18.987502076000084,45.923812969],[18.981817668000133,45.921849264000045],[18.962697388000066,45.927947083],[18.90130578600008,45.931202698],[18.88652632700007,45.9304275520001],[18.876604452000066,45.92241770500003],[18.865442342000023,45.91807688400002],[18.84539188700009,45.9139427700001],[18.828338664000057,45.90572621700007],[18.82245067200003,45.90558190400014],[18.81779667200007,45.90546783500009],[18.804877563000076,45.913632711000034],[18.794852336000133,45.90303904200007],[18.790408162000034,45.89389231400007],[18.785963989000038,45.88691599600007],[18.775525350000095,45.88283355700007],[18.763329712000086,45.883970439000066],[18.723848918000073,45.89843984],[18.6743428960001,45.91037709600003],[18.655636027000128,45.90758656800007],[18.633001750000062,45.89192861000002],[18.629281046000074,45.886864319000054],[18.626283813000043,45.87482371099999],[18.623596639000112,45.86867421500001],[18.62214969900012,45.86841583300004],[18.60737023900012,45.85668528200005],[18.58545943200005,45.82691965800006],[18.57347049900011,45.81668772400009],[18.530269002000068,45.79084950800005],[18.504224081000075,45.784028219],[18.481796509000077,45.791417949000035],[18.46546675600007,45.78371816000002],[18.430740194000123,45.753642477000035],[18.411723267000042,45.743203837000024],[18.40438521300007,45.741808574000046],[18.39756392400011,45.74134348600002],[18.390742635000066,45.741808574000046],[18.38412805200005,45.7431004840001],[18.383817993000065,45.743203837000024],[18.367178182000146,45.758190002999996],[18.351158488000095,45.75839670900005],[18.334932088000073,45.751988831000105],[18.317672160000086,45.74728627500013],[18.30051558400004,45.751833802000064],[18.283255655000062,45.76490793900011],[18.260518026000057,45.765114644000064],[18.229822225000134,45.78123769200006],[18.211218709000065,45.78537180600007],[18.128949829000106,45.78537180600007],[18.12016483500014,45.78340810200006],[18.10290490700004,45.77462310800006],[18.092052856000095,45.77172922800007],[18.08047733500004,45.77172922800007],[17.9753674720001,45.79214141800009],[17.906234389000133,45.79214141800009],[17.889791300000127,45.79214141800009],[17.880489542000106,45.78852406800003],[17.875735311000113,45.78066925100011],[17.870050903000077,45.77348622600006],[17.858061971000012,45.77172922800007],[17.857958618000083,45.77586334199998],[17.83821822100012,45.79963450100006],[17.809176066000134,45.814413961000064],[17.687323038000045,45.84061391300006],[17.664688761000065,45.84164744100006],[17.65652388500007,45.84541982000008],[17.654669375000083,45.85211344100004],[17.653216593000053,45.85735707600013],[17.652079712000045,45.868829244000054],[17.646912069000052,45.883712057000096],[17.64577518700014,45.8918252560001],[17.638437134000128,45.90133372000006],[17.59110152100007,45.93621531200007],[17.55430790200009,45.94779083200011],[17.51193322800006,45.95394032800009],[17.42666711400011,45.95673085500003],[17.4181921790001,45.95301015200003],[17.415401652000128,45.949702860000016],[17.411577596000114,45.946602275000075],[17.406203247000036,45.94365671800008],[17.399692017000064,45.95993479399999],[17.389150024000116,45.963087057000074],[17.36527551200004,45.95673085500003],[17.345328410000093,45.95569732700007],[17.34212447100012,45.95864288300005],[17.34367476400007,45.96753123000006],[17.337887003000077,45.98463612900012],[17.32713830600005,45.97202707999999],[17.316596314000094,45.973784078000065],[17.306613213000105,45.979914052000126],[17.304814087000096,45.981018778000035],[17.29013798000011,45.98463612900012],[17.29013798000011,45.99145741800009],[17.29695927000006,45.99264597600007],[17.309361613000135,45.996625061000074],[17.316803019000048,45.99765859000006],[17.3078113200001,46.00639190700012],[17.291481567000062,46.00794220000004],[17.27587528500004,46.01202463800006],[17.268950643000068,46.02871612600008],[17.266573527000105,46.03879303000003],[17.25406783000011,46.07083241800005],[17.248590128000018,46.080237529],[17.208592570000064,46.116566060000075],[17.19732710800008,46.121165263000094],[17.116195109000046,46.123128967000056],[17.101208943000074,46.128193258000024],[17.052943156000055,46.15346303299999],[17.0412642820001,46.16219635100004],[17.036303344000146,46.17299672500009],[17.028035116000098,46.18048980800004],[16.974808390000135,46.21056549100012],[16.965299926000057,46.21945383700002],[16.940701945000058,46.25149322600002],[16.903288208000106,46.28193064400009],[16.89605350700012,46.28627146400009],[16.889232218000075,46.29216257800006],[16.879311877000134,46.312061961000055],[16.87176558400003,46.32719919900008],[16.875072876000047,46.34285715800006],[16.865461060000115,46.359135234000085],[16.859410685000086,46.36475790900006],[16.850474894000058,46.37306203200005],[16.837659139000067,46.381872864000044],[16.83238814300003,46.38192454100006],[16.83021773200005,46.37735117600003],[16.82753055800012,46.37401804600002],[16.820915975000105,46.37810048500002],[16.816575154000134,46.38197621700009],[16.81233768700008,46.385025127000105],[16.807893514000085,46.38735056600005],[16.80344934100006,46.38869415300008],[16.776474243000052,46.392879944000036],[16.769342895000108,46.396109721000116],[16.76190148900008,46.381872864000044],[16.755080200000123,46.381872864000044],[16.742884562000114,46.39962371800006],[16.712395467000135,46.41267201800013],[16.69358524600011,46.42962188800003],[16.677462199000047,46.448690491000015],[16.65927209500009,46.46419342100001],[16.637671346000047,46.474477031],[16.611109660000096,46.47806854200008],[16.602117960000072,46.48204762800008],[16.59426314300012,46.4829778040001],[16.58806197100006,46.479567159000105],[16.583721151000077,46.47065297500008],[16.577623332000115,46.47065297500008],[16.56429081200008,46.47992889400008],[16.52108931500007,46.49853241000004],[16.515301554000075,46.50171051000011],[16.500832153000147,46.54480865500001],[16.46713911900008,46.564704082000034],[16.430242147000058,46.604391582000105],[16.39458540800007,46.61901601200008],[16.37639530400014,46.62909291600003],[16.372245692000064,46.63634126300006],[16.36843713300007,46.642993876],[16.377635539000067,46.65286407500007],[16.39665246600015,46.65914276200009],[16.40260705700007,46.66310878600005],[16.410501749000105,46.66836700500009],[16.405024048000115,46.68725474100002],[16.39003788200006,46.694153545000106],[16.37143436700009,46.69492869100011],[16.3662163730001,46.69646683100008],[16.36538307300006,46.69671246800009],[16.357585082000128,46.699011129000034],[16.357275024000046,46.71583180800009],[16.34342574100009,46.71417816200004],[16.33412398300007,46.72174875899999],[16.32554569500013,46.73327260400002],[16.31417687900003,46.743323670000066],[16.300430949000088,46.77208160500008],[16.298157186000083,46.77580230800008],[16.29948988400014,46.779509942000075],[16.302187948000068,46.78701609300002],[16.311097363000044,46.79751906200007],[16.31490035000013,46.802002259000105],[16.321824992000103,46.81326772100006],[16.327509400000054,46.82546335900007],[16.32978316200007,46.834403382000104],[16.325338989000073,46.839441834000084],[16.310662883000077,46.84001027500004],[16.30187788900008,46.84321421300009],[16.297392209000122,46.84703294300002],[16.282240845000047,46.859931539000044],[16.272008911000086,46.86396230100003],[16.17948639500011,46.858468339000034],[16.135376424000043,46.85584910100003],[16.130245696000088,46.85670849800008],[16.09403527800012,46.862773743000005],[16.110054972000086,46.86791554800002],[16.122870728000066,46.876364645000095],[16.159147583000106,46.910316061000046],[16.170723104000047,46.91853261300007],[16.196147909000075,46.93129669200003],[16.217025187000047,46.93739451099999],[16.223949829000105,46.94106353799998],[16.230667765000135,46.948349915000065],[16.231184530000093,46.95442189500001],[16.230357707000053,46.959977112000026],[16.232941528000055,46.96607493100008],[16.243070109000115,46.972017721],[16.25299198400012,46.973516338000096],[16.2610535070001,46.97808970200005],[16.26539432800007,46.99325673500006],[16.274902791000073,47.00431549100007],[16.288545369000076,47.0055815640001],[16.3258557530001,47.0004397580001],[16.366576782000067,47.003824565000045],[16.387764120000043,47.002041728000066],[16.405024048000115,46.993153382000045],[16.41039839600009,46.9904145310001],[16.415566040000073,46.989432679000025],[16.420423625000097,46.99025950100004],[16.42476444500008,46.9929983520001],[16.42476444500008,46.99310170500003],[16.441404256000112,46.99522043899999],[16.467449178000066,46.99542714500005],[16.486362752000105,46.998553569000094],[16.48191857900011,47.00937978100006],[16.46755253100011,47.0184231570001],[16.453289836000124,47.02167877300008],[16.424661092000065,47.02408172600004],[16.43716678800004,47.03178151500005],[16.48191857900011,47.044209697000035],[16.493184041000063,47.04914479600004],[16.497214803000077,47.05462249800002],[16.493700805000117,47.05981597900004],[16.48191857900011,47.06389841700006],[16.46176477100005,47.06849762000012],[16.454323364000118,47.08170094899999],[16.46083459500008,47.096299540000054],[16.48191857900011,47.1052395630001],[16.504759563000107,47.12583262100007],[16.50951379300011,47.13753733400007],[16.49731815600009,47.14968129500006],[16.480885051000115,47.15076650100007],[16.447088664000148,47.139707743000045],[16.43365279200009,47.1457538860001],[16.433962850000086,47.15128326500009],[16.4421277270001,47.16833648700005],[16.441817667000123,47.177121480000025],[16.435099732000083,47.18358103400008],[16.426728149000013,47.18412363700013],[16.418769979000047,47.18365855000009],[16.41277551200011,47.18717254600005],[16.409261515000082,47.20368316600003],[16.424661092000065,47.225593974000084],[16.42135380000005,47.24303477000003],[16.42135380000005,47.24313812300007],[16.452463012000095,47.25458445300008],[16.46662235500014,47.26342112300008],[16.473236938000042,47.276805319000104],[16.469206177000046,47.29323842400008],[16.43882043500011,47.33656911300004],[16.436133260000076,47.338558655000085],[16.431689087000052,47.33972137500011],[16.42714156100004,47.34137502000005],[16.42435103400007,47.34519907700009],[16.42497115000012,47.35111602799999],[16.429311971000118,47.35380320200004],[16.434272908000054,47.3555602010001],[16.436443319000148,47.35850575800002],[16.433962850000086,47.39684967100003],[16.444091430000128,47.40951039700006],[16.456597128000027,47.411835836000094],[16.469929647000043,47.40553131200009],[16.48191857900011,47.39230214500007],[16.589405558000124,47.42563344400004],[16.626973417000045,47.44554893500002],[16.64087528400009,47.452918600000054],[16.636844523000093,47.493200378000004],[16.64821333900008,47.50154612200008],[16.677358846000118,47.50986602800005],[16.68800419100009,47.5226301070001],[16.689141072000012,47.538029683999994],[16.681389608000103,47.55056121900008],[16.66754032400013,47.560095521000065],[16.650590454000053,47.56655507400005],[16.656171509000046,47.585933737000104],[16.647696574000065,47.606139221],[16.630229940000106,47.62200388600009],[16.60842248600008,47.62877349900005],[16.575452921000107,47.62494944299999],[16.509617147000142,47.64313954700005],[16.48191857900011,47.63895375600002],[16.425901326000087,47.65427581800007],[16.40781457500009,47.66132965100009],[16.416599568000066,47.66882273400002],[16.431792440000095,47.68546254500005],[16.43913049300008,47.690475159000094],[16.444918254000072,47.685540060000065],[16.449879191000093,47.68241363500003],[16.45453007000006,47.68176768000005],[16.461144653000076,47.684532370000106],[16.4730302320001,47.691767070000076],[16.51292443800014,47.706003927000026],[16.521399373000122,47.71153330500003],[16.52687707500013,47.720137431000055],[16.525120076000064,47.73331492100006],[16.53111454200007,47.74297841500008],[16.56780481000004,47.75419220000002],[16.60976607300006,47.750626526000055],[16.689864543000112,47.72956838000003],[16.702473592000047,47.723599752],[16.707847941000097,47.71460805300005],[16.711568644000096,47.704066061],[16.719216756000094,47.69373077400009],[16.73037886600011,47.68590179500005],[16.741127564000124,47.68145762200005],[16.79745487400004,47.67546315600002],[16.80623986800012,47.676884257000026],[16.81729862500012,47.68424814900003],[16.83693566900007,47.705357971000055],[16.850164836000147,47.712928569],[16.86473758900013,47.68672861700007],[16.902668091000123,47.68202606200002],[16.98193973800008,47.69543609600005],[17.054803508000077,47.70202484200005],[17.075370728000053,47.70848439600009],[17.064001912000066,47.71329030400002],[17.055526977000056,47.72091257800006],[17.05056604000012,47.730989482000034],[17.048705689000116,47.76364898700008],[17.041987752000097,47.78390614900009],[17.040644165000117,47.80111440000006],[17.0556303300001,47.81235402500003],[17.04911910000004,47.81868438800005],[17.03950728300012,47.83736541800003],[17.031652466000082,47.841344504000105],[17.010671834000078,47.84788157200008],[17.004367310000077,47.8523774210001],[17.00405725100009,47.86328114800008],[17.016562948000086,47.86769948300007],[17.051186157000075,47.872892965000084],[17.06761926200005,47.881626282000056],[17.07754113800013,47.891729025000096],[17.083328898000104,47.904829],[17.087463013000047,47.922631531],[17.08539595500008,47.92462107400004],[17.080124959000045,47.92575795500004],[17.07516402200011,47.92777333600008],[17.074130493000013,47.93211415700007],[17.076817668000047,47.934956360000044],[17.086119426000067,47.93921966599999],[17.088083130000115,47.94089915000005],[17.09087365700006,47.94947743800007],[17.095731242000085,47.95573028600008],[17.096144653000096,47.96193145800005],[17.085602661000053,47.97014801100009],[17.148337850000075,48.00544301399998],[17.184821411000087,48.02027415000002],[17.220891560000098,48.015054830000096],[17.262316384000115,48.007282508000046],[17.272671346000067,48.005339661000065],[17.337887003000077,47.99872507700006],[17.36940962800014,47.98120676700011],[17.472039022000047,47.8888093070001],[17.481857544000093,47.88271148800003],[17.492192830000107,47.87981760700006],[17.51730757600012,47.87625193300009],[17.526609334000057,47.87211781800006],[17.560405721000052,47.83798553500007],[17.572601359000146,47.8295364380001],[17.582936646000064,47.82979482100005],[17.592961873000093,47.83310211200005],[17.604227335000132,47.834238993000056],[17.61911014800009,47.82922638000009],[17.639884074000122,47.819201152000076],[17.658384236000074,47.807315573000054],[17.6662390540001,47.797031963000066],[17.676677693000045,47.78917714500004],[17.719244921000097,47.773669069000036],[17.741996704000087,47.76538014800007],[17.82571252400004,47.75000640900008],[17.883531848000132,47.75252142500007],[18.11262007600007,47.76248626700006],[18.235920044000096,47.753882141000034],[18.27302372200006,47.756259257000075],[18.347851196000107,47.77677480100006],[18.552593221000024,47.79284617200001],[18.597448364000115,47.79064992300004],[18.633828572000084,47.77982371100007],[18.66369755000011,47.775896301000024],[18.69284305800005,47.77796335900008],[18.717234334000068,47.78811777800003],[18.750307251000038,47.813620097000054],[18.767670532000068,47.822301738000114],[18.790304810000123,47.82633249900003],[18.814916380000057,47.83219355500001],[18.81645308500012,47.83255950900009],[18.77800581900007,47.851447245000045],[18.748756958000115,47.870722555000086],[18.742245727000068,47.889455262000055],[18.744726196000045,47.91051340800001],[18.754751424000062,47.95180287700002],[18.751444133000064,47.963352560000054],[18.744519490000073,47.96735748300004],[18.743175903000093,47.97105234800004],[18.756198364000056,47.981826885000075],[18.765293416000105,47.98539255800004],[18.784723754000083,47.98761464500004],[18.794232218000076,47.993144023000056],[18.821000610000056,48.03045440700008],[18.8384672440001,48.04001454700008],[18.933595170000075,48.05434889200002],[18.981817668000133,48.061615296000056],[18.996493774000044,48.06621449800009],[19.019016511000103,48.065496862000046],[19.03866174300009,48.06487091100002],[19.09850305200007,48.07073618600002],[19.222526489000046,48.06058176700007],[19.233481893000118,48.06208038400008],[19.293219849000053,48.08776357100005],[19.428198690000045,48.085851543000025],[19.48173547300007,48.11132802300004],[19.483285767000098,48.11649566600006],[19.483802531000038,48.12176666300009],[19.483285767000098,48.12719268800006],[19.48173547300007,48.132670390000065],[19.481425415000103,48.13334218300004],[19.48121870900013,48.13396230100002],[19.481425415000103,48.13442738900004],[19.48173547300007,48.134892477000065],[19.493621053000112,48.15070546500005],[19.50302616400006,48.18941111200006],[19.513981567000144,48.20395802900002],[19.53124149500013,48.21065012700005],[19.62322554500011,48.22700571700007],[19.6338708910001,48.22677317300012],[19.643896118000043,48.22480946899999],[19.655264933000126,48.21834991500005],[19.67696903400011,48.200392354000044],[19.686994263000145,48.1969041950001],[19.733089640000088,48.20289866200004],[19.756550740000137,48.20031484000005],[19.77432743300008,48.18589711600002],[19.774844197000107,48.176078593000035],[19.76915979000009,48.16744862900001],[19.76667932100011,48.15899953200001],[19.77608443200006,48.14951690700004],[19.785592895000036,48.14869008400011],[19.821663045000037,48.157914327000114],[19.84626102700011,48.15266916899999],[19.884294881000073,48.129621480000125],[19.905068806000088,48.12429880800007],[19.92863326000011,48.13008656800004],[19.97390181500009,48.15837941500002],[19.99694950400007,48.16791371700002],[20.0349833570001,48.1758718870001],[20.038302702000124,48.177233057000095],[20.078081502000117,48.193545228000076],[20.096995077000145,48.1984286510001],[20.105263305000108,48.2027953090001],[20.11260135900008,48.21173533200003],[20.11807906100009,48.229718730000016],[20.12200646900004,48.23674672500003],[20.13451216700014,48.24666860000012],[20.143090454000088,48.24780548100005],[20.15332238700006,48.24527333600004],[20.170892375000022,48.24403310200002],[20.18763553900007,48.24899403900007],[20.21781457500009,48.267597555000116],[20.22908003700013,48.27090484700001],[20.249027140000067,48.26418691],[20.260292602000106,48.255892843000126],[20.27238488800009,48.252456360000096],[20.2952258710001,48.26041453100005],[20.324268026000112,48.27994822300006],[20.349279419000084,48.30547638000009],[20.370156697000084,48.33433766700004],[20.409017374000115,48.4137126670001],[20.420592895000084,48.42924143500004],[20.435579060000038,48.442393087000106],[20.46596804300009,48.463790392000114],[20.46823856600011,48.46538909900006],[20.481674439000074,48.47874745700007],[20.482501261000095,48.48226145500003],[20.482914673000096,48.485827128000025],[20.48281132000008,48.48936696400007],[20.4821912030001,48.49288096200003],[20.48022749800009,48.510218404000035],[20.480537557000076,48.518538310000096],[20.481674439000074,48.52608306900005],[20.510509888000115,48.53378285800003],[20.572521606000066,48.536573385000096],[20.784084920000055,48.569052023000026],[20.80031132000005,48.56923289000006],[20.815814250000074,48.56380686400008],[20.84547652100011,48.545823466000016],[20.859945922000065,48.54331716000003],[20.891365193000098,48.54109507200012],[20.945832154000072,48.51897756],[20.981488891000083,48.516858826000046],[21.006500285000072,48.518150737],[21.035955851000068,48.51463673900004],[21.06386112400014,48.50623931900005],[21.08401493300005,48.49301015300007],[21.10933638500012,48.4891085820001],[21.186747680000053,48.51370656400008],[21.219923950000066,48.51871917700005],[21.238010702000082,48.513448182],[21.25041304500013,48.506497701000015],[21.261781861000117,48.50319041000002],[21.27656132000004,48.508719788000015],[21.28824019400011,48.519933574000056],[21.29392460100007,48.530578918000074],[21.302296183000124,48.539906515],[21.32182987400006,48.54758046500008],[21.338573038000106,48.54985422800009],[21.37267948400006,48.550345154000034],[21.424562622000053,48.5612747200001],[21.43913537600011,48.55832916300001],[21.472725057000048,48.54499664399999],[21.490811809000064,48.540268250000096],[21.4993900960001,48.535074769000076],[21.506004679000085,48.52649648000006],[21.515099732000067,48.5071178190001],[21.52181766700008,48.500089824000085],[21.537734008000115,48.49523223900006],[21.57463098100004,48.49556813600005],[21.591684204000074,48.49301015300007],[21.600365844000123,48.481641337000056],[21.613388305000058,48.440351868000064],[21.62155318200007,48.42965484600005],[21.677570434000103,48.37234568300006],[21.701238240000123,48.35394887300008],[21.72769657400002,48.340900574000024],[21.759012492000124,48.333769226000086],[21.78939823400009,48.33552622500007],[21.84117801900007,48.353173727000055],[21.884276164000056,48.35746287100004],[21.91476525900015,48.36909006800009],[21.929338012000102,48.37291412400002],[21.9815312100001,48.374722799000025],[21.999928019000095,48.37896026700007],[22.01801477100011,48.379735413000084],[22.07785607900007,48.37580800400013],[22.096459595000113,48.379425353999984],[22.11392622900007,48.38864959800009],[22.13283980300011,48.404798483],[22.15650760900013,48.40205963100006],[22.158263205000083,48.40222218700008],[22.159298136000103,48.402318014000016],[22.16922001100008,48.40952687600007],[22.20198286900009,48.41815684000004],[22.236089315000072,48.41528879800005],[22.271849406000086,48.40345489500002],[22.25696659300013,48.373224182000016],[22.25675988800006,48.357282003000066],[22.28435510300008,48.358393047000085],[22.291279744000065,48.35756622400005],[22.29872115100008,48.34914296500007],[22.29872115100008,48.33932444300011],[22.296447388000047,48.327800598000074],[22.29737756300011,48.31400299100004],[22.30812626100004,48.293694153000004],[22.357115519000047,48.24310292600005],[22.363626749000105,48.23871042900005],[22.370861450000064,48.237392680000106],[22.378612915000076,48.23886545900011],[22.386467732000114,48.24305125000005],[22.390498495000116,48.2443431600001],[22.394529256000112,48.24475657200009],[22.39876672400007,48.2443431600001],[22.418403768000104,48.23896881100005],[22.434216756000097,48.23674672500003],[22.449719686000094,48.23767690000007],[22.469046672000047,48.24413645400004],[22.4732841390001,48.244498190000044],[22.477418254000042,48.24392974900009],[22.481449015000123,48.24258616200002],[22.555759725000115,48.177163799000034],[22.568885539000092,48.15651906300003],[22.58304488100012,48.12481557300002],[22.60009810300005,48.101121928000076],[22.605472453000118,48.09703949000006],[22.60805627400012,48.096832784000114],[22.621182088000097,48.10176788400007],[22.693219035000055,48.10176788400007],[22.71161584500007,48.10582448400005],[22.72856571400007,48.11313669900004],[22.745722290000117,48.11628896100011],[22.762052043000068,48.10926096600009],[22.765566040000124,48.1045325730001],[22.801429484000067,48.09096750900004],[22.830988403000106,48.0724415080001],[22.84432092300011,48.06104685500009],[22.85475956200014,48.047300924000055],[22.8615808510001,48.02838735000001],[22.857963501000114,48.018026226000096],[22.851348918000042,48.008801982000094],[22.84948856600002,47.993144023000056],[22.8324353430001,47.97893300400007],[22.840806925000066,47.966789043000084],[22.877600546000053,47.94673858700013]]]}},{"type":"Feature","properties":{"name":"Other distance","stroke":"#229922","stroke-width":1.5},"geometry":{"type":"LineString","coordinates":[[20.481674439000074,48.52608306900005],[20.727739576846876,48.4072713751069]]}},{"type":"Feature","properties":{"name":"Other distance","stroke":"#229922","stroke-width":1.5},"geometry":{"type":"LineString","coordinates":[[20.481674439000074,48.52608306900005],[20.72841939755157,48.40612907626536]]}},{"type":"Feature","properties":{"name":"Destination","marker-size":"large","marker-color":"#009900","marker-symbol":"1","info":"48.52608306900005\n20.481674439000074\n21.189466km (1.)","distance":21.189466,"opposite-point":[20.673716292735882,48.38468519609982],"position":1},"geometry":{"type":"Point","coordinates":[20.481674439000074,48.52608306900005]}},{"type":"Feature","properties":{"name":"Distance","stroke":"#992222","stroke-width":2.5,"distance":21.189466,"position":1},"geometry":{"type":"LineString","coordinates":[[20.481674439000074,48.52608306900005],[20.673716292735882,48.38468519609982]]}},{"type":"Feature","properties":{"name":"Other distance","stroke":"#229922","stroke-width":1.5},"geometry":{"type":"LineString","coordinates":[[20.932076684912168,48.52456327190744],[21.229131181623355,48.503476877831986]]}},{"type":"Feature","properties":{"name":"Other distance","stroke":"#229922","stroke-width":1.5},"geometry":{"type":"LineString","coordinates":[[20.932076684912168,48.52456327190744],[20.727739576846876,48.4072713751069]]}},{"type":"Feature","properties":{"name":"Other distance","stroke":"#229922","stroke-width":1.5},"geometry":{"type":"LineString","coordinates":[[20.932076684912168,48.52456327190744],[21.126634779914465,48.38874845368878]]}},{"type":"Feature","properties":{"name":"Destination","marker-size":"large","marker-color":"#009900","marker-symbol":"2","info":"48.52456327190744\n20.932076684912168\n19.867496km (2.)","distance":19.867496,"opposite-point":[21.168643669861723,48.439791288814824],"position":2},"geometry":{"type":"Point","coordinates":[20.932076684912168,48.52456327190744]}},{"type":"Feature","properties":{"name":"Distance","stroke":"#992222","stroke-width":2.5,"distance":19.867496,"position":2},"geometry":{"type":"LineString","coordinates":[[20.932076684912168,48.52456327190744],[21.168643669861723,48.439791288814824]]}},{"type":"Feature","properties":{"name":"Destination","marker-size":"large","marker-color":"#009900","marker-symbol":"3","info":"47.74308176699999\n22.407345012000093\n18.552644km (3.)","distance":18.552644,"opposite-point":[22.18450807420505,47.815765556268936],"position":3},"geometry":{"type":"Point","coordinates":[22.407345012000093,47.74308176699999]}},{"type":"Feature","properties":{"name":"Distance","stroke":"#992222","stroke-width":2.5,"distance":18.552644,"position":3},"geometry":{"type":"LineString","coordinates":[[22.407345012000093,47.74308176699999],[22.18450807420505,47.815765556268936]]}},{"type":"Feature","properties":{"name":"Other distance","stroke":"#229922","stroke-width":1.5},"geometry":{"type":"LineString","coordinates":[[22.862952136706834,47.93522254150406],[22.681865,47.8350191]]}},{"type":"Feature","properties":{"name":"Destination","marker-size":"large","marker-color":"#009900","marker-symbol":"4","info":"47.93522254150406\n22.862952136706834\n17.647031km (4.)","distance":17.647031,"opposite-point":[22.826958154440803,48.092084012573885],"position":4},"geometry":{"type":"Point","coordinates":[22.862952136706834,47.93522254150406]}},{"type":"Feature","properties":{"name":"Distance","stroke":"#992222","stroke-width":2.5,"distance":17.647031,"position":4},"geometry":{"type":"LineString","coordinates":[[22.862952136706834,47.93522254150406],[22.826958154440803,48.092084012573885]]}},{"type":"Feature","properties":{"name":"Other distance","stroke":"#229922","stroke-width":1.5},"geometry":{"type":"LineString","coordinates":[[22.481449015000123,48.24258616200002],[22.320872437373453,48.12699433905011]]}},{"type":"Feature","properties":{"name":"Other distance","stroke":"#229922","stroke-width":1.5},"geometry":{"type":"LineString","coordinates":[[22.481449015000123,48.24258616200002],[22.318921211762497,48.12724403907915]]}},{"type":"Feature","properties":{"name":"Destination","marker-size":"large","marker-color":"#009900","marker-symbol":"5","info":"48.24258616200002\n22.481449015000123\n17.439757km (5.)","distance":17.439757,"opposite-point":[22.3180123,48.130094],"position":5},"geometry":{"type":"Point","coordinates":[22.481449015000123,48.24258616200002]}},{"type":"Feature","properties":{"name":"Distance","stroke":"#992222","stroke-width":2.5,"distance":17.439757,"position":5},"geometry":{"type":"LineString","coordinates":[[22.481449015000123,48.24258616200002],[22.3180123,48.130094]]}},{"type":"Feature","properties":{"name":"Other distance","stroke":"#229922","stroke-width":1.5},"geometry":{"type":"LineString","coordinates":[[16.35754070591553,46.70141853624029],[16.419752651518817,46.83855215047081]]}},{"type":"Feature","properties":{"name":"Other distance","stroke":"#229922","stroke-width":1.5},"geometry":{"type":"LineString","coordinates":[[16.35754070591553,46.70141853624029],[16.534057793699407,46.62277800091437]]}},{"type":"Feature","properties":{"name":"Other distance","stroke":"#229922","stroke-width":1.5},"geometry":{"type":"LineString","coordinates":[[16.35754070591553,46.70141853624029],[16.54424,46.6249518]]}},{"type":"Feature","properties":{"name":"Destination","marker-size":"large","marker-color":"#009900","marker-symbol":"6","info":"46.70141853624029\n16.35754070591553\n15.967435km (6.)","distance":15.967435,"opposite-point":[16.420730235404715,46.8383349492995],"position":6},"geometry":{"type":"Point","coordinates":[16.35754070591553,46.70141853624029]}},{"type":"Feature","properties":{"name":"Distance","stroke":"#992222","stroke-width":2.5,"distance":15.967435,"position":6},"geometry":{"type":"LineString","coordinates":[[16.35754070591553,46.70141853624029],[16.420730235404715,46.8383349492995]]}},{"type":"Feature","properties":{"name":"Other distance","stroke":"#229922","stroke-width":1.5},"geometry":{"type":"LineString","coordinates":[[21.58928611832968,46.878389261403775],[21.4440458,46.7762154]]}},{"type":"Feature","properties":{"name":"Destination","marker-size":"large","marker-color":"#009900","marker-symbol":"7","info":"46.878389261403775\n21.58928611832968\n15.822375km (7.)","distance":15.822375,"opposite-point":[21.492253611016846,47.00424747311598],"position":7},"geometry":{"type":"Point","coordinates":[21.58928611832968,46.878389261403775]}},{"type":"Feature","properties":{"name":"Distance","stroke":"#992222","stroke-width":2.5,"distance":15.822375,"position":7},"geometry":{"type":"LineString","coordinates":[[21.58928611832968,46.878389261403775],[21.492253611016846,47.00424747311598]]}},{"type":"Feature","properties":{"name":"Other distance","stroke":"#229922","stroke-width":1.5},"geometry":{"type":"LineString","coordinates":[[16.09403527800012,46.862773743000005],[16.2692888,46.9554581]]}},{"type":"Feature","properties":{"name":"Destination","marker-size":"large","marker-color":"#009900","marker-symbol":"8","info":"46.862773743000005\n16.09403527800012\n15.628105km (8.)","distance":15.628105,"opposite-point":[16.260674666248573,46.944741032443254],"position":8},"geometry":{"type":"Point","coordinates":[16.09403527800012,46.862773743000005]}},{"type":"Feature","properties":{"name":"Distance","stroke":"#992222","stroke-width":2.5,"distance":15.628105,"position":8},"geometry":{"type":"LineString","coordinates":[[16.09403527800012,46.862773743000005],[16.260674666248573,46.944741032443254]]}},{"type":"Feature","properties":{"name":"Other distance","stroke":"#229922","stroke-width":1.5},"geometry":{"type":"LineString","coordinates":[[16.7458388515662,46.601480288287966],[16.9468531724466,46.60279220475464]]}},{"type":"Feature","properties":{"name":"Other distance","stroke":"#229922","stroke-width":1.5},"geometry":{"type":"LineString","coordinates":[[16.7458388515662,46.601480288287966],[16.54733947684007,46.623075165597406]]}},{"type":"Feature","properties":{"name":"Other distance","stroke":"#229922","stroke-width":1.5},"geometry":{"type":"LineString","coordinates":[[16.7458388515662,46.601480288287966],[16.54152887760205,46.62291665300839]]}},{"type":"Feature","properties":{"name":"Other distance","stroke":"#229922","stroke-width":1.5},"geometry":{"type":"LineString","coordinates":[[16.7458388515662,46.601480288287966],[16.534057793699407,46.62277800091437]]}},{"type":"Feature","properties":{"name":"Destination","marker-size":"large","marker-color":"#009900","marker-symbol":"9","info":"46.601480288287966\n16.7458388515662\n15.385369km (9.)","distance":15.385369,"opposite-point":[16.55626399916422,46.5560064637336],"position":9},"geometry":{"type":"Point","coordinates":[16.7458388515662,46.601480288287966]}},{"type":"Feature","properties":{"name":"Distance","stroke":"#992222","stroke-width":2.5,"distance":15.385369,"position":9},"geometry":{"type":"LineString","coordinates":[[16.7458388515662,46.601480288287966],[16.55626399916422,46.5560064637336]]}},{"type":"Feature","properties":{"name":"Other distance","stroke":"#229922","stroke-width":1.5},"geometry":{"type":"LineString","coordinates":[[16.584943474301397,46.759066936043325],[16.420730235404715,46.8383349492995]]}},{"type":"Feature","properties":{"name":"Other distance","stroke":"#229922","stroke-width":1.5},"geometry":{"type":"LineString","coordinates":[[16.584943474301397,46.759066936043325],[16.54424,46.6249518]]}},{"type":"Feature","properties":{"name":"Other distance","stroke":"#229922","stroke-width":1.5},"geometry":{"type":"LineString","coordinates":[[16.584943474301397,46.759066936043325],[16.54733947684007,46.623075165597406]]}},{"type":"Feature","properties":{"name":"Destination","marker-size":"large","marker-color":"#009900","marker-symbol":"a","info":"46.759066936043325\n16.584943474301397\n15.383614km (10.)","distance":15.383614,"opposite-point":[16.786093211627538,46.76562231673015],"position":10},"geometry":{"type":"Point","coordinates":[16.584943474301397,46.759066936043325]}},{"type":"Feature","properties":{"name":"Distance","stroke":"#992222","stroke-width":2.5,"distance":15.383614,"position":10},"geometry":{"type":"LineString","coordinates":[[16.584943474301397,46.759066936043325],[16.786093211627538,46.76562231673015]]}},{"type":"Feature","properties":{"name":"Other distance","stroke":"#229922","stroke-width":1.5},"geometry":{"type":"LineString","coordinates":[[18.94444883219557,48.05598437538772],[19.044630975440356,47.94149749983276]]}},{"type":"Feature","properties":{"name":"Other distance","stroke":"#229922","stroke-width":1.5},"geometry":{"type":"LineString","coordinates":[[18.94444883219557,48.05598437538772],[19.14388992121112,48.01857340322148]]}},{"type":"Feature","properties":{"name":"Destination","marker-size":"large","marker-color":"#009900","marker-symbol":"b","info":"48.05598437538772\n18.94444883219557\n14.682007km (11.)","distance":14.682007,"opposite-point":[18.784861002040287,47.978710272531714],"position":11},"geometry":{"type":"Point","coordinates":[18.94444883219557,48.05598437538772]}},{"type":"Feature","properties":{"name":"Distance","stroke":"#992222","stroke-width":2.5,"distance":14.682007,"position":11},"geometry":{"type":"LineString","coordinates":[[18.94444883219557,48.05598437538772],[18.784861002040287,47.978710272531714]]}},{"type":"Feature","properties":{"name":"Other distance","stroke":"#229922","stroke-width":1.5},"geometry":{"type":"LineString","coordinates":[[21.403312157387926,47.12006499978978],[21.535902,47.214628999999995]]}},{"type":"Feature","properties":{"name":"Other distance","stroke":"#229922","stroke-width":1.5},"geometry":{"type":"LineString","coordinates":[[21.403312157387926,47.12006499978978],[21.21214142121359,47.106948831649675]]}},{"type":"Feature","properties":{"name":"Destination","marker-size":"large","marker-color":"#009900","marker-symbol":"c","info":"47.12006499978978\n21.403312157387926\n14.540826km (12.)","distance":14.540826,"opposite-point":[21.492253611016846,47.00424747311598],"position":12},"geometry":{"type":"Point","coordinates":[21.403312157387926,47.12006499978978]}},{"type":"Feature","properties":{"name":"Distance","stroke":"#992222","stroke-width":2.5,"distance":14.540826,"position":12},"geometry":{"type":"LineString","coordinates":[[21.403312157387926,47.12006499978978],[21.492253611016846,47.00424747311598]]}},{"type":"Feature","properties":{"name":"Other distance","stroke":"#229922","stroke-width":1.5},"geometry":{"type":"LineString","coordinates":[[17.56987087732468,46.25848259515205],[17.38600790085435,46.22704485509367]]}},{"type":"Feature","properties":{"name":"Other distance","stroke":"#229922","stroke-width":1.5},"geometry":{"type":"LineString","coordinates":[[17.56987087732468,46.25848259515205],[17.645153368777564,46.14016129063647]]}},{"type":"Feature","properties":{"name":"Other distance","stroke":"#229922","stroke-width":1.5},"geometry":{"type":"LineString","coordinates":[[17.56987087732468,46.25848259515205],[17.52137667236026,46.3878121871779]]}},{"type":"Feature","properties":{"name":"Destination","marker-size":"large","marker-color":"#009900","marker-symbol":"d","info":"46.25848259515205\n17.56987087732468\n14.528174000000002km (13.)","distance":14.528174000000002,"opposite-point":[17.724336861490904,46.183733151533794],"position":13},"geometry":{"type":"Point","coordinates":[17.56987087732468,46.25848259515205]}},{"type":"Feature","properties":{"name":"Distance","stroke":"#992222","stroke-width":2.5,"distance":14.528174000000002,"position":13},"geometry":{"type":"LineString","coordinates":[[17.56987087732468,46.25848259515205],[17.724336861490904,46.183733151533794]]}},{"type":"Feature","properties":{"name":"Other distance","stroke":"#229922","stroke-width":1.5},"geometry":{"type":"LineString","coordinates":[[21.007222074066288,47.50275101083875],[21.169473799536867,47.42874559205369]]}},{"type":"Feature","properties":{"name":"Other distance","stroke":"#229922","stroke-width":1.5},"geometry":{"type":"LineString","coordinates":[[21.007222074066288,47.50275101083875],[21.16460903748878,47.42931589739439]]}},{"type":"Feature","properties":{"name":"Other distance","stroke":"#229922","stroke-width":1.5},"geometry":{"type":"LineString","coordinates":[[21.007222074066288,47.50275101083875],[21.152231719024385,47.584086808036325]]}},{"type":"Feature","properties":{"name":"Other distance","stroke":"#229922","stroke-width":1.5},"geometry":{"type":"LineString","coordinates":[[21.007222074066288,47.50275101083875],[20.819481782663164,47.509119495262944]]}},{"type":"Feature","properties":{"name":"Destination","marker-size":"large","marker-color":"#009900","marker-symbol":"e","info":"47.50275101083875\n21.007222074066288\n14.186216km (14.)","distance":14.186216,"opposite-point":[21.157944769947658,47.42636881400624],"position":14},"geometry":{"type":"Point","coordinates":[21.007222074066288,47.50275101083875]}},{"type":"Feature","properties":{"name":"Distance","stroke":"#992222","stroke-width":2.5,"distance":14.186216,"position":14},"geometry":{"type":"LineString","coordinates":[[21.007222074066288,47.50275101083875],[21.157944769947658,47.42636881400624]]}},{"type":"Feature","properties":{"name":"Other distance","stroke":"#229922","stroke-width":1.5},"geometry":{"type":"LineString","coordinates":[[20.47372794730562,47.57662587082897],[20.427749732212032,47.69998441804361]]}},{"type":"Feature","properties":{"name":"Other distance","stroke":"#229922","stroke-width":1.5},"geometry":{"type":"LineString","coordinates":[[20.47372794730562,47.57662587082897],[20.288326142173272,47.59739308726344]]}},{"type":"Feature","properties":{"name":"Other distance","stroke":"#229922","stroke-width":1.5},"geometry":{"type":"LineString","coordinates":[[20.47372794730562,47.57662587082897],[20.2806177,47.59266700000001]]}},{"type":"Feature","properties":{"name":"Other distance","stroke":"#229922","stroke-width":1.5},"geometry":{"type":"LineString","coordinates":[[20.47372794730562,47.57662587082897],[20.280094,47.5919481]]}},{"type":"Feature","properties":{"name":"Other distance","stroke":"#229922","stroke-width":1.5},"geometry":{"type":"LineString","coordinates":[[20.47372794730562,47.57662587082897],[20.456500326622734,47.44597373419586]]}},{"type":"Feature","properties":{"name":"Other distance","stroke":"#229922","stroke-width":1.5},"geometry":{"type":"LineString","coordinates":[[20.47372794730562,47.57662587082897],[20.598994089549894,47.482080687484554]]}},{"type":"Feature","properties":{"name":"Destination","marker-size":"large","marker-color":"#009900","marker-symbol":"f","info":"47.57662587082897\n20.47372794730562\n14.078438km (15.)","distance":14.078438,"opposite-point":[20.2884239,47.59441749999999],"position":15},"geometry":{"type":"Point","coordinates":[20.47372794730562,47.57662587082897]}},{"type":"Feature","properties":{"name":"Distance","stroke":"#992222","stroke-width":2.5,"distance":14.078438,"position":15},"geometry":{"type":"LineString","coordinates":[[20.47372794730562,47.57662587082897],[20.2884239,47.59441749999999]]}},{"type":"Feature","properties":{"name":"Other distance","stroke":"#229922","stroke-width":1.5},"geometry":{"type":"LineString","coordinates":[[20.906425167386768,48.36216860058565],[21.09013636910259,48.32537178912947]]}},{"type":"Feature","properties":{"name":"Other distance","stroke":"#229922","stroke-width":1.5},"geometry":{"type":"LineString","coordinates":[[20.906425167386768,48.36216860058565],[20.72841939755157,48.40612907626536]]}},{"type":"Feature","properties":{"name":"Other distance","stroke":"#229922","stroke-width":1.5},"geometry":{"type":"LineString","coordinates":[[20.906425167386768,48.36216860058565],[20.743657,48.29633799999999]]}},{"type":"Feature","properties":{"name":"Other distance","stroke":"#229922","stroke-width":1.5},"geometry":{"type":"LineString","coordinates":[[20.906425167386768,48.36216860058565],[21.000274,48.2446174]]}},{"type":"Feature","properties":{"name":"Destination","marker-size":"large","marker-color":"#009900","marker-symbol":"g","info":"48.36216860058565\n20.906425167386768\n14.069105km (16.)","distance":14.069105,"opposite-point":[21.08553027289886,48.320323828603975],"position":16},"geometry":{"type":"Point","coordinates":[20.906425167386768,48.36216860058565]}},{"type":"Feature","properties":{"name":"Distance","stroke":"#992222","stroke-width":2.5,"distance":14.069105,"position":16},"geometry":{"type":"LineString","coordinates":[[20.906425167386768,48.36216860058565],[21.08553027289886,48.320323828603975]]}},{"type":"Feature","properties":{"name":"Other distance","stroke":"#229922","stroke-width":1.5},"geometry":{"type":"LineString","coordinates":[[20.743820998638878,47.75631793189121],[20.5715816,47.809701000000004]]}},{"type":"Feature","properties":{"name":"Other distance","stroke":"#229922","stroke-width":1.5},"geometry":{"type":"LineString","coordinates":[[20.743820998638878,47.75631793189121],[20.569313412344837,47.799981617828735]]}},{"type":"Feature","properties":{"name":"Other distance","stroke":"#229922","stroke-width":1.5},"geometry":{"type":"LineString","coordinates":[[20.743820998638878,47.75631793189121],[20.656154301819363,47.64480735441197]]}},{"type":"Feature","properties":{"name":"Other distance","stroke":"#229922","stroke-width":1.5},"geometry":{"type":"LineString","coordinates":[[20.743820998638878,47.75631793189121],[20.7461443,47.62366590000002]]}},{"type":"Feature","properties":{"name":"Other distance","stroke":"#229922","stroke-width":1.5},"geometry":{"type":"LineString","coordinates":[[20.743820998638878,47.75631793189121],[20.90443505324606,47.82137407198498]]}},{"type":"Feature","properties":{"name":"Other distance","stroke":"#229922","stroke-width":1.5},"geometry":{"type":"LineString","coordinates":[[20.743820998638878,47.75631793189121],[20.9064781,47.82110549999998]]}},{"type":"Feature","properties":{"name":"Destination","marker-size":"large","marker-color":"#009900","marker-symbol":"h","info":"47.75631793189121\n20.743820998638878\n13.966974km (17.)","distance":13.966974,"opposite-point":[20.902642820833215,47.82207723057355],"position":17},"geometry":{"type":"Point","coordinates":[20.743820998638878,47.75631793189121]}},{"type":"Feature","properties":{"name":"Distance","stroke":"#992222","stroke-width":2.5,"distance":13.966974,"position":17},"geometry":{"type":"LineString","coordinates":[[20.743820998638878,47.75631793189121],[20.902642820833215,47.82207723057355]]}},{"type":"Feature","properties":{"name":"Other distance","stroke":"#229922","stroke-width":1.5},"geometry":{"type":"LineString","coordinates":[[19.374970448021582,47.068801665267195],[19.2950190589531,46.956955320482]]}},{"type":"Feature","properties":{"name":"Other distance","stroke":"#229922","stroke-width":1.5},"geometry":{"type":"LineString","coordinates":[[19.374970448021582,47.068801665267195],[19.55808435540354,47.02573249810402]]}},{"type":"Feature","properties":{"name":"Other distance","stroke":"#229922","stroke-width":1.5},"geometry":{"type":"LineString","coordinates":[[19.374970448021582,47.068801665267195],[19.32279693559255,47.188298562351896]]}},{"type":"Feature","properties":{"name":"Other distance","stroke":"#229922","stroke-width":1.5},"geometry":{"type":"LineString","coordinates":[[19.374970448021582,47.068801665267195],[19.320042,47.18742]]}},{"type":"Feature","properties":{"name":"Destination","marker-size":"large","marker-color":"#009900","marker-symbol":"i","info":"47.068801665267195\n19.374970448021582\n13.88983km (18.)","distance":13.88983,"opposite-point":[19.549725,47.032146299999994],"position":18},"geometry":{"type":"Point","coordinates":[19.374970448021582,47.068801665267195]}},{"type":"Feature","properties":{"name":"Distance","stroke":"#992222","stroke-width":2.5,"distance":13.88983,"position":18},"geometry":{"type":"LineString","coordinates":[[19.374970448021582,47.068801665267195],[19.549725,47.032146299999994]]}},{"type":"Feature","properties":{"name":"Other distance","stroke":"#229922","stroke-width":1.5},"geometry":{"type":"LineString","coordinates":[[18.726901294344838,46.73310399592281],[18.550019978944565,46.75381932558782]]}},{"type":"Feature","properties":{"name":"Other distance","stroke":"#229922","stroke-width":1.5},"geometry":{"type":"LineString","coordinates":[[18.726901294344838,46.73310399592281],[18.655692564027696,46.62106812104657]]}},{"type":"Feature","properties":{"name":"Destination","marker-size":"large","marker-color":"#009900","marker-symbol":"j","info":"46.73310399592281\n18.726901294344838\n13.614612999999999km (19.)","distance":13.614612999999999,"opposite-point":[18.830866204064716,46.832596058212346],"position":19},"geometry":{"type":"Point","coordinates":[18.726901294344838,46.73310399592281]}},{"type":"Feature","properties":{"name":"Distance","stroke":"#992222","stroke-width":2.5,"distance":13.614612999999999,"position":19},"geometry":{"type":"LineString","coordinates":[[18.726901294344838,46.73310399592281],[18.830866204064716,46.832596058212346]]}},{"type":"Feature","properties":{"name":"Destination","marker-size":"large","marker-color":"#009900","marker-symbol":"k","info":"47.679933166000055\n22.215212036000082\n13.543547km (20.)","distance":13.543547,"opposite-point":[22.0375186541592,47.65914617333519],"position":20},"geometry":{"type":"Point","coordinates":[22.215212036000082,47.679933166000055]}},{"type":"Feature","properties":{"name":"Distance","stroke":"#992222","stroke-width":2.5,"distance":13.543547,"position":20},"geometry":{"type":"LineString","coordinates":[[22.215212036000082,47.679933166000055],[22.0375186541592,47.65914617333519]]}},{"type":"Feature","properties":{"name":"Other distance","stroke":"#229922","stroke-width":1.5},"geometry":{"type":"LineString","coordinates":[[19.21119052232428,46.73307467982794],[19.278733,46.62194399999999]]}},{"type":"Feature","properties":{"name":"Other distance","stroke":"#229922","stroke-width":1.5},"geometry":{"type":"LineString","coordinates":[[19.21119052232428,46.73307467982794],[19.349942625879624,46.80762013435188]]}},{"type":"Feature","properties":{"name":"Destination","marker-size":"large","marker-color":"#009900","marker-symbol":"l","info":"46.73307467982794\n19.21119052232428\n13.507504km (21.)","distance":13.507504,"opposite-point":[19.041957717251776,46.69820311906154],"position":21},"geometry":{"type":"Point","coordinates":[19.21119052232428,46.73307467982794]}},{"type":"Feature","properties":{"name":"Distance","stroke":"#992222","stroke-width":2.5,"distance":13.507504,"position":21},"geometry":{"type":"LineString","coordinates":[[19.21119052232428,46.73307467982794],[19.041957717251776,46.69820311906154]]}},{"type":"Feature","properties":{"name":"Other distance","stroke":"#229922","stroke-width":1.5},"geometry":{"type":"LineString","coordinates":[[20.445924574266243,46.95985113446115],[20.5536546,46.8637574]]}},{"type":"Feature","properties":{"name":"Other distance","stroke":"#229922","stroke-width":1.5},"geometry":{"type":"LineString","coordinates":[[20.445924574266243,46.95985113446115],[20.629508202533682,46.99990583392812]]}},{"type":"Feature","properties":{"name":"Other distance","stroke":"#229922","stroke-width":1.5},"geometry":{"type":"LineString","coordinates":[[20.445924574266243,46.95985113446115],[20.614258501290003,47.002966254094574]]}},{"type":"Feature","properties":{"name":"Other distance","stroke":"#229922","stroke-width":1.5},"geometry":{"type":"LineString","coordinates":[[20.445924574266243,46.95985113446115],[20.625877792624955,47.009623647282226]]}},{"type":"Feature","properties":{"name":"Other distance","stroke":"#229922","stroke-width":1.5},"geometry":{"type":"LineString","coordinates":[[20.445924574266243,46.95985113446115],[20.29000387302965,47.017373330039135]]}},{"type":"Feature","properties":{"name":"Other distance","stroke":"#229922","stroke-width":1.5},"geometry":{"type":"LineString","coordinates":[[20.445924574266243,46.95985113446115],[20.551606619273546,46.86296887594271]]}},{"type":"Feature","properties":{"name":"Destination","marker-size":"large","marker-color":"#009900","marker-symbol":"m","info":"46.95985113446115\n20.445924574266243\n13.485618km (22.)","distance":13.485618,"opposite-point":[20.611993477434115,47.00225156824177],"position":22},"geometry":{"type":"Point","coordinates":[20.445924574266243,46.95985113446115]}},{"type":"Feature","properties":{"name":"Distance","stroke":"#992222","stroke-width":2.5,"distance":13.485618,"position":22},"geometry":{"type":"LineString","coordinates":[[20.445924574266243,46.95985113446115],[20.611993477434115,47.00225156824177]]}},{"type":"Feature","properties":{"name":"Other distance","stroke":"#229922","stroke-width":1.5},"geometry":{"type":"LineString","coordinates":[[17.08361323992287,47.9060534472867],[17.19957490913188,47.99818425345753]]}},{"type":"Feature","properties":{"name":"Other distance","stroke":"#229922","stroke-width":1.5},"geometry":{"type":"LineString","coordinates":[[17.08361323992287,47.9060534472867],[17.142982286776306,47.78964346321873]]}},{"type":"Feature","properties":{"name":"Other distance","stroke":"#229922","stroke-width":1.5},"geometry":{"type":"LineString","coordinates":[[17.08361323992287,47.9060534472867],[17.254835954090023,47.86876400338597]]}},{"type":"Feature","properties":{"name":"Other distance","stroke":"#229922","stroke-width":1.5},"geometry":{"type":"LineString","coordinates":[[17.08361323992287,47.9060534472867],[17.2571262,47.87649709999999]]}},{"type":"Feature","properties":{"name":"Other distance","stroke":"#229922","stroke-width":1.5},"geometry":{"type":"LineString","coordinates":[[17.08361323992287,47.9060534472867],[17.2625946,47.877068]]}},{"type":"Feature","properties":{"name":"Other distance","stroke":"#229922","stroke-width":1.5},"geometry":{"type":"LineString","coordinates":[[17.08361323992287,47.9060534472867],[17.2711259,47.8848457]]}},{"type":"Feature","properties":{"name":"Destination","marker-size":"large","marker-color":"#009900","marker-symbol":"n","info":"47.9060534472867\n17.08361323992287\n13.343241km (23.)","distance":13.343241,"opposite-point":[17.257451573870316,47.878996164041865],"position":23},"geometry":{"type":"Point","coordinates":[17.08361323992287,47.9060534472867]}},{"type":"Feature","properties":{"name":"Distance","stroke":"#992222","stroke-width":2.5,"distance":13.343241,"position":23},"geometry":{"type":"LineString","coordinates":[[17.08361323992287,47.9060534472867],[17.257451573870316,47.878996164041865]]}},{"type":"Feature","properties":{"name":"Other distance","stroke":"#229922","stroke-width":1.5},"geometry":{"type":"LineString","coordinates":[[18.10315614915457,45.77475098575367],[17.985126377104464,45.860486976084665]]}},{"type":"Feature","properties":{"name":"Other distance","stroke":"#229922","stroke-width":1.5},"geometry":{"type":"LineString","coordinates":[[18.10315614915457,45.77475098575367],[18.245077057358895,45.85122596149568]]}},{"type":"Feature","properties":{"name":"Destination","marker-size":"large","marker-color":"#009900","marker-symbol":"o","info":"45.77475098575367\n18.10315614915457\n13.268782999999999km (24.)","distance":13.268782999999999,"opposite-point":[18.2345472,45.8509718],"position":24},"geometry":{"type":"Point","coordinates":[18.10315614915457,45.77475098575367]}},{"type":"Feature","properties":{"name":"Distance","stroke":"#992222","stroke-width":2.5,"distance":13.268782999999999,"position":24},"geometry":{"type":"LineString","coordinates":[[18.10315614915457,45.77475098575367],[18.2345472,45.8509718]]}},{"type":"Feature","properties":{"name":"Other distance","stroke":"#229922","stroke-width":1.5},"geometry":{"type":"LineString","coordinates":[[17.657052157832887,46.46190448080053],[17.52137667236026,46.3878121871779]]}},{"type":"Feature","properties":{"name":"Other distance","stroke":"#229922","stroke-width":1.5},"geometry":{"type":"LineString","coordinates":[[17.657052157832887,46.46190448080053],[17.7804491,46.3647161]]}},{"type":"Feature","properties":{"name":"Other distance","stroke":"#229922","stroke-width":1.5},"geometry":{"type":"LineString","coordinates":[[17.657052157832887,46.46190448080053],[17.78522192243362,46.364883805230605]]}},{"type":"Feature","properties":{"name":"Other distance","stroke":"#229922","stroke-width":1.5},"geometry":{"type":"LineString","coordinates":[[17.657052157832887,46.46190448080053],[17.7878243,46.3654467]]}},{"type":"Feature","properties":{"name":"Other distance","stroke":"#229922","stroke-width":1.5},"geometry":{"type":"LineString","coordinates":[[17.657052157832887,46.46190448080053],[17.649781580624357,46.580130325364536]]}},{"type":"Feature","properties":{"name":"Destination","marker-size":"large","marker-color":"#009900","marker-symbol":"p","info":"46.46190448080053\n17.657052157832887\n13.265396km (25.)","distance":13.265396,"opposite-point":[17.779932918108514,46.378122496493766],"position":25},"geometry":{"type":"Point","coordinates":[17.657052157832887,46.46190448080053]}},{"type":"Feature","properties":{"name":"Distance","stroke":"#992222","stroke-width":2.5,"distance":13.265396,"position":25},"geometry":{"type":"LineString","coordinates":[[17.657052157832887,46.46190448080053],[17.779932918108514,46.378122496493766]]}},{"type":"Feature","properties":{"name":"Destination","marker-size":"large","marker-color":"#009900","marker-symbol":"q","info":"47.1457538860001\n16.43365279200009\n13.179018km (26.)","distance":13.179018,"opposite-point":[16.537938076609244,47.24061914821842],"position":26},"geometry":{"type":"Point","coordinates":[16.43365279200009,47.1457538860001]}},{"type":"Feature","properties":{"name":"Distance","stroke":"#992222","stroke-width":2.5,"distance":13.179018,"position":26},"geometry":{"type":"LineString","coordinates":[[16.43365279200009,47.1457538860001],[16.537938076609244,47.24061914821842]]}},{"type":"Feature","properties":{"name":"Other distance","stroke":"#229922","stroke-width":1.5},"geometry":{"type":"LineString","coordinates":[[21.264997026549505,46.40810550359606],[21.2521549,46.528477]]}},{"type":"Feature","properties":{"name":"Other distance","stroke":"#229922","stroke-width":1.5},"geometry":{"type":"LineString","coordinates":[[21.264997026549505,46.40810550359606],[21.249602632370568,46.53053222328804]]}},{"type":"Feature","properties":{"name":"Other distance","stroke":"#229922","stroke-width":1.5},"geometry":{"type":"LineString","coordinates":[[21.264997026549505,46.40810550359606],[21.11754498779491,46.46977034741966]]}},{"type":"Feature","properties":{"name":"Destination","marker-size":"large","marker-color":"#009900","marker-symbol":"r","info":"46.40810550359606\n21.264997026549505\n13.086476000000001km (27.)","distance":13.086476000000001,"opposite-point":[21.251081604148585,46.525438209533064],"position":27},"geometry":{"type":"Point","coordinates":[21.264997026549505,46.40810550359606]}},{"type":"Feature","properties":{"name":"Distance","stroke":"#992222","stroke-width":2.5,"distance":13.086476000000001,"position":27},"geometry":{"type":"LineString","coordinates":[[21.264997026549505,46.40810550359606],[21.251081604148585,46.525438209533064]]}},{"type":"Feature","properties":{"name":"Other distance","stroke":"#229922","stroke-width":1.5},"geometry":{"type":"LineString","coordinates":[[18.383050136476083,46.729904037755496],[18.2901194,46.62700250000001]]}},{"type":"Feature","properties":{"name":"Other distance","stroke":"#229922","stroke-width":1.5},"geometry":{"type":"LineString","coordinates":[[18.383050136476083,46.729904037755496],[18.335757453232706,46.84139139819558]]}},{"type":"Feature","properties":{"name":"Other distance","stroke":"#229922","stroke-width":1.5},"geometry":{"type":"LineString","coordinates":[[18.383050136476083,46.729904037755496],[18.282308804435875,46.63625215726771]]}},{"type":"Feature","properties":{"name":"Destination","marker-size":"large","marker-color":"#009900","marker-symbol":"s","info":"46.729904037755496\n18.383050136476083\n13.034101km (28.)","distance":13.034101,"opposite-point":[18.550019978944565,46.75381932558782],"position":28},"geometry":{"type":"Point","coordinates":[18.383050136476083,46.729904037755496]}},{"type":"Feature","properties":{"name":"Distance","stroke":"#992222","stroke-width":2.5,"distance":13.034101,"position":28},"geometry":{"type":"LineString","coordinates":[[18.383050136476083,46.729904037755496],[18.550019978944565,46.75381932558782]]}},{"type":"Feature","properties":{"name":"Other distance","stroke":"#229922","stroke-width":1.5},"geometry":{"type":"LineString","coordinates":[[18.63026202470207,47.36576316287918],[18.63574191993878,47.491255782232344]]}},{"type":"Feature","properties":{"name":"Other distance","stroke":"#229922","stroke-width":1.5},"geometry":{"type":"LineString","coordinates":[[18.63026202470207,47.36576316287918],[18.460687399455704,47.386190338189444]]}},{"type":"Feature","properties":{"name":"Other distance","stroke":"#229922","stroke-width":1.5},"geometry":{"type":"LineString","coordinates":[[18.63026202470207,47.36576316287918],[18.786652396470835,47.31672682891134]]}},{"type":"Feature","properties":{"name":"Destination","marker-size":"large","marker-color":"#009900","marker-symbol":"t","info":"47.36576316287918\n18.63026202470207\n13.008937km (29.)","distance":13.008937,"opposite-point":[18.7528484,47.44801529999999],"position":29},"geometry":{"type":"Point","coordinates":[18.63026202470207,47.36576316287918]}},{"type":"Feature","properties":{"name":"Distance","stroke":"#992222","stroke-width":2.5,"distance":13.008937,"position":29},"geometry":{"type":"LineString","coordinates":[[18.63026202470207,47.36576316287918],[18.7528484,47.44801529999999]]}},{"type":"Feature","properties":{"name":"Other distance","stroke":"#229922","stroke-width":1.5},"geometry":{"type":"LineString","coordinates":[[16.863298433401862,47.47320317927813],[16.758167572024817,47.379762271082775]]}},{"type":"Feature","properties":{"name":"Other distance","stroke":"#229922","stroke-width":1.5},"geometry":{"type":"LineString","coordinates":[[16.863298433401862,47.47320317927813],[16.76941056160069,47.374967610467735]]}},{"type":"Feature","properties":{"name":"Other distance","stroke":"#229922","stroke-width":1.5},"geometry":{"type":"LineString","coordinates":[[16.863298433401862,47.47320317927813],[17.015661107414246,47.418933976779456]]}},{"type":"Feature","properties":{"name":"Other distance","stroke":"#229922","stroke-width":1.5},"geometry":{"type":"LineString","coordinates":[[16.863298433401862,47.47320317927813],[16.8747103,47.5899066]]}},{"type":"Feature","properties":{"name":"Destination","marker-size":"large","marker-color":"#009900","marker-symbol":"u","info":"47.47320317927813\n16.863298433401862\n12.996031km (30.)","distance":12.996031,"opposite-point":[16.770241170365622,47.374838936151725],"position":30},"geometry":{"type":"Point","coordinates":[16.863298433401862,47.47320317927813]}},{"type":"Feature","properties":{"name":"Distance","stroke":"#992222","stroke-width":2.5,"distance":12.996031,"position":30},"geometry":{"type":"LineString","coordinates":[[16.863298433401862,47.47320317927813],[16.770241170365622,47.374838936151725]]}},{"type":"Feature","properties":{"name":"Other distance","stroke":"#229922","stroke-width":1.5},"geometry":{"type":"LineString","coordinates":[[20.563569795232336,47.11889754928478],[20.625877792624955,47.009623647282226]]}},{"type":"Feature","properties":{"name":"Other distance","stroke":"#229922","stroke-width":1.5},"geometry":{"type":"LineString","coordinates":[[20.563569795232336,47.11889754928478],[20.7341301,47.1100199]]}},{"type":"Feature","properties":{"name":"Other distance","stroke":"#229922","stroke-width":1.5},"geometry":{"type":"LineString","coordinates":[[20.563569795232336,47.11889754928478],[20.417919562979478,47.1798992227453]]}},{"type":"Feature","properties":{"name":"Other distance","stroke":"#229922","stroke-width":1.5},"geometry":{"type":"LineString","coordinates":[[20.563569795232336,47.11889754928478],[20.4173477,47.179913799999994]]}},{"type":"Feature","properties":{"name":"Other distance","stroke":"#229922","stroke-width":1.5},"geometry":{"type":"LineString","coordinates":[[20.563569795232336,47.11889754928478],[20.4058391,47.17769070000001]]}},{"type":"Feature","properties":{"name":"Other distance","stroke":"#229922","stroke-width":1.5},"geometry":{"type":"LineString","coordinates":[[20.563569795232336,47.11889754928478],[20.402480987111737,47.17684312419146]]}},{"type":"Feature","properties":{"name":"Other distance","stroke":"#229922","stroke-width":1.5},"geometry":{"type":"LineString","coordinates":[[20.563569795232336,47.11889754928478],[20.377458752931854,47.137785765922594]]}},{"type":"Feature","properties":{"name":"Destination","marker-size":"large","marker-color":"#009900","marker-symbol":"v","info":"47.11889754928478\n20.563569795232336\n12.965679km (31.)","distance":12.965679,"opposite-point":[20.411650658274045,47.172363358695065],"position":31},"geometry":{"type":"Point","coordinates":[20.563569795232336,47.11889754928478]}},{"type":"Feature","properties":{"name":"Distance","stroke":"#992222","stroke-width":2.5,"distance":12.965679,"position":31},"geometry":{"type":"LineString","coordinates":[[20.563569795232336,47.11889754928478],[20.411650658274045,47.172363358695065]]}},{"type":"Feature","properties":{"name":"Destination","marker-size":"large","marker-color":"#009900","marker-symbol":"w","info":"47.00607249000005\n21.66175744600011\n12.892136km (32.)","distance":12.892136,"opposite-point":[21.492253611016846,47.00424747311598],"position":32},"geometry":{"type":"Point","coordinates":[21.66175744600011,47.00607249000005]}},{"type":"Feature","properties":{"name":"Distance","stroke":"#992222","stroke-width":2.5,"distance":12.892136,"position":32},"geometry":{"type":"LineString","coordinates":[[21.66175744600011,47.00607249000005],[21.492253611016846,47.00424747311598]]}},{"type":"Feature","properties":{"name":"Other distance","stroke":"#229922","stroke-width":1.5},"geometry":{"type":"LineString","coordinates":[[17.00007222578353,47.090618398300805],[17.163330185783156,47.12118670088906]]}},{"type":"Feature","properties":{"name":"Other distance","stroke":"#229922","stroke-width":1.5},"geometry":{"type":"LineString","coordinates":[[17.00007222578353,47.090618398300805],[16.86946878512957,47.1639105879607]]}},{"type":"Feature","properties":{"name":"Destination","marker-size":"large","marker-color":"#009900","marker-symbol":"x","info":"47.090618398300805\n17.00007222578353\n12.803117km (33.)","distance":12.803117,"opposite-point":[17.027363217373495,46.976974523768554],"position":33},"geometry":{"type":"Point","coordinates":[17.00007222578353,47.090618398300805]}},{"type":"Feature","properties":{"name":"Distance","stroke":"#992222","stroke-width":2.5,"distance":12.803117,"position":33},"geometry":{"type":"LineString","coordinates":[[17.00007222578353,47.090618398300805],[17.027363217373495,46.976974523768554]]}},{"type":"Feature","properties":{"name":"Other distance","stroke":"#229922","stroke-width":1.5},"geometry":{"type":"LineString","coordinates":[[21.39546363145986,48.55514480284581],[21.229131181623355,48.503476877831986]]}},{"type":"Feature","properties":{"name":"Other distance","stroke":"#229922","stroke-width":1.5},"geometry":{"type":"LineString","coordinates":[[21.39546363145986,48.55514480284581],[21.27750299673838,48.47218619769542]]}},{"type":"Feature","properties":{"name":"Destination","marker-size":"large","marker-color":"#009900","marker-symbol":"y","info":"48.55514480284581\n21.39546363145986\n12.693486km (34.)","distance":12.693486,"opposite-point":[21.512286386023312,48.47144493560456],"position":34},"geometry":{"type":"Point","coordinates":[21.39546363145986,48.55514480284581]}},{"type":"Feature","properties":{"name":"Distance","stroke":"#992222","stroke-width":2.5,"distance":12.693486,"position":34},"geometry":{"type":"LineString","coordinates":[[21.39546363145986,48.55514480284581],[21.512286386023312,48.47144493560456]]}},{"type":"Feature","properties":{"name":"Other distance","stroke":"#229922","stroke-width":1.5},"geometry":{"type":"LineString","coordinates":[[20.432683742619215,46.78350075495387],[20.4563776,46.6712715]]}},{"type":"Feature","properties":{"name":"Other distance","stroke":"#229922","stroke-width":1.5},"geometry":{"type":"LineString","coordinates":[[20.432683742619215,46.78350075495387],[20.551606619273546,46.86296887594271]]}},{"type":"Feature","properties":{"name":"Other distance","stroke":"#229922","stroke-width":1.5},"geometry":{"type":"LineString","coordinates":[[20.432683742619215,46.78350075495387],[20.287519493856447,46.841646684827474]]}},{"type":"Feature","properties":{"name":"Other distance","stroke":"#229922","stroke-width":1.5},"geometry":{"type":"LineString","coordinates":[[20.432683742619215,46.78350075495387],[20.283879738359545,46.839899461109866]]}},{"type":"Feature","properties":{"name":"Destination","marker-size":"large","marker-color":"#009900","marker-symbol":"z","info":"46.78350075495387\n20.432683742619215\n12.692797km (35.)","distance":12.692797,"opposite-point":[20.290064098078524,46.84223102610568],"position":35},"geometry":{"type":"Point","coordinates":[20.432683742619215,46.78350075495387]}},{"type":"Feature","properties":{"name":"Distance","stroke":"#992222","stroke-width":2.5,"distance":12.692797,"position":35},"geometry":{"type":"LineString","coordinates":[[20.432683742619215,46.78350075495387],[20.290064098078524,46.84223102610568]]}},{"type":"Feature","properties":{"name":"Other distance","stroke":"#229922","stroke-width":1.5},"geometry":{"type":"LineString","coordinates":[[17.967655562048893,46.402861351582146],[17.808590560978182,46.36663453085446]]}},{"type":"Feature","properties":{"name":"Other distance","stroke":"#229922","stroke-width":1.5},"geometry":{"type":"LineString","coordinates":[[17.967655562048893,46.402861351582146],[17.809875,46.366028000000014]]}},{"type":"Feature","properties":{"name":"Other distance","stroke":"#229922","stroke-width":1.5},"geometry":{"type":"LineString","coordinates":[[17.967655562048893,46.402861351582146],[18.130320130324,46.377702162848514]]}},{"type":"Feature","properties":{"name":"Other distance","stroke":"#229922","stroke-width":1.5},"geometry":{"type":"LineString","coordinates":[[17.967655562048893,46.402861351582146],[18.132045702180182,46.380269381080794]]}},{"type":"Feature","properties":{"name":"Other distance","stroke":"#229922","stroke-width":1.5},"geometry":{"type":"LineString","coordinates":[[17.967655562048893,46.402861351582146],[18.137634910023166,46.38676086184764]]}},{"type":"Feature","properties":{"name":"Other distance","stroke":"#229922","stroke-width":1.5},"geometry":{"type":"LineString","coordinates":[[17.967655562048893,46.402861351582146],[18.143721513656384,46.38756310159029]]}},{"type":"Feature","properties":{"name":"Destination","marker-size":"large","marker-color":"#009900","marker-symbol":"cross","info":"46.402861351582146\n17.967655562048893\n12.618652km (36.)","distance":12.618652,"opposite-point":[18.00188460776537,46.513886972094916],"position":36},"geometry":{"type":"Point","coordinates":[17.967655562048893,46.402861351582146]}},{"type":"Feature","properties":{"name":"Distance","stroke":"#992222","stroke-width":2.5,"distance":12.618652,"position":36},"geometry":{"type":"LineString","coordinates":[[17.967655562048893,46.402861351582146],[18.00188460776537,46.513886972094916]]}},{"type":"Feature","properties":{"name":"Other distance","stroke":"#229922","stroke-width":1.5},"geometry":{"type":"LineString","coordinates":[[17.88873178007694,46.19228728777854],[17.724336861490904,46.183733151533794]]}},{"type":"Feature","properties":{"name":"Other distance","stroke":"#229922","stroke-width":1.5},"geometry":{"type":"LineString","coordinates":[[17.88873178007694,46.19228728777854],[17.9911219110147,46.104409652522264]]}},{"type":"Feature","properties":{"name":"Destination","marker-size":"large","marker-color":"#009900","marker-symbol":"cross","info":"46.19228728777854\n17.88873178007694\n12.587757km (37.)","distance":12.587757,"opposite-point":[18.003819915344824,46.27257110514419],"position":37},"geometry":{"type":"Point","coordinates":[17.88873178007694,46.19228728777854]}},{"type":"Feature","properties":{"name":"Distance","stroke":"#992222","stroke-width":2.5,"distance":12.587757,"position":37},"geometry":{"type":"LineString","coordinates":[[17.88873178007694,46.19228728777854],[18.003819915344824,46.27257110514419]]}},{"type":"Feature","properties":{"name":"Other distance","stroke":"#229922","stroke-width":1.5},"geometry":{"type":"LineString","coordinates":[[19.579311064805907,46.52762061496635],[19.47522270158011,46.440363777370024]]}},{"type":"Feature","properties":{"name":"Other distance","stroke":"#229922","stroke-width":1.5},"geometry":{"type":"LineString","coordinates":[[19.579311064805907,46.52762061496635],[19.4861502,46.435106600000005]]}},{"type":"Feature","properties":{"name":"Other distance","stroke":"#229922","stroke-width":1.5},"geometry":{"type":"LineString","coordinates":[[19.579311064805907,46.52762061496635],[19.735691955332697,46.4920719105623]]}},{"type":"Feature","properties":{"name":"Other distance","stroke":"#229922","stroke-width":1.5},"geometry":{"type":"LineString","coordinates":[[19.579311064805907,46.52762061496635],[19.737467420348498,46.49548504475408]]}},{"type":"Feature","properties":{"name":"Other distance","stroke":"#229922","stroke-width":1.5},"geometry":{"type":"LineString","coordinates":[[19.579311064805907,46.52762061496635],[19.7383623,46.49684659999999]]}},{"type":"Feature","properties":{"name":"Destination","marker-size":"large","marker-color":"#009900","marker-symbol":"cross","info":"46.52762061496635\n19.579311064805907\n12.537979km (38.)","distance":12.537979,"opposite-point":[19.472938218080923,46.61329323894837],"position":38},"geometry":{"type":"Point","coordinates":[19.579311064805907,46.52762061496635]}},{"type":"Feature","properties":{"name":"Distance","stroke":"#992222","stroke-width":2.5,"distance":12.537979,"position":38},"geometry":{"type":"LineString","coordinates":[[19.579311064805907,46.52762061496635],[19.472938218080923,46.61329323894837]]}},{"type":"Feature","properties":{"name":"Other distance","stroke":"#229922","stroke-width":1.5},"geometry":{"type":"LineString","coordinates":[[17.87182870548668,47.5574788920866],[17.70663353502883,47.566500960729435]]}},{"type":"Feature","properties":{"name":"Other distance","stroke":"#229922","stroke-width":1.5},"geometry":{"type":"LineString","coordinates":[[17.87182870548668,47.5574788920866],[18.019221980960484,47.50595605146314]]}},{"type":"Feature","properties":{"name":"Destination","marker-size":"large","marker-color":"#009900","marker-symbol":"cross","info":"47.5574788920866\n17.87182870548668\n12.502142km (39.)","distance":12.502142,"opposite-point":[17.9783372456785,47.643820283173056],"position":39},"geometry":{"type":"Point","coordinates":[17.87182870548668,47.5574788920866]}},{"type":"Feature","properties":{"name":"Distance","stroke":"#992222","stroke-width":2.5,"distance":12.502142,"position":39},"geometry":{"type":"LineString","coordinates":[[17.87182870548668,47.5574788920866],[17.9783372456785,47.643820283173056]]}},{"type":"Feature","properties":{"name":"Other distance","stroke":"#229922","stroke-width":1.5},"geometry":{"type":"LineString","coordinates":[[21.394777214949382,48.38995823897974],[21.512286386023312,48.47144493560456]]}},{"type":"Feature","properties":{"name":"Other distance","stroke":"#229922","stroke-width":1.5},"geometry":{"type":"LineString","coordinates":[[21.394777214949382,48.38995823897974],[21.27750299673838,48.47218619769542]]}},{"type":"Feature","properties":{"name":"Other distance","stroke":"#229922","stroke-width":1.5},"geometry":{"type":"LineString","coordinates":[[21.394777214949382,48.38995823897974],[21.44969932080767,48.28211349746819]]}},{"type":"Feature","properties":{"name":"Destination","marker-size":"large","marker-color":"#009900","marker-symbol":"cross","info":"48.38995823897974\n21.394777214949382\n12.439872km (40.)","distance":12.439872,"opposite-point":[21.231098599313214,48.41519377259998],"position":40},"geometry":{"type":"Point","coordinates":[21.394777214949382,48.38995823897974]}},{"type":"Feature","properties":{"name":"Distance","stroke":"#992222","stroke-width":2.5,"distance":12.439872,"position":40},"geometry":{"type":"LineString","coordinates":[[21.394777214949382,48.38995823897974],[21.231098599313214,48.41519377259998]]}}]}